
C:/Users/lenovo/pico/hello_world/ingenious_waasa_turing_machine_v1/Ingenious_Waasa_Turing_Machine_v1.0/build/Ingenious_Waasa_Turing_Machine_v1.0.elf:     file format elf32-littlearm

Sections:
Idx Name          Size      VMA       LMA       File off  Algn
  0 .boot2        00000100  10000000  10000000  00001000  2**0
                  CONTENTS, ALLOC, LOAD, READONLY, CODE
  1 .text         0000680c  10000100  10000100  00001100  2**3
                  CONTENTS, ALLOC, LOAD, READONLY, CODE
  2 .rodata       00000654  10006910  10006910  00007910  2**3
                  CONTENTS, ALLOC, LOAD, READONLY, DATA
  3 .binary_info  00000020  10006f64  10006f64  00007f64  2**2
                  CONTENTS, ALLOC, LOAD, READONLY, DATA
  4 .ram_vector_table 000000c0  20000000  20000000  0000a000  2**2
                  ALLOC
  5 .uninitialized_data 00000000  200000c0  200000c0  00009060  2**0
                  CONTENTS
  6 .data         00000fa0  200000c0  10006f84  000080c0  2**4
                  CONTENTS, ALLOC, LOAD, READONLY, CODE
  7 .tdata        00000000  20001060  20001060  00009060  2**0
                  CONTENTS, ALLOC, LOAD, DATA, THREAD_LOCAL
  8 .tbss         00000000  20001060  20001060  00000000  2**0
                  ALLOC, THREAD_LOCAL
  9 .bss          0000106c  20001060  10007f24  00009060  2**3
                  ALLOC
 10 .heap         0003df34  200020cc  10007f24  000090cc  2**2
                  ALLOC, READONLY
 11 .scratch_x    00000000  20040000  20040000  00009060  2**0
                  CONTENTS
 12 .scratch_y    00000000  20041000  20041000  00009060  2**0
                  CONTENTS
 13 .stack_dummy  00000800  20041000  20041000  00009060  2**5
                  CONTENTS, READONLY
 14 .ARM.attributes 00000028  00000000  00000000  00009860  2**0
                  CONTENTS, READONLY
 15 .comment      00000044  00000000  00000000  00009888  2**0
                  CONTENTS, READONLY
 16 .debug_info   0002f397  00000000  00000000  000098cc  2**0
                  CONTENTS, READONLY, DEBUGGING, OCTETS
 17 .debug_abbrev 000087a1  00000000  00000000  00038c63  2**0
                  CONTENTS, READONLY, DEBUGGING, OCTETS
 18 .debug_loclists 000193e0  00000000  00000000  00041404  2**0
                  CONTENTS, READONLY, DEBUGGING, OCTETS
 19 .debug_aranges 00001628  00000000  00000000  0005a7e8  2**3
                  CONTENTS, READONLY, DEBUGGING, OCTETS
 20 .debug_rnglists 000042d2  00000000  00000000  0005be10  2**0
                  CONTENTS, READONLY, DEBUGGING, OCTETS
 21 .debug_line   00023458  00000000  00000000  000600e2  2**0
                  CONTENTS, READONLY, DEBUGGING, OCTETS
 22 .debug_str    000084e3  00000000  00000000  0008353a  2**0
                  CONTENTS, READONLY, DEBUGGING, OCTETS
 23 .debug_frame  00002dcc  00000000  00000000  0008ba20  2**2
                  CONTENTS, READONLY, DEBUGGING, OCTETS
 24 .debug_line_str 000003a5  00000000  00000000  0008e7ec  2**0
                  CONTENTS, READONLY, DEBUGGING, OCTETS

C:/Users/lenovo/pico/hello_world/ingenious_waasa_turing_machine_v1/Ingenious_Waasa_Turing_Machine_v1.0/build/Ingenious_Waasa_Turing_Machine_v1.0.elf:     file format elf32-littlearm


Disassembly of section .boot2:

10000000 <__boot2_start__>:
10000000:	4b32b500 	.word	0x4b32b500
10000004:	60582021 	.word	0x60582021
10000008:	21026898 	.word	0x21026898
1000000c:	60984388 	.word	0x60984388
10000010:	611860d8 	.word	0x611860d8
10000014:	4b2e6158 	.word	0x4b2e6158
10000018:	60992100 	.word	0x60992100
1000001c:	61592102 	.word	0x61592102
10000020:	22f02101 	.word	0x22f02101
10000024:	492b5099 	.word	0x492b5099
10000028:	21016019 	.word	0x21016019
1000002c:	20356099 	.word	0x20356099
10000030:	f844f000 	.word	0xf844f000
10000034:	42902202 	.word	0x42902202
10000038:	2106d014 	.word	0x2106d014
1000003c:	f0006619 	.word	0xf0006619
10000040:	6e19f834 	.word	0x6e19f834
10000044:	66192101 	.word	0x66192101
10000048:	66182000 	.word	0x66182000
1000004c:	f000661a 	.word	0xf000661a
10000050:	6e19f82c 	.word	0x6e19f82c
10000054:	6e196e19 	.word	0x6e196e19
10000058:	f0002005 	.word	0xf0002005
1000005c:	2101f82f 	.word	0x2101f82f
10000060:	d1f94208 	.word	0xd1f94208
10000064:	60992100 	.word	0x60992100
10000068:	6019491b 	.word	0x6019491b
1000006c:	60592100 	.word	0x60592100
10000070:	481b491a 	.word	0x481b491a
10000074:	21016001 	.word	0x21016001
10000078:	21eb6099 	.word	0x21eb6099
1000007c:	21a06619 	.word	0x21a06619
10000080:	f0006619 	.word	0xf0006619
10000084:	2100f812 	.word	0x2100f812
10000088:	49166099 	.word	0x49166099
1000008c:	60014814 	.word	0x60014814
10000090:	60992101 	.word	0x60992101
10000094:	2800bc01 	.word	0x2800bc01
10000098:	4700d000 	.word	0x4700d000
1000009c:	49134812 	.word	0x49134812
100000a0:	c8036008 	.word	0xc8036008
100000a4:	8808f380 	.word	0x8808f380
100000a8:	b5034708 	.word	0xb5034708
100000ac:	20046a99 	.word	0x20046a99
100000b0:	d0fb4201 	.word	0xd0fb4201
100000b4:	42012001 	.word	0x42012001
100000b8:	bd03d1f8 	.word	0xbd03d1f8
100000bc:	6618b502 	.word	0x6618b502
100000c0:	f7ff6618 	.word	0xf7ff6618
100000c4:	6e18fff2 	.word	0x6e18fff2
100000c8:	bd026e18 	.word	0xbd026e18
100000cc:	40020000 	.word	0x40020000
100000d0:	18000000 	.word	0x18000000
100000d4:	00070000 	.word	0x00070000
100000d8:	005f0300 	.word	0x005f0300
100000dc:	00002221 	.word	0x00002221
100000e0:	180000f4 	.word	0x180000f4
100000e4:	a0002022 	.word	0xa0002022
100000e8:	10000100 	.word	0x10000100
100000ec:	e000ed08 	.word	0xe000ed08
	...
100000fc:	7a4eb274 	.word	0x7a4eb274

Disassembly of section .text:

10000100 <__VECTOR_TABLE>:
10000100:	20042000 	.word	0x20042000
10000104:	100001f7 	.word	0x100001f7
10000108:	100001c3 	.word	0x100001c3
1000010c:	100001c5 	.word	0x100001c5
10000110:	100001c1 	.word	0x100001c1
10000114:	100001c1 	.word	0x100001c1
10000118:	100001c1 	.word	0x100001c1
1000011c:	100001c1 	.word	0x100001c1
10000120:	100001c1 	.word	0x100001c1
10000124:	100001c1 	.word	0x100001c1
10000128:	100001c1 	.word	0x100001c1
1000012c:	100001c7 	.word	0x100001c7
10000130:	100001c1 	.word	0x100001c1
10000134:	100001c1 	.word	0x100001c1
10000138:	100001c9 	.word	0x100001c9
1000013c:	100001cb 	.word	0x100001cb
10000140:	100001cd 	.word	0x100001cd
10000144:	100001cd 	.word	0x100001cd
10000148:	100001cd 	.word	0x100001cd
1000014c:	100001cd 	.word	0x100001cd
10000150:	100001cd 	.word	0x100001cd
10000154:	100001cd 	.word	0x100001cd
10000158:	100001cd 	.word	0x100001cd
1000015c:	100001cd 	.word	0x100001cd
10000160:	100001cd 	.word	0x100001cd
10000164:	100001cd 	.word	0x100001cd
10000168:	100001cd 	.word	0x100001cd
1000016c:	100001cd 	.word	0x100001cd
10000170:	100001cd 	.word	0x100001cd
10000174:	100001cd 	.word	0x100001cd
10000178:	100001cd 	.word	0x100001cd
1000017c:	100001cd 	.word	0x100001cd
10000180:	100001cd 	.word	0x100001cd
10000184:	100001cd 	.word	0x100001cd
10000188:	100001cd 	.word	0x100001cd
1000018c:	100001cd 	.word	0x100001cd
10000190:	100001cd 	.word	0x100001cd
10000194:	100001cd 	.word	0x100001cd
10000198:	100001cd 	.word	0x100001cd
1000019c:	100001cd 	.word	0x100001cd
100001a0:	100001cd 	.word	0x100001cd
100001a4:	100001cd 	.word	0x100001cd
100001a8:	100001cd 	.word	0x100001cd
100001ac:	100001cd 	.word	0x100001cd
100001b0:	100001cd 	.word	0x100001cd
100001b4:	100001cd 	.word	0x100001cd
100001b8:	100001cd 	.word	0x100001cd
100001bc:	100001cd 	.word	0x100001cd

100001c0 <isr_invalid>:
100001c0:	be00      	bkpt	0x0000

100001c2 <isr_nmi>:
100001c2:	be00      	bkpt	0x0000

100001c4 <isr_hardfault>:
100001c4:	be00      	bkpt	0x0000

100001c6 <isr_svcall>:
100001c6:	be00      	bkpt	0x0000

100001c8 <isr_pendsv>:
100001c8:	be00      	bkpt	0x0000

100001ca <isr_systick>:
100001ca:	be00      	bkpt	0x0000

100001cc <__unhandled_user_irq>:
100001cc:	f3ef 8005 	mrs	r0, IPSR
100001d0:	3810      	subs	r0, #16

100001d2 <unhandled_user_irq_num_in_r0>:
100001d2:	be00      	bkpt	0x0000

100001d4 <binary_info_header>:
100001d4:	7188ebf2 	.word	0x7188ebf2
100001d8:	10006f64 	.word	0x10006f64
100001dc:	10006f84 	.word	0x10006f84
100001e0:	10000238 	.word	0x10000238
100001e4:	e71aa390 	.word	0xe71aa390

100001e8 <_entry_point>:
100001e8:	481e      	ldr	r0, [pc, #120]	@ (10000264 <data_cpy_table+0x2c>)

100001ea <_enter_vtable_in_r0>:
100001ea:	491f      	ldr	r1, [pc, #124]	@ (10000268 <data_cpy_table+0x30>)
100001ec:	6008      	str	r0, [r1, #0]
100001ee:	c806      	ldmia	r0!, {r1, r2}
100001f0:	f381 8808 	msr	MSP, r1
100001f4:	4710      	bx	r2

100001f6 <_reset_handler>:
100001f6:	481d      	ldr	r0, [pc, #116]	@ (1000026c <data_cpy_table+0x34>)
100001f8:	6800      	ldr	r0, [r0, #0]
100001fa:	2800      	cmp	r0, #0
100001fc:	d001      	beq.n	10000202 <hold_non_core0_in_bootrom+0x4>

100001fe <hold_non_core0_in_bootrom>:
100001fe:	4819      	ldr	r0, [pc, #100]	@ (10000264 <data_cpy_table+0x2c>)
10000200:	e7f3      	b.n	100001ea <_enter_vtable_in_r0>
10000202:	a40d      	add	r4, pc, #52	@ (adr r4, 10000238 <data_cpy_table>)
10000204:	cc0e      	ldmia	r4!, {r1, r2, r3}
10000206:	2900      	cmp	r1, #0
10000208:	d002      	beq.n	10000210 <hold_non_core0_in_bootrom+0x12>
1000020a:	f000 f812 	bl	10000232 <data_cpy>
1000020e:	e7f9      	b.n	10000204 <hold_non_core0_in_bootrom+0x6>
10000210:	4917      	ldr	r1, [pc, #92]	@ (10000270 <data_cpy_table+0x38>)
10000212:	4a18      	ldr	r2, [pc, #96]	@ (10000274 <data_cpy_table+0x3c>)
10000214:	2000      	movs	r0, #0
10000216:	e000      	b.n	1000021a <bss_fill_test>

10000218 <bss_fill_loop>:
10000218:	c101      	stmia	r1!, {r0}

1000021a <bss_fill_test>:
1000021a:	4291      	cmp	r1, r2
1000021c:	d1fc      	bne.n	10000218 <bss_fill_loop>

1000021e <platform_entry>:
1000021e:	4916      	ldr	r1, [pc, #88]	@ (10000278 <data_cpy_table+0x40>)
10000220:	4788      	blx	r1
10000222:	4916      	ldr	r1, [pc, #88]	@ (1000027c <data_cpy_table+0x44>)
10000224:	4788      	blx	r1
10000226:	4916      	ldr	r1, [pc, #88]	@ (10000280 <data_cpy_table+0x48>)
10000228:	4788      	blx	r1
1000022a:	be00      	bkpt	0x0000
1000022c:	e7fd      	b.n	1000022a <platform_entry+0xc>

1000022e <data_cpy_loop>:
1000022e:	c901      	ldmia	r1!, {r0}
10000230:	c201      	stmia	r2!, {r0}

10000232 <data_cpy>:
10000232:	429a      	cmp	r2, r3
10000234:	d3fb      	bcc.n	1000022e <data_cpy_loop>
10000236:	4770      	bx	lr

10000238 <data_cpy_table>:
10000238:	10006f84 	.word	0x10006f84
1000023c:	200000c0 	.word	0x200000c0
10000240:	20001060 	.word	0x20001060
10000244:	10007f24 	.word	0x10007f24
10000248:	20040000 	.word	0x20040000
1000024c:	20040000 	.word	0x20040000
10000250:	10007f24 	.word	0x10007f24
10000254:	20041000 	.word	0x20041000
10000258:	20041000 	.word	0x20041000
1000025c:	00000000 	.word	0x00000000
10000260:	4770      	bx	lr
10000262:	0000      	.short	0x0000
10000264:	00000000 	.word	0x00000000
10000268:	e000ed08 	.word	0xe000ed08
1000026c:	d0000000 	.word	0xd0000000
10000270:	20001060 	.word	0x20001060
10000274:	200020cc 	.word	0x200020cc
10000278:	10003d6d 	.word	0x10003d6d
1000027c:	100003a9 	.word	0x100003a9
10000280:	10003d65 	.word	0x10003d65

10000284 <_init>:
10000284:	b5f8      	push	{r3, r4, r5, r6, r7, lr}
10000286:	46c0      	nop			@ (mov r8, r8)

10000288 <register_tm_clones>:
10000288:	4806      	ldr	r0, [pc, #24]	@ (100002a4 <register_tm_clones+0x1c>)
1000028a:	4907      	ldr	r1, [pc, #28]	@ (100002a8 <register_tm_clones+0x20>)
1000028c:	1a09      	subs	r1, r1, r0
1000028e:	108b      	asrs	r3, r1, #2
10000290:	0fc9      	lsrs	r1, r1, #31
10000292:	18c9      	adds	r1, r1, r3
10000294:	b510      	push	{r4, lr}
10000296:	1049      	asrs	r1, r1, #1
10000298:	d003      	beq.n	100002a2 <register_tm_clones+0x1a>
1000029a:	4b04      	ldr	r3, [pc, #16]	@ (100002ac <register_tm_clones+0x24>)
1000029c:	2b00      	cmp	r3, #0
1000029e:	d000      	beq.n	100002a2 <register_tm_clones+0x1a>
100002a0:	4798      	blx	r3
100002a2:	bd10      	pop	{r4, pc}
100002a4:	20001060 	.word	0x20001060
100002a8:	20001060 	.word	0x20001060
100002ac:	00000000 	.word	0x00000000

100002b0 <frame_dummy>:
100002b0:	4b05      	ldr	r3, [pc, #20]	@ (100002c8 <frame_dummy+0x18>)
100002b2:	b510      	push	{r4, lr}
100002b4:	2b00      	cmp	r3, #0
100002b6:	d003      	beq.n	100002c0 <frame_dummy+0x10>
100002b8:	4904      	ldr	r1, [pc, #16]	@ (100002cc <frame_dummy+0x1c>)
100002ba:	4805      	ldr	r0, [pc, #20]	@ (100002d0 <frame_dummy+0x20>)
100002bc:	e000      	b.n	100002c0 <frame_dummy+0x10>
100002be:	bf00      	nop
100002c0:	f7ff ffe2 	bl	10000288 <register_tm_clones>
100002c4:	bd10      	pop	{r4, pc}
100002c6:	46c0      	nop			@ (mov r8, r8)
100002c8:	00000000 	.word	0x00000000
100002cc:	20002068 	.word	0x20002068
100002d0:	1000690c 	.word	0x1000690c

100002d4 <setup>:
100002d4:	b510      	push	{r4, lr}
100002d6:	f003 fe7b 	bl	10003fd0 <stdio_init_all>
100002da:	f006 fa47 	bl	1000676c <adc_init>
100002de:	211f      	movs	r1, #31
100002e0:	201a      	movs	r0, #26
100002e2:	f000 f867 	bl	100003b4 <gpio_set_function>
100002e6:	2200      	movs	r2, #0
100002e8:	2100      	movs	r1, #0
100002ea:	201a      	movs	r0, #26
100002ec:	f000 f87c 	bl	100003e8 <gpio_set_pulls>
100002f0:	2100      	movs	r1, #0
100002f2:	201a      	movs	r0, #26
100002f4:	f000 f88c 	bl	10000410 <gpio_set_input_enabled>
100002f8:	22e0      	movs	r2, #224	@ 0xe0
100002fa:	4b0a      	ldr	r3, [pc, #40]	@ (10000324 <setup+0x50>)
100002fc:	01d2      	lsls	r2, r2, #7
100002fe:	681b      	ldr	r3, [r3, #0]
10000300:	2019      	movs	r0, #25
10000302:	4013      	ands	r3, r2
10000304:	4a08      	ldr	r2, [pc, #32]	@ (10000328 <setup+0x54>)
10000306:	24d0      	movs	r4, #208	@ 0xd0
10000308:	6013      	str	r3, [r2, #0]
1000030a:	f000 f895 	bl	10000438 <gpio_init>
1000030e:	2380      	movs	r3, #128	@ 0x80
10000310:	0624      	lsls	r4, r4, #24
10000312:	049b      	lsls	r3, r3, #18
10000314:	6263      	str	r3, [r4, #36]	@ 0x24
10000316:	200a      	movs	r0, #10
10000318:	f000 f88e 	bl	10000438 <gpio_init>
1000031c:	2380      	movs	r3, #128	@ 0x80
1000031e:	00db      	lsls	r3, r3, #3
10000320:	6263      	str	r3, [r4, #36]	@ 0x24
10000322:	bd10      	pop	{r4, pc}
10000324:	4004c000 	.word	0x4004c000
10000328:	4004d000 	.word	0x4004d000

1000032c <loop>:
1000032c:	b5f0      	push	{r4, r5, r6, r7, lr}
1000032e:	4646      	mov	r6, r8
10000330:	46d6      	mov	lr, sl
10000332:	464f      	mov	r7, r9
10000334:	4817      	ldr	r0, [pc, #92]	@ (10000394 <loop+0x68>)
10000336:	b5c0      	push	{r6, r7, lr}
10000338:	f003 fe9a 	bl	10004070 <__wrap_puts>
1000033c:	4b16      	ldr	r3, [pc, #88]	@ (10000398 <loop+0x6c>)
1000033e:	2604      	movs	r6, #4
10000340:	4698      	mov	r8, r3
10000342:	4f16      	ldr	r7, [pc, #88]	@ (1000039c <loop+0x70>)
10000344:	4c16      	ldr	r4, [pc, #88]	@ (100003a0 <loop+0x74>)
10000346:	2280      	movs	r2, #128	@ 0x80
10000348:	603e      	str	r6, [r7, #0]
1000034a:	0052      	lsls	r2, r2, #1
1000034c:	6823      	ldr	r3, [r4, #0]
1000034e:	4213      	tst	r3, r2
10000350:	d0fc      	beq.n	1000034c <loop+0x20>
10000352:	6865      	ldr	r5, [r4, #4]
10000354:	4640      	mov	r0, r8
10000356:	0429      	lsls	r1, r5, #16
10000358:	0c09      	lsrs	r1, r1, #16
1000035a:	f003 ff11 	bl	10004180 <__wrap_printf>
1000035e:	23c8      	movs	r3, #200	@ 0xc8
10000360:	b2ad      	uxth	r5, r5
10000362:	00db      	lsls	r3, r3, #3
10000364:	429d      	cmp	r5, r3
10000366:	d310      	bcc.n	1000038a <loop+0x5e>
10000368:	25d0      	movs	r5, #208	@ 0xd0
1000036a:	2380      	movs	r3, #128	@ 0x80
1000036c:	062d      	lsls	r5, r5, #24
1000036e:	049b      	lsls	r3, r3, #18
10000370:	616b      	str	r3, [r5, #20]
10000372:	4699      	mov	r9, r3
10000374:	2380      	movs	r3, #128	@ 0x80
10000376:	00db      	lsls	r3, r3, #3
10000378:	469a      	mov	sl, r3
1000037a:	61ab      	str	r3, [r5, #24]
1000037c:	4809      	ldr	r0, [pc, #36]	@ (100003a4 <loop+0x78>)
1000037e:	f000 fed3 	bl	10001128 <sleep_ms>
10000382:	4653      	mov	r3, sl
10000384:	616b      	str	r3, [r5, #20]
10000386:	464b      	mov	r3, r9
10000388:	61ab      	str	r3, [r5, #24]
1000038a:	4806      	ldr	r0, [pc, #24]	@ (100003a4 <loop+0x78>)
1000038c:	f000 fecc 	bl	10001128 <sleep_ms>
10000390:	e7d9      	b.n	10000346 <loop+0x1a>
10000392:	46c0      	nop			@ (mov r8, r8)
10000394:	10006910 	.word	0x10006910
10000398:	10006940 	.word	0x10006940
1000039c:	4004e000 	.word	0x4004e000
100003a0:	4004c000 	.word	0x4004c000
100003a4:	00000bb8 	.word	0x00000bb8

100003a8 <main>:
100003a8:	b510      	push	{r4, lr}
100003aa:	f7ff ff93 	bl	100002d4 <setup>
100003ae:	f7ff ffbd 	bl	1000032c <loop>
100003b2:	46c0      	nop			@ (mov r8, r8)

100003b4 <gpio_set_function>:
100003b4:	4a09      	ldr	r2, [pc, #36]	@ (100003dc <gpio_set_function+0x28>)
100003b6:	0083      	lsls	r3, r0, #2
100003b8:	189a      	adds	r2, r3, r2
100003ba:	b510      	push	{r4, lr}
100003bc:	6814      	ldr	r4, [r2, #0]
100003be:	2240      	movs	r2, #64	@ 0x40
100003c0:	4054      	eors	r4, r2
100003c2:	3280      	adds	r2, #128	@ 0x80
100003c4:	4022      	ands	r2, r4
100003c6:	4c06      	ldr	r4, [pc, #24]	@ (100003e0 <gpio_set_function+0x2c>)
100003c8:	00c0      	lsls	r0, r0, #3
100003ca:	46a4      	mov	ip, r4
100003cc:	4463      	add	r3, ip
100003ce:	601a      	str	r2, [r3, #0]
100003d0:	4b04      	ldr	r3, [pc, #16]	@ (100003e4 <gpio_set_function+0x30>)
100003d2:	469c      	mov	ip, r3
100003d4:	4460      	add	r0, ip
100003d6:	6041      	str	r1, [r0, #4]
100003d8:	bd10      	pop	{r4, pc}
100003da:	46c0      	nop			@ (mov r8, r8)
100003dc:	4001c004 	.word	0x4001c004
100003e0:	4001d004 	.word	0x4001d004
100003e4:	40014000 	.word	0x40014000

100003e8 <gpio_set_pulls>:
100003e8:	4b07      	ldr	r3, [pc, #28]	@ (10000408 <gpio_set_pulls+0x20>)
100003ea:	0080      	lsls	r0, r0, #2
100003ec:	18c3      	adds	r3, r0, r3
100003ee:	681b      	ldr	r3, [r3, #0]
100003f0:	00c9      	lsls	r1, r1, #3
100003f2:	0092      	lsls	r2, r2, #2
100003f4:	430a      	orrs	r2, r1
100003f6:	405a      	eors	r2, r3
100003f8:	230c      	movs	r3, #12
100003fa:	4013      	ands	r3, r2
100003fc:	4a03      	ldr	r2, [pc, #12]	@ (1000040c <gpio_set_pulls+0x24>)
100003fe:	4694      	mov	ip, r2
10000400:	4460      	add	r0, ip
10000402:	6003      	str	r3, [r0, #0]
10000404:	4770      	bx	lr
10000406:	46c0      	nop			@ (mov r8, r8)
10000408:	4001c004 	.word	0x4001c004
1000040c:	4001d004 	.word	0x4001d004

10000410 <gpio_set_input_enabled>:
10000410:	0080      	lsls	r0, r0, #2
10000412:	2900      	cmp	r1, #0
10000414:	d005      	beq.n	10000422 <gpio_set_input_enabled+0x12>
10000416:	4b06      	ldr	r3, [pc, #24]	@ (10000430 <gpio_set_input_enabled+0x20>)
10000418:	469c      	mov	ip, r3
1000041a:	2340      	movs	r3, #64	@ 0x40
1000041c:	4460      	add	r0, ip
1000041e:	6003      	str	r3, [r0, #0]
10000420:	4770      	bx	lr
10000422:	4b04      	ldr	r3, [pc, #16]	@ (10000434 <gpio_set_input_enabled+0x24>)
10000424:	469c      	mov	ip, r3
10000426:	2340      	movs	r3, #64	@ 0x40
10000428:	4460      	add	r0, ip
1000042a:	6003      	str	r3, [r0, #0]
1000042c:	e7f8      	b.n	10000420 <gpio_set_input_enabled+0x10>
1000042e:	46c0      	nop			@ (mov r8, r8)
10000430:	4001e004 	.word	0x4001e004
10000434:	4001f004 	.word	0x4001f004

10000438 <gpio_init>:
10000438:	2301      	movs	r3, #1
1000043a:	22d0      	movs	r2, #208	@ 0xd0
1000043c:	4083      	lsls	r3, r0
1000043e:	0612      	lsls	r2, r2, #24
10000440:	6293      	str	r3, [r2, #40]	@ 0x28
10000442:	6193      	str	r3, [r2, #24]
10000444:	4a09      	ldr	r2, [pc, #36]	@ (1000046c <gpio_init+0x34>)
10000446:	0083      	lsls	r3, r0, #2
10000448:	189a      	adds	r2, r3, r2
1000044a:	6811      	ldr	r1, [r2, #0]
1000044c:	2240      	movs	r2, #64	@ 0x40
1000044e:	4051      	eors	r1, r2
10000450:	3280      	adds	r2, #128	@ 0x80
10000452:	400a      	ands	r2, r1
10000454:	4906      	ldr	r1, [pc, #24]	@ (10000470 <gpio_init+0x38>)
10000456:	00c0      	lsls	r0, r0, #3
10000458:	468c      	mov	ip, r1
1000045a:	4463      	add	r3, ip
1000045c:	601a      	str	r2, [r3, #0]
1000045e:	4b05      	ldr	r3, [pc, #20]	@ (10000474 <gpio_init+0x3c>)
10000460:	469c      	mov	ip, r3
10000462:	2305      	movs	r3, #5
10000464:	4460      	add	r0, ip
10000466:	6043      	str	r3, [r0, #4]
10000468:	4770      	bx	lr
1000046a:	46c0      	nop			@ (mov r8, r8)
1000046c:	4001c004 	.word	0x4001c004
10000470:	4001d004 	.word	0x4001d004
10000474:	40014000 	.word	0x40014000

10000478 <rp2040_chip_version>:
10000478:	2380      	movs	r3, #128	@ 0x80
1000047a:	05db      	lsls	r3, r3, #23
1000047c:	6818      	ldr	r0, [r3, #0]
1000047e:	0f00      	lsrs	r0, r0, #28
10000480:	4770      	bx	lr
10000482:	46c0      	nop			@ (mov r8, r8)

10000484 <panic>:
10000484:	b40f      	push	{r0, r1, r2, r3}
10000486:	b500      	push	{lr}
10000488:	4808      	ldr	r0, [pc, #32]	@ (100004ac <panic+0x28>)
1000048a:	b083      	sub	sp, #12
1000048c:	f003 fdf0 	bl	10004070 <__wrap_puts>
10000490:	9b04      	ldr	r3, [sp, #16]
10000492:	2b00      	cmp	r3, #0
10000494:	d007      	beq.n	100004a6 <panic+0x22>
10000496:	a905      	add	r1, sp, #20
10000498:	0018      	movs	r0, r3
1000049a:	9101      	str	r1, [sp, #4]
1000049c:	f003 fc48 	bl	10003d30 <weak_raw_vprintf>
100004a0:	4803      	ldr	r0, [pc, #12]	@ (100004b0 <panic+0x2c>)
100004a2:	f003 fde5 	bl	10004070 <__wrap_puts>
100004a6:	2001      	movs	r0, #1
100004a8:	f003 fc5a 	bl	10003d60 <_exit>
100004ac:	10006944 	.word	0x10006944
100004b0:	10006954 	.word	0x10006954

100004b4 <hw_claim_or_assert>:
100004b4:	b570      	push	{r4, r5, r6, lr}
100004b6:	f3ef 8c10 	mrs	ip, PRIMASK
100004ba:	b672      	cpsid	i
100004bc:	4d0d      	ldr	r5, [pc, #52]	@ (100004f4 <hw_claim_or_assert+0x40>)
100004be:	682b      	ldr	r3, [r5, #0]
100004c0:	2b00      	cmp	r3, #0
100004c2:	d0fc      	beq.n	100004be <hw_claim_or_assert+0xa>
100004c4:	f3bf 8f5f 	dmb	sy
100004c8:	2407      	movs	r4, #7
100004ca:	08cb      	lsrs	r3, r1, #3
100004cc:	18c6      	adds	r6, r0, r3
100004ce:	5cc0      	ldrb	r0, [r0, r3]
100004d0:	2301      	movs	r3, #1
100004d2:	400c      	ands	r4, r1
100004d4:	40a3      	lsls	r3, r4
100004d6:	001c      	movs	r4, r3
100004d8:	4004      	ands	r4, r0
100004da:	4203      	tst	r3, r0
100004dc:	d107      	bne.n	100004ee <hw_claim_or_assert+0x3a>
100004de:	4318      	orrs	r0, r3
100004e0:	7030      	strb	r0, [r6, #0]
100004e2:	f3bf 8f5f 	dmb	sy
100004e6:	602c      	str	r4, [r5, #0]
100004e8:	f38c 8810 	msr	PRIMASK, ip
100004ec:	bd70      	pop	{r4, r5, r6, pc}
100004ee:	0010      	movs	r0, r2
100004f0:	f7ff ffc8 	bl	10000484 <panic>
100004f4:	d000012c 	.word	0xd000012c

100004f8 <hw_claim_unused_from_range>:
100004f8:	b5f8      	push	{r3, r4, r5, r6, r7, lr}
100004fa:	4647      	mov	r7, r8
100004fc:	46ce      	mov	lr, r9
100004fe:	4688      	mov	r8, r1
10000500:	b580      	push	{r7, lr}
10000502:	f3ef 8c10 	mrs	ip, PRIMASK
10000506:	b672      	cpsid	i
10000508:	4d21      	ldr	r5, [pc, #132]	@ (10000590 <hw_claim_unused_from_range+0x98>)
1000050a:	682c      	ldr	r4, [r5, #0]
1000050c:	2c00      	cmp	r4, #0
1000050e:	d0fc      	beq.n	1000050a <hw_claim_unused_from_range+0x12>
10000510:	f3bf 8f5f 	dmb	sy
10000514:	429a      	cmp	r2, r3
10000516:	d82c      	bhi.n	10000572 <hw_claim_unused_from_range+0x7a>
10000518:	08d4      	lsrs	r4, r2, #3
1000051a:	2707      	movs	r7, #7
1000051c:	5d05      	ldrb	r5, [r0, r4]
1000051e:	1906      	adds	r6, r0, r4
10000520:	2401      	movs	r4, #1
10000522:	4017      	ands	r7, r2
10000524:	40bc      	lsls	r4, r7
10000526:	422c      	tst	r4, r5
10000528:	d01f      	beq.n	1000056a <hw_claim_unused_from_range+0x72>
1000052a:	2107      	movs	r1, #7
1000052c:	2701      	movs	r7, #1
1000052e:	4689      	mov	r9, r1
10000530:	e009      	b.n	10000546 <hw_claim_unused_from_range+0x4e>
10000532:	08d4      	lsrs	r4, r2, #3
10000534:	5d05      	ldrb	r5, [r0, r4]
10000536:	1906      	adds	r6, r0, r4
10000538:	464c      	mov	r4, r9
1000053a:	0039      	movs	r1, r7
1000053c:	4014      	ands	r4, r2
1000053e:	40a1      	lsls	r1, r4
10000540:	000c      	movs	r4, r1
10000542:	4229      	tst	r1, r5
10000544:	d011      	beq.n	1000056a <hw_claim_unused_from_range+0x72>
10000546:	3201      	adds	r2, #1
10000548:	4293      	cmp	r3, r2
1000054a:	d2f2      	bcs.n	10000532 <hw_claim_unused_from_range+0x3a>
1000054c:	2001      	movs	r0, #1
1000054e:	4240      	negs	r0, r0
10000550:	f3bf 8f5f 	dmb	sy
10000554:	2200      	movs	r2, #0
10000556:	4b0e      	ldr	r3, [pc, #56]	@ (10000590 <hw_claim_unused_from_range+0x98>)
10000558:	601a      	str	r2, [r3, #0]
1000055a:	f38c 8810 	msr	PRIMASK, ip
1000055e:	2800      	cmp	r0, #0
10000560:	db0f      	blt.n	10000582 <hw_claim_unused_from_range+0x8a>
10000562:	bcc0      	pop	{r6, r7}
10000564:	46b9      	mov	r9, r7
10000566:	46b0      	mov	r8, r6
10000568:	bdf8      	pop	{r3, r4, r5, r6, r7, pc}
1000056a:	4325      	orrs	r5, r4
1000056c:	0010      	movs	r0, r2
1000056e:	7035      	strb	r5, [r6, #0]
10000570:	e7ee      	b.n	10000550 <hw_claim_unused_from_range+0x58>
10000572:	f3bf 8f5f 	dmb	sy
10000576:	2300      	movs	r3, #0
10000578:	602b      	str	r3, [r5, #0]
1000057a:	f38c 8810 	msr	PRIMASK, ip
1000057e:	2001      	movs	r0, #1
10000580:	4240      	negs	r0, r0
10000582:	4643      	mov	r3, r8
10000584:	2b00      	cmp	r3, #0
10000586:	d0ec      	beq.n	10000562 <hw_claim_unused_from_range+0x6a>
10000588:	9808      	ldr	r0, [sp, #32]
1000058a:	f7ff ff7b 	bl	10000484 <panic>
1000058e:	46c0      	nop			@ (mov r8, r8)
10000590:	d000012c 	.word	0xd000012c

10000594 <next_striped_spin_lock_num>:
10000594:	4a04      	ldr	r2, [pc, #16]	@ (100005a8 <next_striped_spin_lock_num+0x14>)
10000596:	7810      	ldrb	r0, [r2, #0]
10000598:	1c43      	adds	r3, r0, #1
1000059a:	b2db      	uxtb	r3, r3
1000059c:	2b17      	cmp	r3, #23
1000059e:	d900      	bls.n	100005a2 <next_striped_spin_lock_num+0xe>
100005a0:	2310      	movs	r3, #16
100005a2:	7013      	strb	r3, [r2, #0]
100005a4:	4770      	bx	lr
100005a6:	46c0      	nop			@ (mov r8, r8)
100005a8:	20000f98 	.word	0x20000f98

100005ac <spin_lock_claim_unused>:
100005ac:	b510      	push	{r4, lr}
100005ae:	4b06      	ldr	r3, [pc, #24]	@ (100005c8 <spin_lock_claim_unused+0x1c>)
100005b0:	4c06      	ldr	r4, [pc, #24]	@ (100005cc <spin_lock_claim_unused+0x20>)
100005b2:	b082      	sub	sp, #8
100005b4:	0001      	movs	r1, r0
100005b6:	9300      	str	r3, [sp, #0]
100005b8:	2218      	movs	r2, #24
100005ba:	231f      	movs	r3, #31
100005bc:	0020      	movs	r0, r4
100005be:	f7ff ff9b 	bl	100004f8 <hw_claim_unused_from_range>
100005c2:	b002      	add	sp, #8
100005c4:	bd10      	pop	{r4, pc}
100005c6:	46c0      	nop			@ (mov r8, r8)
100005c8:	10006958 	.word	0x10006958
100005cc:	20001bf8 	.word	0x20001bf8

100005d0 <spin_locks_reset>:
100005d0:	2100      	movs	r1, #0
100005d2:	4b04      	ldr	r3, [pc, #16]	@ (100005e4 <spin_locks_reset+0x14>)
100005d4:	4a04      	ldr	r2, [pc, #16]	@ (100005e8 <spin_locks_reset+0x18>)
100005d6:	f3bf 8f5f 	dmb	sy
100005da:	c302      	stmia	r3!, {r1}
100005dc:	4293      	cmp	r3, r2
100005de:	d1fa      	bne.n	100005d6 <spin_locks_reset+0x6>
100005e0:	4770      	bx	lr
100005e2:	46c0      	nop			@ (mov r8, r8)
100005e4:	d0000100 	.word	0xd0000100
100005e8:	d0000180 	.word	0xd0000180

100005ec <runtime_init_per_core_irq_priorities>:
100005ec:	4b05      	ldr	r3, [pc, #20]	@ (10000604 <runtime_init_per_core_irq_priorities+0x18>)
100005ee:	4a06      	ldr	r2, [pc, #24]	@ (10000608 <runtime_init_per_core_irq_priorities+0x1c>)
100005f0:	6013      	str	r3, [r2, #0]
100005f2:	4a06      	ldr	r2, [pc, #24]	@ (1000060c <runtime_init_per_core_irq_priorities+0x20>)
100005f4:	6013      	str	r3, [r2, #0]
100005f6:	6053      	str	r3, [r2, #4]
100005f8:	6093      	str	r3, [r2, #8]
100005fa:	60d3      	str	r3, [r2, #12]
100005fc:	6113      	str	r3, [r2, #16]
100005fe:	6153      	str	r3, [r2, #20]
10000600:	6193      	str	r3, [r2, #24]
10000602:	4770      	bx	lr
10000604:	80808080 	.word	0x80808080
10000608:	e000e400 	.word	0xe000e400
1000060c:	e000e404 	.word	0xe000e404

10000610 <irq_set_enabled>:
10000610:	231f      	movs	r3, #31
10000612:	4018      	ands	r0, r3
10000614:	3b1e      	subs	r3, #30
10000616:	4083      	lsls	r3, r0
10000618:	2900      	cmp	r1, #0
1000061a:	d005      	beq.n	10000628 <irq_set_enabled+0x18>
1000061c:	21c0      	movs	r1, #192	@ 0xc0
1000061e:	4a04      	ldr	r2, [pc, #16]	@ (10000630 <irq_set_enabled+0x20>)
10000620:	0049      	lsls	r1, r1, #1
10000622:	5053      	str	r3, [r2, r1]
10000624:	6013      	str	r3, [r2, #0]
10000626:	4770      	bx	lr
10000628:	2280      	movs	r2, #128	@ 0x80
1000062a:	4901      	ldr	r1, [pc, #4]	@ (10000630 <irq_set_enabled+0x20>)
1000062c:	508b      	str	r3, [r1, r2]
1000062e:	e7fa      	b.n	10000626 <irq_set_enabled+0x16>
10000630:	e000e100 	.word	0xe000e100

10000634 <irq_is_enabled>:
10000634:	2201      	movs	r2, #1
10000636:	4082      	lsls	r2, r0
10000638:	4b03      	ldr	r3, [pc, #12]	@ (10000648 <irq_is_enabled+0x14>)
1000063a:	681b      	ldr	r3, [r3, #0]
1000063c:	4013      	ands	r3, r2
1000063e:	1e5a      	subs	r2, r3, #1
10000640:	4193      	sbcs	r3, r2
10000642:	b2d8      	uxtb	r0, r3
10000644:	4770      	bx	lr
10000646:	46c0      	nop			@ (mov r8, r8)
10000648:	e000e100 	.word	0xe000e100

1000064c <irq_set_pending>:
1000064c:	2301      	movs	r3, #1
1000064e:	4083      	lsls	r3, r0
10000650:	4a01      	ldr	r2, [pc, #4]	@ (10000658 <irq_set_pending+0xc>)
10000652:	6013      	str	r3, [r2, #0]
10000654:	4770      	bx	lr
10000656:	46c0      	nop			@ (mov r8, r8)
10000658:	e000e200 	.word	0xe000e200

1000065c <irq_has_shared_handler>:
1000065c:	4b08      	ldr	r3, [pc, #32]	@ (10000680 <irq_has_shared_handler+0x24>)
1000065e:	3010      	adds	r0, #16
10000660:	689b      	ldr	r3, [r3, #8]
10000662:	0080      	lsls	r0, r0, #2
10000664:	58c3      	ldr	r3, [r0, r3]
10000666:	2b00      	cmp	r3, #0
10000668:	d007      	beq.n	1000067a <irq_has_shared_handler+0x1e>
1000066a:	4a06      	ldr	r2, [pc, #24]	@ (10000684 <irq_has_shared_handler+0x28>)
1000066c:	2000      	movs	r0, #0
1000066e:	1a9b      	subs	r3, r3, r2
10000670:	222f      	movs	r2, #47	@ 0x2f
10000672:	429a      	cmp	r2, r3
10000674:	4140      	adcs	r0, r0
10000676:	b2c0      	uxtb	r0, r0
10000678:	4770      	bx	lr
1000067a:	2000      	movs	r0, #0
1000067c:	e7fc      	b.n	10000678 <irq_has_shared_handler+0x1c>
1000067e:	46c0      	nop			@ (mov r8, r8)
10000680:	e000ed00 	.word	0xe000ed00
10000684:	20000f9c 	.word	0x20000f9c

10000688 <irq_set_exclusive_handler>:
10000688:	b570      	push	{r4, r5, r6, lr}
1000068a:	000d      	movs	r5, r1
1000068c:	f3ef 8610 	mrs	r6, PRIMASK
10000690:	b672      	cpsid	i
10000692:	4a0f      	ldr	r2, [pc, #60]	@ (100006d0 <irq_set_exclusive_handler+0x48>)
10000694:	6813      	ldr	r3, [r2, #0]
10000696:	2b00      	cmp	r3, #0
10000698:	d0fc      	beq.n	10000694 <irq_set_exclusive_handler+0xc>
1000069a:	f3bf 8f5f 	dmb	sy
1000069e:	4b0d      	ldr	r3, [pc, #52]	@ (100006d4 <irq_set_exclusive_handler+0x4c>)
100006a0:	3010      	adds	r0, #16
100006a2:	689b      	ldr	r3, [r3, #8]
100006a4:	0084      	lsls	r4, r0, #2
100006a6:	591b      	ldr	r3, [r3, r4]
100006a8:	4a0b      	ldr	r2, [pc, #44]	@ (100006d8 <irq_set_exclusive_handler+0x50>)
100006aa:	4293      	cmp	r3, r2
100006ac:	d003      	beq.n	100006b6 <irq_set_exclusive_handler+0x2e>
100006ae:	429d      	cmp	r5, r3
100006b0:	d001      	beq.n	100006b6 <irq_set_exclusive_handler+0x2e>
100006b2:	f000 ffcd 	bl	10001650 <hard_assertion_failure>
100006b6:	4b07      	ldr	r3, [pc, #28]	@ (100006d4 <irq_set_exclusive_handler+0x4c>)
100006b8:	689b      	ldr	r3, [r3, #8]
100006ba:	511d      	str	r5, [r3, r4]
100006bc:	f3bf 8f5f 	dmb	sy
100006c0:	f3bf 8f5f 	dmb	sy
100006c4:	2200      	movs	r2, #0
100006c6:	4b02      	ldr	r3, [pc, #8]	@ (100006d0 <irq_set_exclusive_handler+0x48>)
100006c8:	601a      	str	r2, [r3, #0]
100006ca:	f386 8810 	msr	PRIMASK, r6
100006ce:	bd70      	pop	{r4, r5, r6, pc}
100006d0:	d0000124 	.word	0xd0000124
100006d4:	e000ed00 	.word	0xe000ed00
100006d8:	100001cd 	.word	0x100001cd

100006dc <irq_add_shared_handler>:
100006dc:	b5f0      	push	{r4, r5, r6, r7, lr}
100006de:	4657      	mov	r7, sl
100006e0:	464e      	mov	r6, r9
100006e2:	46de      	mov	lr, fp
100006e4:	4645      	mov	r5, r8
100006e6:	b5e0      	push	{r5, r6, r7, lr}
100006e8:	b085      	sub	sp, #20
100006ea:	0006      	movs	r6, r0
100006ec:	9100      	str	r1, [sp, #0]
100006ee:	0017      	movs	r7, r2
100006f0:	f3ef 8b10 	mrs	fp, PRIMASK
100006f4:	b672      	cpsid	i
100006f6:	4a6a      	ldr	r2, [pc, #424]	@ (100008a0 <irq_add_shared_handler+0x1c4>)
100006f8:	6813      	ldr	r3, [r2, #0]
100006fa:	2b00      	cmp	r3, #0
100006fc:	d0fc      	beq.n	100006f8 <irq_add_shared_handler+0x1c>
100006fe:	f3bf 8f5f 	dmb	sy
10000702:	2500      	movs	r5, #0
10000704:	4b67      	ldr	r3, [pc, #412]	@ (100008a4 <irq_add_shared_handler+0x1c8>)
10000706:	575d      	ldrsb	r5, [r3, r5]
10000708:	469a      	mov	sl, r3
1000070a:	2d00      	cmp	r5, #0
1000070c:	da00      	bge.n	10000710 <irq_add_shared_handler+0x34>
1000070e:	e0a9      	b.n	10000864 <irq_add_shared_handler+0x188>
10000710:	006b      	lsls	r3, r5, #1
10000712:	4c65      	ldr	r4, [pc, #404]	@ (100008a8 <irq_add_shared_handler+0x1cc>)
10000714:	9301      	str	r3, [sp, #4]
10000716:	195b      	adds	r3, r3, r5
10000718:	009b      	lsls	r3, r3, #2
1000071a:	4698      	mov	r8, r3
1000071c:	46a1      	mov	r9, r4
1000071e:	44c1      	add	r9, r8
10000720:	464b      	mov	r3, r9
10000722:	4652      	mov	r2, sl
10000724:	799b      	ldrb	r3, [r3, #6]
10000726:	3610      	adds	r6, #16
10000728:	7013      	strb	r3, [r2, #0]
1000072a:	4b60      	ldr	r3, [pc, #384]	@ (100008ac <irq_add_shared_handler+0x1d0>)
1000072c:	00b6      	lsls	r6, r6, #2
1000072e:	689b      	ldr	r3, [r3, #8]
10000730:	5999      	ldr	r1, [r3, r6]
10000732:	1b0b      	subs	r3, r1, r4
10000734:	2b2f      	cmp	r3, #47	@ 0x2f
10000736:	d933      	bls.n	100007a0 <irq_add_shared_handler+0xc4>
10000738:	4b5d      	ldr	r3, [pc, #372]	@ (100008b0 <irq_add_shared_handler+0x1d4>)
1000073a:	4299      	cmp	r1, r3
1000073c:	d000      	beq.n	10000740 <irq_add_shared_handler+0x64>
1000073e:	e0ac      	b.n	1000089a <irq_add_shared_handler+0x1be>
10000740:	9b01      	ldr	r3, [sp, #4]
10000742:	4642      	mov	r2, r8
10000744:	469c      	mov	ip, r3
10000746:	4b5b      	ldr	r3, [pc, #364]	@ (100008b4 <irq_add_shared_handler+0x1d8>)
10000748:	4465      	add	r5, ip
1000074a:	00ad      	lsls	r5, r5, #2
1000074c:	5363      	strh	r3, [r4, r5]
1000074e:	4b5a      	ldr	r3, [pc, #360]	@ (100008b8 <irq_add_shared_handler+0x1dc>)
10000750:	3202      	adds	r2, #2
10000752:	18a2      	adds	r2, r4, r2
10000754:	3b04      	subs	r3, #4
10000756:	1a9b      	subs	r3, r3, r2
10000758:	051b      	lsls	r3, r3, #20
1000075a:	4a58      	ldr	r2, [pc, #352]	@ (100008bc <irq_add_shared_handler+0x1e0>)
1000075c:	0d5b      	lsrs	r3, r3, #21
1000075e:	1965      	adds	r5, r4, r5
10000760:	4313      	orrs	r3, r2
10000762:	806b      	strh	r3, [r5, #2]
10000764:	4b56      	ldr	r3, [pc, #344]	@ (100008c0 <irq_add_shared_handler+0x1e4>)
10000766:	2101      	movs	r1, #1
10000768:	80ab      	strh	r3, [r5, #4]
1000076a:	23ff      	movs	r3, #255	@ 0xff
1000076c:	71ab      	strb	r3, [r5, #6]
1000076e:	9b00      	ldr	r3, [sp, #0]
10000770:	71ef      	strb	r7, [r5, #7]
10000772:	60ab      	str	r3, [r5, #8]
10000774:	464b      	mov	r3, r9
10000776:	430b      	orrs	r3, r1
10000778:	0019      	movs	r1, r3
1000077a:	4b4c      	ldr	r3, [pc, #304]	@ (100008ac <irq_add_shared_handler+0x1d0>)
1000077c:	689b      	ldr	r3, [r3, #8]
1000077e:	5199      	str	r1, [r3, r6]
10000780:	f3bf 8f5f 	dmb	sy
10000784:	f3bf 8f5f 	dmb	sy
10000788:	2200      	movs	r2, #0
1000078a:	4b45      	ldr	r3, [pc, #276]	@ (100008a0 <irq_add_shared_handler+0x1c4>)
1000078c:	601a      	str	r2, [r3, #0]
1000078e:	f38b 8810 	msr	PRIMASK, fp
10000792:	b005      	add	sp, #20
10000794:	bcf0      	pop	{r4, r5, r6, r7}
10000796:	46bb      	mov	fp, r7
10000798:	46b2      	mov	sl, r6
1000079a:	46a9      	mov	r9, r5
1000079c:	46a0      	mov	r8, r4
1000079e:	bdf0      	pop	{r4, r5, r6, r7, pc}
100007a0:	2001      	movs	r0, #1
100007a2:	000a      	movs	r2, r1
100007a4:	4382      	bics	r2, r0
100007a6:	79d3      	ldrb	r3, [r2, #7]
100007a8:	468c      	mov	ip, r1
100007aa:	42bb      	cmp	r3, r7
100007ac:	d831      	bhi.n	10000812 <irq_add_shared_handler+0x136>
100007ae:	4645      	mov	r5, r8
100007b0:	0013      	movs	r3, r2
100007b2:	4944      	ldr	r1, [pc, #272]	@ (100008c4 <irq_add_shared_handler+0x1e8>)
100007b4:	1b1b      	subs	r3, r3, r4
100007b6:	415b      	adcs	r3, r3
100007b8:	4359      	muls	r1, r3
100007ba:	0d09      	lsrs	r1, r1, #20
100007bc:	4b3d      	ldr	r3, [pc, #244]	@ (100008b4 <irq_add_shared_handler+0x1d8>)
100007be:	5363      	strh	r3, [r4, r5]
100007c0:	4b3d      	ldr	r3, [pc, #244]	@ (100008b8 <irq_add_shared_handler+0x1dc>)
100007c2:	3502      	adds	r5, #2
100007c4:	1965      	adds	r5, r4, r5
100007c6:	3b04      	subs	r3, #4
100007c8:	1b5b      	subs	r3, r3, r5
100007ca:	051b      	lsls	r3, r3, #20
100007cc:	4d3b      	ldr	r5, [pc, #236]	@ (100008bc <irq_add_shared_handler+0x1e0>)
100007ce:	0d5b      	lsrs	r3, r3, #21
100007d0:	432b      	orrs	r3, r5
100007d2:	46aa      	mov	sl, r5
100007d4:	464d      	mov	r5, r9
100007d6:	806b      	strh	r3, [r5, #2]
100007d8:	2504      	movs	r5, #4
100007da:	46ac      	mov	ip, r5
100007dc:	4655      	mov	r5, sl
100007de:	44e0      	add	r8, ip
100007e0:	1f13      	subs	r3, r2, #4
100007e2:	4444      	add	r4, r8
100007e4:	1b1b      	subs	r3, r3, r4
100007e6:	051b      	lsls	r3, r3, #20
100007e8:	0d5b      	lsrs	r3, r3, #21
100007ea:	431d      	orrs	r5, r3
100007ec:	464b      	mov	r3, r9
100007ee:	7199      	strb	r1, [r3, #6]
100007f0:	9900      	ldr	r1, [sp, #0]
100007f2:	809d      	strh	r5, [r3, #4]
100007f4:	6099      	str	r1, [r3, #8]
100007f6:	4649      	mov	r1, r9
100007f8:	71df      	strb	r7, [r3, #7]
100007fa:	4b33      	ldr	r3, [pc, #204]	@ (100008c8 <irq_add_shared_handler+0x1ec>)
100007fc:	4301      	orrs	r1, r0
100007fe:	6013      	str	r3, [r2, #0]
10000800:	e7bb      	b.n	1000077a <irq_add_shared_handler+0x9e>
10000802:	0058      	lsls	r0, r3, #1
10000804:	18c0      	adds	r0, r0, r3
10000806:	0080      	lsls	r0, r0, #2
10000808:	1820      	adds	r0, r4, r0
1000080a:	79c1      	ldrb	r1, [r0, #7]
1000080c:	42b9      	cmp	r1, r7
1000080e:	d92f      	bls.n	10000870 <irq_add_shared_handler+0x194>
10000810:	0002      	movs	r2, r0
10000812:	2306      	movs	r3, #6
10000814:	56d3      	ldrsb	r3, [r2, r3]
10000816:	2b00      	cmp	r3, #0
10000818:	daf3      	bge.n	10000802 <irq_add_shared_handler+0x126>
1000081a:	9302      	str	r3, [sp, #8]
1000081c:	4b2b      	ldr	r3, [pc, #172]	@ (100008cc <irq_add_shared_handler+0x1f0>)
1000081e:	4661      	mov	r1, ip
10000820:	9303      	str	r3, [sp, #12]
10000822:	1d13      	adds	r3, r2, #4
10000824:	469a      	mov	sl, r3
10000826:	2304      	movs	r3, #4
10000828:	425b      	negs	r3, r3
1000082a:	469c      	mov	ip, r3
1000082c:	44e1      	add	r9, ip
1000082e:	4650      	mov	r0, sl
10000830:	464b      	mov	r3, r9
10000832:	1a1b      	subs	r3, r3, r0
10000834:	051b      	lsls	r3, r3, #20
10000836:	0d5b      	lsrs	r3, r3, #21
10000838:	469c      	mov	ip, r3
1000083a:	4b20      	ldr	r3, [pc, #128]	@ (100008bc <irq_add_shared_handler+0x1e0>)
1000083c:	7195      	strb	r5, [r2, #6]
1000083e:	4698      	mov	r8, r3
10000840:	4663      	mov	r3, ip
10000842:	4640      	mov	r0, r8
10000844:	4303      	orrs	r3, r0
10000846:	8093      	strh	r3, [r2, #4]
10000848:	9b01      	ldr	r3, [sp, #4]
1000084a:	195a      	adds	r2, r3, r5
1000084c:	0092      	lsls	r2, r2, #2
1000084e:	9b03      	ldr	r3, [sp, #12]
10000850:	18a4      	adds	r4, r4, r2
10000852:	80a3      	strh	r3, [r4, #4]
10000854:	9b02      	ldr	r3, [sp, #8]
10000856:	4a1c      	ldr	r2, [pc, #112]	@ (100008c8 <irq_add_shared_handler+0x1ec>)
10000858:	71a3      	strb	r3, [r4, #6]
1000085a:	9b00      	ldr	r3, [sp, #0]
1000085c:	6022      	str	r2, [r4, #0]
1000085e:	71e7      	strb	r7, [r4, #7]
10000860:	60a3      	str	r3, [r4, #8]
10000862:	e78a      	b.n	1000077a <irq_add_shared_handler+0x9e>
10000864:	f000 fef4 	bl	10001650 <hard_assertion_failure>
10000868:	2500      	movs	r5, #0
1000086a:	4653      	mov	r3, sl
1000086c:	575d      	ldrsb	r5, [r3, r5]
1000086e:	e74f      	b.n	10000710 <irq_add_shared_handler+0x34>
10000870:	8890      	ldrh	r0, [r2, #4]
10000872:	9302      	str	r3, [sp, #8]
10000874:	0540      	lsls	r0, r0, #21
10000876:	1d13      	adds	r3, r2, #4
10000878:	469a      	mov	sl, r3
1000087a:	1503      	asrs	r3, r0, #20
1000087c:	4661      	mov	r1, ip
1000087e:	469c      	mov	ip, r3
10000880:	4640      	mov	r0, r8
10000882:	44d4      	add	ip, sl
10000884:	4663      	mov	r3, ip
10000886:	3004      	adds	r0, #4
10000888:	1820      	adds	r0, r4, r0
1000088a:	1a18      	subs	r0, r3, r0
1000088c:	23e0      	movs	r3, #224	@ 0xe0
1000088e:	0500      	lsls	r0, r0, #20
10000890:	0d40      	lsrs	r0, r0, #21
10000892:	021b      	lsls	r3, r3, #8
10000894:	4318      	orrs	r0, r3
10000896:	9003      	str	r0, [sp, #12]
10000898:	e7c5      	b.n	10000826 <irq_add_shared_handler+0x14a>
1000089a:	f000 fed9 	bl	10001650 <hard_assertion_failure>
1000089e:	e74f      	b.n	10000740 <irq_add_shared_handler+0x64>
100008a0:	d0000124 	.word	0xd0000124
100008a4:	200020c5 	.word	0x200020c5
100008a8:	20000f9c 	.word	0x20000f9c
100008ac:	e000ed00 	.word	0xe000ed00
100008b0:	100001cd 	.word	0x100001cd
100008b4:	ffffa100 	.word	0xffffa100
100008b8:	20000fcc 	.word	0x20000fcc
100008bc:	ffffe000 	.word	0xffffe000
100008c0:	ffffbd01 	.word	0xffffbd01
100008c4:	0000aaaa 	.word	0x0000aaaa
100008c8:	47804801 	.word	0x47804801
100008cc:	0000bd01 	.word	0x0000bd01

100008d0 <irq_add_tail_to_free_list>:
100008d0:	b570      	push	{r4, r5, r6, lr}
100008d2:	2401      	movs	r4, #1
100008d4:	4304      	orrs	r4, r0
100008d6:	f3ef 8105 	mrs	r1, IPSR
100008da:	f3ef 8c10 	mrs	ip, PRIMASK
100008de:	b672      	cpsid	i
100008e0:	4a21      	ldr	r2, [pc, #132]	@ (10000968 <irq_add_tail_to_free_list+0x98>)
100008e2:	6813      	ldr	r3, [r2, #0]
100008e4:	2b00      	cmp	r3, #0
100008e6:	d0fc      	beq.n	100008e2 <irq_add_tail_to_free_list+0x12>
100008e8:	f3bf 8f5f 	dmb	sy
100008ec:	4b1f      	ldr	r3, [pc, #124]	@ (1000096c <irq_add_tail_to_free_list+0x9c>)
100008ee:	0005      	movs	r5, r0
100008f0:	4a1f      	ldr	r2, [pc, #124]	@ (10000970 <irq_add_tail_to_free_list+0xa0>)
100008f2:	1aed      	subs	r5, r5, r3
100008f4:	416d      	adcs	r5, r5
100008f6:	436a      	muls	r2, r5
100008f8:	0d12      	lsrs	r2, r2, #20
100008fa:	4d1e      	ldr	r5, [pc, #120]	@ (10000974 <irq_add_tail_to_free_list+0xa4>)
100008fc:	0089      	lsls	r1, r1, #2
100008fe:	68ae      	ldr	r6, [r5, #8]
10000900:	b252      	sxtb	r2, r2
10000902:	5876      	ldr	r6, [r6, r1]
10000904:	42a6      	cmp	r6, r4
10000906:	d01c      	beq.n	10000942 <irq_add_tail_to_free_list+0x72>
10000908:	2106      	movs	r1, #6
1000090a:	5659      	ldrsb	r1, [r3, r1]
1000090c:	4291      	cmp	r1, r2
1000090e:	d01c      	beq.n	1000094a <irq_add_tail_to_free_list+0x7a>
10000910:	2112      	movs	r1, #18
10000912:	5659      	ldrsb	r1, [r3, r1]
10000914:	4291      	cmp	r1, r2
10000916:	d022      	beq.n	1000095e <irq_add_tail_to_free_list+0x8e>
10000918:	211e      	movs	r1, #30
1000091a:	5659      	ldrsb	r1, [r3, r1]
1000091c:	4291      	cmp	r1, r2
1000091e:	d020      	beq.n	10000962 <irq_add_tail_to_free_list+0x92>
10000920:	212a      	movs	r1, #42	@ 0x2a
10000922:	5659      	ldrsb	r1, [r3, r1]
10000924:	2403      	movs	r4, #3
10000926:	4291      	cmp	r1, r2
10000928:	d010      	beq.n	1000094c <irq_add_tail_to_free_list+0x7c>
1000092a:	4b13      	ldr	r3, [pc, #76]	@ (10000978 <irq_add_tail_to_free_list+0xa8>)
1000092c:	7819      	ldrb	r1, [r3, #0]
1000092e:	701a      	strb	r2, [r3, #0]
10000930:	7181      	strb	r1, [r0, #6]
10000932:	f3bf 8f5f 	dmb	sy
10000936:	2200      	movs	r2, #0
10000938:	4b0b      	ldr	r3, [pc, #44]	@ (10000968 <irq_add_tail_to_free_list+0x98>)
1000093a:	601a      	str	r2, [r3, #0]
1000093c:	f38c 8810 	msr	PRIMASK, ip
10000940:	bd70      	pop	{r4, r5, r6, pc}
10000942:	68ab      	ldr	r3, [r5, #8]
10000944:	4c0d      	ldr	r4, [pc, #52]	@ (1000097c <irq_add_tail_to_free_list+0xac>)
10000946:	505c      	str	r4, [r3, r1]
10000948:	e7ef      	b.n	1000092a <irq_add_tail_to_free_list+0x5a>
1000094a:	2400      	movs	r4, #0
1000094c:	0061      	lsls	r1, r4, #1
1000094e:	1909      	adds	r1, r1, r4
10000950:	0089      	lsls	r1, r1, #2
10000952:	185b      	adds	r3, r3, r1
10000954:	21ff      	movs	r1, #255	@ 0xff
10000956:	7199      	strb	r1, [r3, #6]
10000958:	4909      	ldr	r1, [pc, #36]	@ (10000980 <irq_add_tail_to_free_list+0xb0>)
1000095a:	8099      	strh	r1, [r3, #4]
1000095c:	e7e5      	b.n	1000092a <irq_add_tail_to_free_list+0x5a>
1000095e:	2401      	movs	r4, #1
10000960:	e7f4      	b.n	1000094c <irq_add_tail_to_free_list+0x7c>
10000962:	2402      	movs	r4, #2
10000964:	e7f2      	b.n	1000094c <irq_add_tail_to_free_list+0x7c>
10000966:	46c0      	nop			@ (mov r8, r8)
10000968:	d0000124 	.word	0xd0000124
1000096c:	20000f9c 	.word	0x20000f9c
10000970:	0000aaaa 	.word	0x0000aaaa
10000974:	e000ed00 	.word	0xe000ed00
10000978:	200020c5 	.word	0x200020c5
1000097c:	100001cd 	.word	0x100001cd
10000980:	ffffbd01 	.word	0xffffbd01

10000984 <user_irq_claim_unused>:
10000984:	b510      	push	{r4, lr}
10000986:	4b08      	ldr	r3, [pc, #32]	@ (100009a8 <user_irq_claim_unused+0x24>)
10000988:	4c08      	ldr	r4, [pc, #32]	@ (100009ac <user_irq_claim_unused+0x28>)
1000098a:	b082      	sub	sp, #8
1000098c:	0001      	movs	r1, r0
1000098e:	9300      	str	r3, [sp, #0]
10000990:	2200      	movs	r2, #0
10000992:	2305      	movs	r3, #5
10000994:	0020      	movs	r0, r4
10000996:	f7ff fdaf 	bl	100004f8 <hw_claim_unused_from_range>
1000099a:	2800      	cmp	r0, #0
1000099c:	db01      	blt.n	100009a2 <user_irq_claim_unused+0x1e>
1000099e:	231f      	movs	r3, #31
100009a0:	1a18      	subs	r0, r3, r0
100009a2:	b002      	add	sp, #8
100009a4:	bd10      	pop	{r4, pc}
100009a6:	46c0      	nop			@ (mov r8, r8)
100009a8:	10006974 	.word	0x10006974
100009ac:	200020c9 	.word	0x200020c9

100009b0 <lock_init>:
100009b0:	4b02      	ldr	r3, [pc, #8]	@ (100009bc <lock_init+0xc>)
100009b2:	469c      	mov	ip, r3
100009b4:	4461      	add	r1, ip
100009b6:	0089      	lsls	r1, r1, #2
100009b8:	6001      	str	r1, [r0, #0]
100009ba:	4770      	bx	lr
100009bc:	34000040 	.word	0x34000040

100009c0 <runtime_init_mutex>:
100009c0:	b570      	push	{r4, r5, r6, lr}
100009c2:	4c11      	ldr	r4, [pc, #68]	@ (10000a08 <runtime_init_mutex+0x48>)
100009c4:	4d11      	ldr	r5, [pc, #68]	@ (10000a0c <runtime_init_mutex+0x4c>)
100009c6:	42ac      	cmp	r4, r5
100009c8:	d20f      	bcs.n	100009ea <runtime_init_mutex+0x2a>
100009ca:	26ff      	movs	r6, #255	@ 0xff
100009cc:	6823      	ldr	r3, [r4, #0]
100009ce:	2b00      	cmp	r3, #0
100009d0:	d00c      	beq.n	100009ec <runtime_init_mutex+0x2c>
100009d2:	f7ff fddf 	bl	10000594 <next_striped_spin_lock_num>
100009d6:	0001      	movs	r1, r0
100009d8:	0020      	movs	r0, r4
100009da:	f7ff ffe9 	bl	100009b0 <lock_init>
100009de:	80a6      	strh	r6, [r4, #4]
100009e0:	f3bf 8f5f 	dmb	sy
100009e4:	3408      	adds	r4, #8
100009e6:	42ac      	cmp	r4, r5
100009e8:	d3f0      	bcc.n	100009cc <runtime_init_mutex+0xc>
100009ea:	bd70      	pop	{r4, r5, r6, pc}
100009ec:	f7ff fdd2 	bl	10000594 <next_striped_spin_lock_num>
100009f0:	0001      	movs	r1, r0
100009f2:	0020      	movs	r0, r4
100009f4:	f7ff ffdc 	bl	100009b0 <lock_init>
100009f8:	7126      	strb	r6, [r4, #4]
100009fa:	f3bf 8f5f 	dmb	sy
100009fe:	3408      	adds	r4, #8
10000a00:	42ac      	cmp	r4, r5
10000a02:	d3e3      	bcc.n	100009cc <runtime_init_mutex+0xc>
10000a04:	e7f1      	b.n	100009ea <runtime_init_mutex+0x2a>
10000a06:	46c0      	nop			@ (mov r8, r8)
10000a08:	20001058 	.word	0x20001058
10000a0c:	20001060 	.word	0x20001060

10000a10 <mutex_init>:
10000a10:	b510      	push	{r4, lr}
10000a12:	0004      	movs	r4, r0
10000a14:	f7ff fdbe 	bl	10000594 <next_striped_spin_lock_num>
10000a18:	0001      	movs	r1, r0
10000a1a:	0020      	movs	r0, r4
10000a1c:	f7ff ffc8 	bl	100009b0 <lock_init>
10000a20:	23ff      	movs	r3, #255	@ 0xff
10000a22:	7123      	strb	r3, [r4, #4]
10000a24:	f3bf 8f5f 	dmb	sy
10000a28:	bd10      	pop	{r4, pc}
10000a2a:	46c0      	nop			@ (mov r8, r8)

10000a2c <critical_section_init>:
10000a2c:	b510      	push	{r4, lr}
10000a2e:	0004      	movs	r4, r0
10000a30:	2001      	movs	r0, #1
10000a32:	f7ff fdbb 	bl	100005ac <spin_lock_claim_unused>
10000a36:	4b03      	ldr	r3, [pc, #12]	@ (10000a44 <critical_section_init+0x18>)
10000a38:	18c3      	adds	r3, r0, r3
10000a3a:	009b      	lsls	r3, r3, #2
10000a3c:	6023      	str	r3, [r4, #0]
10000a3e:	f3bf 8f5f 	dmb	sy
10000a42:	bd10      	pop	{r4, pc}
10000a44:	34000040 	.word	0x34000040

10000a48 <critical_section_init_with_lock_num>:
10000a48:	4b03      	ldr	r3, [pc, #12]	@ (10000a58 <critical_section_init_with_lock_num+0x10>)
10000a4a:	469c      	mov	ip, r3
10000a4c:	4461      	add	r1, ip
10000a4e:	0089      	lsls	r1, r1, #2
10000a50:	6001      	str	r1, [r0, #0]
10000a52:	f3bf 8f5f 	dmb	sy
10000a56:	4770      	bx	lr
10000a58:	34000040 	.word	0x34000040

10000a5c <sleep_until_callback>:
10000a5c:	4b0a      	ldr	r3, [pc, #40]	@ (10000a88 <sleep_until_callback+0x2c>)
10000a5e:	6819      	ldr	r1, [r3, #0]
10000a60:	f3ef 8010 	mrs	r0, PRIMASK
10000a64:	b672      	cpsid	i
10000a66:	680a      	ldr	r2, [r1, #0]
10000a68:	2a00      	cmp	r2, #0
10000a6a:	d0fc      	beq.n	10000a66 <sleep_until_callback+0xa>
10000a6c:	f3bf 8f5f 	dmb	sy
10000a70:	681b      	ldr	r3, [r3, #0]
10000a72:	f3bf 8f5f 	dmb	sy
10000a76:	2200      	movs	r2, #0
10000a78:	601a      	str	r2, [r3, #0]
10000a7a:	f380 8810 	msr	PRIMASK, r0
10000a7e:	bf40      	sev
10000a80:	2000      	movs	r0, #0
10000a82:	2100      	movs	r1, #0
10000a84:	4770      	bx	lr
10000a86:	46c0      	nop			@ (mov r8, r8)
10000a88:	200020a4 	.word	0x200020a4

10000a8c <alarm_pool_irq_handler>:
10000a8c:	b5f0      	push	{r4, r5, r6, r7, lr}
10000a8e:	46de      	mov	lr, fp
10000a90:	4657      	mov	r7, sl
10000a92:	464e      	mov	r6, r9
10000a94:	4645      	mov	r5, r8
10000a96:	b5e0      	push	{r5, r6, r7, lr}
10000a98:	b083      	sub	sp, #12
10000a9a:	f3ef 8305 	mrs	r3, IPSR
10000a9e:	2203      	movs	r2, #3
10000aa0:	401a      	ands	r2, r3
10000aa2:	4693      	mov	fp, r2
10000aa4:	4bae      	ldr	r3, [pc, #696]	@ (10000d60 <alarm_pool_irq_handler+0x2d4>)
10000aa6:	0092      	lsls	r2, r2, #2
10000aa8:	4cae      	ldr	r4, [pc, #696]	@ (10000d64 <alarm_pool_irq_handler+0x2d8>)
10000aaa:	58d3      	ldr	r3, [r2, r3]
10000aac:	0020      	movs	r0, r4
10000aae:	4698      	mov	r8, r3
10000ab0:	f000 fbfa 	bl	100012a8 <timer_time_us_64>
10000ab4:	465a      	mov	r2, fp
10000ab6:	2301      	movs	r3, #1
10000ab8:	4093      	lsls	r3, r2
10000aba:	001a      	movs	r2, r3
10000abc:	9301      	str	r3, [sp, #4]
10000abe:	4baa      	ldr	r3, [pc, #680]	@ (10000d68 <alarm_pool_irq_handler+0x2dc>)
10000ac0:	601a      	str	r2, [r3, #0]
10000ac2:	4643      	mov	r3, r8
10000ac4:	2508      	movs	r5, #8
10000ac6:	5f5b      	ldrsh	r3, [r3, r5]
10000ac8:	6362      	str	r2, [r4, #52]	@ 0x34
10000aca:	4699      	mov	r9, r3
10000acc:	2b00      	cmp	r3, #0
10000ace:	db00      	blt.n	10000ad2 <alarm_pool_irq_handler+0x46>
10000ad0:	e13e      	b.n	10000d50 <alarm_pool_irq_handler+0x2c4>
10000ad2:	4643      	mov	r3, r8
10000ad4:	889b      	ldrh	r3, [r3, #4]
10000ad6:	b21b      	sxth	r3, r3
10000ad8:	2b00      	cmp	r3, #0
10000ada:	db00      	blt.n	10000ade <alarm_pool_irq_handler+0x52>
10000adc:	e083      	b.n	10000be6 <alarm_pool_irq_handler+0x15a>
10000ade:	4643      	mov	r3, r8
10000ae0:	799b      	ldrb	r3, [r3, #6]
10000ae2:	2b00      	cmp	r3, #0
10000ae4:	d000      	beq.n	10000ae8 <alarm_pool_irq_handler+0x5c>
10000ae6:	e0c5      	b.n	10000c74 <alarm_pool_irq_handler+0x1e8>
10000ae8:	4c9e      	ldr	r4, [pc, #632]	@ (10000d64 <alarm_pool_irq_handler+0x2d8>)
10000aea:	0020      	movs	r0, r4
10000aec:	f000 fbdc 	bl	100012a8 <timer_time_us_64>
10000af0:	4643      	mov	r3, r8
10000af2:	2208      	movs	r2, #8
10000af4:	5e9b      	ldrsh	r3, [r3, r2]
10000af6:	4699      	mov	r9, r3
10000af8:	2b00      	cmp	r3, #0
10000afa:	da00      	bge.n	10000afe <alarm_pool_irq_handler+0x72>
10000afc:	e113      	b.n	10000d26 <alarm_pool_irq_handler+0x29a>
10000afe:	4643      	mov	r3, r8
10000b00:	695d      	ldr	r5, [r3, #20]
10000b02:	464b      	mov	r3, r9
10000b04:	005a      	lsls	r2, r3, #1
10000b06:	18d3      	adds	r3, r2, r3
10000b08:	00db      	lsls	r3, r3, #3
10000b0a:	18eb      	adds	r3, r5, r3
10000b0c:	689e      	ldr	r6, [r3, #8]
10000b0e:	68df      	ldr	r7, [r3, #12]
10000b10:	465b      	mov	r3, fp
10000b12:	3304      	adds	r3, #4
10000b14:	009b      	lsls	r3, r3, #2
10000b16:	511e      	str	r6, [r3, r4]
10000b18:	428f      	cmp	r7, r1
10000b1a:	dd00      	ble.n	10000b1e <alarm_pool_irq_handler+0x92>
10000b1c:	e103      	b.n	10000d26 <alarm_pool_irq_handler+0x29a>
10000b1e:	d100      	bne.n	10000b22 <alarm_pool_irq_handler+0x96>
10000b20:	e0fe      	b.n	10000d20 <alarm_pool_irq_handler+0x294>
10000b22:	4b90      	ldr	r3, [pc, #576]	@ (10000d64 <alarm_pool_irq_handler+0x2d8>)
10000b24:	9c01      	ldr	r4, [sp, #4]
10000b26:	635c      	str	r4, [r3, #52]	@ 0x34
10000b28:	46aa      	mov	sl, r5
10000b2a:	444a      	add	r2, r9
10000b2c:	00d2      	lsls	r2, r2, #3
10000b2e:	4492      	add	sl, r2
10000b30:	4653      	mov	r3, sl
10000b32:	689e      	ldr	r6, [r3, #8]
10000b34:	68df      	ldr	r7, [r3, #12]
10000b36:	428f      	cmp	r7, r1
10000b38:	dccb      	bgt.n	10000ad2 <alarm_pool_irq_handler+0x46>
10000b3a:	d100      	bne.n	10000b3e <alarm_pool_irq_handler+0xb2>
10000b3c:	e0ec      	b.n	10000d18 <alarm_pool_irq_handler+0x28c>
10000b3e:	2f00      	cmp	r7, #0
10000b40:	da00      	bge.n	10000b44 <alarm_pool_irq_handler+0xb8>
10000b42:	e0cd      	b.n	10000ce0 <alarm_pool_irq_handler+0x254>
10000b44:	4652      	mov	r2, sl
10000b46:	4653      	mov	r3, sl
10000b48:	6954      	ldr	r4, [r2, #20]
10000b4a:	691b      	ldr	r3, [r3, #16]
10000b4c:	4a87      	ldr	r2, [pc, #540]	@ (10000d6c <alarm_pool_irq_handler+0x2e0>)
10000b4e:	4293      	cmp	r3, r2
10000b50:	d100      	bne.n	10000b54 <alarm_pool_irq_handler+0xc8>
10000b52:	e0ef      	b.n	10000d34 <alarm_pool_irq_handler+0x2a8>
10000b54:	4652      	mov	r2, sl
10000b56:	4649      	mov	r1, r9
10000b58:	8852      	ldrh	r2, [r2, #2]
10000b5a:	0408      	lsls	r0, r1, #16
10000b5c:	4310      	orrs	r0, r2
10000b5e:	0021      	movs	r1, r4
10000b60:	4798      	blx	r3
10000b62:	0004      	movs	r4, r0
10000b64:	000d      	movs	r5, r1
10000b66:	0023      	movs	r3, r4
10000b68:	432b      	orrs	r3, r5
10000b6a:	d100      	bne.n	10000b6e <alarm_pool_irq_handler+0xe2>
10000b6c:	e0b8      	b.n	10000ce0 <alarm_pool_irq_handler+0x254>
10000b6e:	2d00      	cmp	r5, #0
10000b70:	db00      	blt.n	10000b74 <alarm_pool_irq_handler+0xe8>
10000b72:	e0e7      	b.n	10000d44 <alarm_pool_irq_handler+0x2b8>
10000b74:	0030      	movs	r0, r6
10000b76:	0039      	movs	r1, r7
10000b78:	1b00      	subs	r0, r0, r4
10000b7a:	41a9      	sbcs	r1, r5
10000b7c:	4653      	mov	r3, sl
10000b7e:	6098      	str	r0, [r3, #8]
10000b80:	60d9      	str	r1, [r3, #12]
10000b82:	2200      	movs	r2, #0
10000b84:	5e9a      	ldrsh	r2, [r3, r2]
10000b86:	2a00      	cmp	r2, #0
10000b88:	dba3      	blt.n	10000ad2 <alarm_pool_irq_handler+0x46>
10000b8a:	4643      	mov	r3, r8
10000b8c:	695d      	ldr	r5, [r3, #20]
10000b8e:	0053      	lsls	r3, r2, #1
10000b90:	189c      	adds	r4, r3, r2
10000b92:	00e4      	lsls	r4, r4, #3
10000b94:	192c      	adds	r4, r5, r4
10000b96:	68a7      	ldr	r7, [r4, #8]
10000b98:	68e4      	ldr	r4, [r4, #12]
10000b9a:	428c      	cmp	r4, r1
10000b9c:	dc99      	bgt.n	10000ad2 <alarm_pool_irq_handler+0x46>
10000b9e:	d101      	bne.n	10000ba4 <alarm_pool_irq_handler+0x118>
10000ba0:	4287      	cmp	r7, r0
10000ba2:	d896      	bhi.n	10000ad2 <alarm_pool_irq_handler+0x46>
10000ba4:	4646      	mov	r6, r8
10000ba6:	8132      	strh	r2, [r6, #8]
10000ba8:	3608      	adds	r6, #8
10000baa:	e00d      	b.n	10000bc8 <alarm_pool_irq_handler+0x13c>
10000bac:	428c      	cmp	r4, r1
10000bae:	d100      	bne.n	10000bb2 <alarm_pool_irq_handler+0x126>
10000bb0:	e0d2      	b.n	10000d58 <alarm_pool_irq_handler+0x2cc>
10000bb2:	001e      	movs	r6, r3
10000bb4:	2300      	movs	r3, #0
10000bb6:	5ef2      	ldrsh	r2, [r6, r3]
10000bb8:	2a00      	cmp	r2, #0
10000bba:	db0a      	blt.n	10000bd2 <alarm_pool_irq_handler+0x146>
10000bbc:	0053      	lsls	r3, r2, #1
10000bbe:	189c      	adds	r4, r3, r2
10000bc0:	00e4      	lsls	r4, r4, #3
10000bc2:	192c      	adds	r4, r5, r4
10000bc4:	68a7      	ldr	r7, [r4, #8]
10000bc6:	68e4      	ldr	r4, [r4, #12]
10000bc8:	189b      	adds	r3, r3, r2
10000bca:	00db      	lsls	r3, r3, #3
10000bcc:	18eb      	adds	r3, r5, r3
10000bce:	428c      	cmp	r4, r1
10000bd0:	ddec      	ble.n	10000bac <alarm_pool_irq_handler+0x120>
10000bd2:	4653      	mov	r3, sl
10000bd4:	801a      	strh	r2, [r3, #0]
10000bd6:	464b      	mov	r3, r9
10000bd8:	8033      	strh	r3, [r6, #0]
10000bda:	4643      	mov	r3, r8
10000bdc:	889b      	ldrh	r3, [r3, #4]
10000bde:	b21b      	sxth	r3, r3
10000be0:	2b00      	cmp	r3, #0
10000be2:	da00      	bge.n	10000be6 <alarm_pool_irq_handler+0x15a>
10000be4:	e77b      	b.n	10000ade <alarm_pool_irq_handler+0x52>
10000be6:	4643      	mov	r3, r8
10000be8:	691a      	ldr	r2, [r3, #16]
10000bea:	f3ef 8110 	mrs	r1, PRIMASK
10000bee:	b672      	cpsid	i
10000bf0:	6813      	ldr	r3, [r2, #0]
10000bf2:	2b00      	cmp	r3, #0
10000bf4:	d0fc      	beq.n	10000bf0 <alarm_pool_irq_handler+0x164>
10000bf6:	f3bf 8f5f 	dmb	sy
10000bfa:	4643      	mov	r3, r8
10000bfc:	889e      	ldrh	r6, [r3, #4]
10000bfe:	2301      	movs	r3, #1
10000c00:	4642      	mov	r2, r8
10000c02:	425b      	negs	r3, r3
10000c04:	8093      	strh	r3, [r2, #4]
10000c06:	b236      	sxth	r6, r6
10000c08:	6913      	ldr	r3, [r2, #16]
10000c0a:	f3bf 8f5f 	dmb	sy
10000c0e:	2200      	movs	r2, #0
10000c10:	601a      	str	r2, [r3, #0]
10000c12:	f381 8810 	msr	PRIMASK, r1
10000c16:	2e00      	cmp	r6, #0
10000c18:	da00      	bge.n	10000c1c <alarm_pool_irq_handler+0x190>
10000c1a:	e760      	b.n	10000ade <alarm_pool_irq_handler+0x52>
10000c1c:	4643      	mov	r3, r8
10000c1e:	695d      	ldr	r5, [r3, #20]
10000c20:	2308      	movs	r3, #8
10000c22:	4443      	add	r3, r8
10000c24:	469c      	mov	ip, r3
10000c26:	0074      	lsls	r4, r6, #1
10000c28:	19a4      	adds	r4, r4, r6
10000c2a:	00e4      	lsls	r4, r4, #3
10000c2c:	192c      	adds	r4, r5, r4
10000c2e:	68a3      	ldr	r3, [r4, #8]
10000c30:	4661      	mov	r1, ip
10000c32:	469a      	mov	sl, r3
10000c34:	4643      	mov	r3, r8
10000c36:	2208      	movs	r2, #8
10000c38:	5e9a      	ldrsh	r2, [r3, r2]
10000c3a:	68e0      	ldr	r0, [r4, #12]
10000c3c:	2a00      	cmp	r2, #0
10000c3e:	da07      	bge.n	10000c50 <alarm_pool_irq_handler+0x1c4>
10000c40:	e00d      	b.n	10000c5e <alarm_pool_irq_handler+0x1d2>
10000c42:	4287      	cmp	r7, r0
10000c44:	d042      	beq.n	10000ccc <alarm_pool_irq_handler+0x240>
10000c46:	0019      	movs	r1, r3
10000c48:	2300      	movs	r3, #0
10000c4a:	5eca      	ldrsh	r2, [r1, r3]
10000c4c:	2a00      	cmp	r2, #0
10000c4e:	db06      	blt.n	10000c5e <alarm_pool_irq_handler+0x1d2>
10000c50:	0053      	lsls	r3, r2, #1
10000c52:	189b      	adds	r3, r3, r2
10000c54:	00db      	lsls	r3, r3, #3
10000c56:	18eb      	adds	r3, r5, r3
10000c58:	68df      	ldr	r7, [r3, #12]
10000c5a:	4287      	cmp	r7, r0
10000c5c:	ddf1      	ble.n	10000c42 <alarm_pool_irq_handler+0x1b6>
10000c5e:	800e      	strh	r6, [r1, #0]
10000c60:	2300      	movs	r3, #0
10000c62:	5ee6      	ldrsh	r6, [r4, r3]
10000c64:	8022      	strh	r2, [r4, #0]
10000c66:	2e00      	cmp	r6, #0
10000c68:	dadd      	bge.n	10000c26 <alarm_pool_irq_handler+0x19a>
10000c6a:	4643      	mov	r3, r8
10000c6c:	799b      	ldrb	r3, [r3, #6]
10000c6e:	2b00      	cmp	r3, #0
10000c70:	d100      	bne.n	10000c74 <alarm_pool_irq_handler+0x1e8>
10000c72:	e739      	b.n	10000ae8 <alarm_pool_irq_handler+0x5c>
10000c74:	2300      	movs	r3, #0
10000c76:	4642      	mov	r2, r8
10000c78:	7193      	strb	r3, [r2, #6]
10000c7a:	4643      	mov	r3, r8
10000c7c:	4645      	mov	r5, r8
10000c7e:	2608      	movs	r6, #8
10000c80:	5f9e      	ldrsh	r6, [r3, r6]
10000c82:	3508      	adds	r5, #8
10000c84:	1c73      	adds	r3, r6, #1
10000c86:	d100      	bne.n	10000c8a <alarm_pool_irq_handler+0x1fe>
10000c88:	e72e      	b.n	10000ae8 <alarm_pool_irq_handler+0x5c>
10000c8a:	6954      	ldr	r4, [r2, #20]
10000c8c:	e003      	b.n	10000c96 <alarm_pool_irq_handler+0x20a>
10000c8e:	003d      	movs	r5, r7
10000c90:	1c73      	adds	r3, r6, #1
10000c92:	d100      	bne.n	10000c96 <alarm_pool_irq_handler+0x20a>
10000c94:	e728      	b.n	10000ae8 <alarm_pool_irq_handler+0x5c>
10000c96:	0073      	lsls	r3, r6, #1
10000c98:	199b      	adds	r3, r3, r6
10000c9a:	00db      	lsls	r3, r3, #3
10000c9c:	18e7      	adds	r7, r4, r3
10000c9e:	0032      	movs	r2, r6
10000ca0:	5ee6      	ldrsh	r6, [r4, r3]
10000ca2:	887b      	ldrh	r3, [r7, #2]
10000ca4:	b21b      	sxth	r3, r3
10000ca6:	2b00      	cmp	r3, #0
10000ca8:	daf1      	bge.n	10000c8e <alarm_pool_irq_handler+0x202>
10000caa:	2001      	movs	r0, #1
10000cac:	4240      	negs	r0, r0
10000cae:	17c1      	asrs	r1, r0, #31
10000cb0:	4643      	mov	r3, r8
10000cb2:	60b8      	str	r0, [r7, #8]
10000cb4:	60f9      	str	r1, [r7, #12]
10000cb6:	2108      	movs	r1, #8
10000cb8:	5e5b      	ldrsh	r3, [r3, r1]
10000cba:	4293      	cmp	r3, r2
10000cbc:	d0e8      	beq.n	10000c90 <alarm_pool_irq_handler+0x204>
10000cbe:	4643      	mov	r3, r8
10000cc0:	802e      	strh	r6, [r5, #0]
10000cc2:	891b      	ldrh	r3, [r3, #8]
10000cc4:	803b      	strh	r3, [r7, #0]
10000cc6:	4643      	mov	r3, r8
10000cc8:	811a      	strh	r2, [r3, #8]
10000cca:	e7e1      	b.n	10000c90 <alarm_pool_irq_handler+0x204>
10000ccc:	689f      	ldr	r7, [r3, #8]
10000cce:	4557      	cmp	r7, sl
10000cd0:	d9b9      	bls.n	10000c46 <alarm_pool_irq_handler+0x1ba>
10000cd2:	800e      	strh	r6, [r1, #0]
10000cd4:	2300      	movs	r3, #0
10000cd6:	5ee6      	ldrsh	r6, [r4, r3]
10000cd8:	8022      	strh	r2, [r4, #0]
10000cda:	2e00      	cmp	r6, #0
10000cdc:	daa3      	bge.n	10000c26 <alarm_pool_irq_handler+0x19a>
10000cde:	e7c4      	b.n	10000c6a <alarm_pool_irq_handler+0x1de>
10000ce0:	4653      	mov	r3, sl
10000ce2:	4642      	mov	r2, r8
10000ce4:	881b      	ldrh	r3, [r3, #0]
10000ce6:	8113      	strh	r3, [r2, #8]
10000ce8:	6912      	ldr	r2, [r2, #16]
10000cea:	f3ef 8310 	mrs	r3, PRIMASK
10000cee:	b672      	cpsid	i
10000cf0:	6811      	ldr	r1, [r2, #0]
10000cf2:	2900      	cmp	r1, #0
10000cf4:	d0fc      	beq.n	10000cf0 <alarm_pool_irq_handler+0x264>
10000cf6:	f3bf 8f5f 	dmb	sy
10000cfa:	4642      	mov	r2, r8
10000cfc:	4651      	mov	r1, sl
10000cfe:	8852      	ldrh	r2, [r2, #2]
10000d00:	800a      	strh	r2, [r1, #0]
10000d02:	4642      	mov	r2, r8
10000d04:	4649      	mov	r1, r9
10000d06:	8051      	strh	r1, [r2, #2]
10000d08:	6912      	ldr	r2, [r2, #16]
10000d0a:	f3bf 8f5f 	dmb	sy
10000d0e:	2100      	movs	r1, #0
10000d10:	6011      	str	r1, [r2, #0]
10000d12:	f383 8810 	msr	PRIMASK, r3
10000d16:	e6dc      	b.n	10000ad2 <alarm_pool_irq_handler+0x46>
10000d18:	4286      	cmp	r6, r0
10000d1a:	d800      	bhi.n	10000d1e <alarm_pool_irq_handler+0x292>
10000d1c:	e70f      	b.n	10000b3e <alarm_pool_irq_handler+0xb2>
10000d1e:	e6d8      	b.n	10000ad2 <alarm_pool_irq_handler+0x46>
10000d20:	4286      	cmp	r6, r0
10000d22:	d800      	bhi.n	10000d26 <alarm_pool_irq_handler+0x29a>
10000d24:	e6fd      	b.n	10000b22 <alarm_pool_irq_handler+0x96>
10000d26:	b003      	add	sp, #12
10000d28:	bcf0      	pop	{r4, r5, r6, r7}
10000d2a:	46bb      	mov	fp, r7
10000d2c:	46b2      	mov	sl, r6
10000d2e:	46a9      	mov	r9, r5
10000d30:	46a0      	mov	r8, r4
10000d32:	bdf0      	pop	{r4, r5, r6, r7, pc}
10000d34:	0020      	movs	r0, r4
10000d36:	6923      	ldr	r3, [r4, #16]
10000d38:	4798      	blx	r3
10000d3a:	2800      	cmp	r0, #0
10000d3c:	d0d0      	beq.n	10000ce0 <alarm_pool_irq_handler+0x254>
10000d3e:	6865      	ldr	r5, [r4, #4]
10000d40:	6824      	ldr	r4, [r4, #0]
10000d42:	e710      	b.n	10000b66 <alarm_pool_irq_handler+0xda>
10000d44:	4807      	ldr	r0, [pc, #28]	@ (10000d64 <alarm_pool_irq_handler+0x2d8>)
10000d46:	f000 faaf 	bl	100012a8 <timer_time_us_64>
10000d4a:	1900      	adds	r0, r0, r4
10000d4c:	4169      	adcs	r1, r5
10000d4e:	e715      	b.n	10000b7c <alarm_pool_irq_handler+0xf0>
10000d50:	005a      	lsls	r2, r3, #1
10000d52:	4643      	mov	r3, r8
10000d54:	695d      	ldr	r5, [r3, #20]
10000d56:	e6e7      	b.n	10000b28 <alarm_pool_irq_handler+0x9c>
10000d58:	4287      	cmp	r7, r0
10000d5a:	d800      	bhi.n	10000d5e <alarm_pool_irq_handler+0x2d2>
10000d5c:	e729      	b.n	10000bb2 <alarm_pool_irq_handler+0x126>
10000d5e:	e738      	b.n	10000bd2 <alarm_pool_irq_handler+0x146>
10000d60:	20002088 	.word	0x20002088
10000d64:	40054000 	.word	0x40054000
10000d68:	4005703c 	.word	0x4005703c
10000d6c:	10000a8d 	.word	0x10000a8d

10000d70 <runtime_init_default_alarm_pool>:
10000d70:	b570      	push	{r4, r5, r6, lr}
10000d72:	4c2e      	ldr	r4, [pc, #184]	@ (10000e2c <runtime_init_default_alarm_pool+0xbc>)
10000d74:	6925      	ldr	r5, [r4, #16]
10000d76:	2d00      	cmp	r5, #0
10000d78:	d004      	beq.n	10000d84 <runtime_init_default_alarm_pool+0x14>
10000d7a:	210a      	movs	r1, #10
10000d7c:	482c      	ldr	r0, [pc, #176]	@ (10000e30 <runtime_init_default_alarm_pool+0xc0>)
10000d7e:	f7ff fe17 	bl	100009b0 <lock_init>
10000d82:	bd70      	pop	{r4, r5, r6, pc}
10000d84:	4e2b      	ldr	r6, [pc, #172]	@ (10000e34 <runtime_init_default_alarm_pool+0xc4>)
10000d86:	2103      	movs	r1, #3
10000d88:	0030      	movs	r0, r6
10000d8a:	f000 fa83 	bl	10001294 <timer_hardware_alarm_claim>
10000d8e:	60e6      	str	r6, [r4, #12]
10000d90:	f7ff fc00 	bl	10000594 <next_striped_spin_lock_num>
10000d94:	4b28      	ldr	r3, [pc, #160]	@ (10000e38 <runtime_init_default_alarm_pool+0xc8>)
10000d96:	2203      	movs	r2, #3
10000d98:	469c      	mov	ip, r3
10000d9a:	23d0      	movs	r3, #208	@ 0xd0
10000d9c:	7022      	strb	r2, [r4, #0]
10000d9e:	061b      	lsls	r3, r3, #24
10000da0:	681b      	ldr	r3, [r3, #0]
10000da2:	2101      	movs	r1, #1
10000da4:	7063      	strb	r3, [r4, #1]
10000da6:	4b25      	ldr	r3, [pc, #148]	@ (10000e3c <runtime_init_default_alarm_pool+0xcc>)
10000da8:	4460      	add	r0, ip
10000daa:	60a3      	str	r3, [r4, #8]
10000dac:	230f      	movs	r3, #15
10000dae:	0080      	lsls	r0, r0, #2
10000db0:	6120      	str	r0, [r4, #16]
10000db2:	2002      	movs	r0, #2
10000db4:	8063      	strh	r3, [r4, #2]
10000db6:	6963      	ldr	r3, [r4, #20]
10000db8:	4249      	negs	r1, r1
10000dba:	80a1      	strh	r1, [r4, #4]
10000dbc:	8019      	strh	r1, [r3, #0]
10000dbe:	3102      	adds	r1, #2
10000dc0:	8619      	strh	r1, [r3, #48]	@ 0x30
10000dc2:	3147      	adds	r1, #71	@ 0x47
10000dc4:	831d      	strh	r5, [r3, #24]
10000dc6:	5258      	strh	r0, [r3, r1]
10000dc8:	3118      	adds	r1, #24
10000dca:	525a      	strh	r2, [r3, r1]
10000dcc:	3275      	adds	r2, #117	@ 0x75
10000dce:	395c      	subs	r1, #92	@ 0x5c
10000dd0:	5299      	strh	r1, [r3, r2]
10000dd2:	3218      	adds	r2, #24
10000dd4:	3101      	adds	r1, #1
10000dd6:	5299      	strh	r1, [r3, r2]
10000dd8:	3218      	adds	r2, #24
10000dda:	3101      	adds	r1, #1
10000ddc:	5299      	strh	r1, [r3, r2]
10000dde:	3218      	adds	r2, #24
10000de0:	3101      	adds	r1, #1
10000de2:	5299      	strh	r1, [r3, r2]
10000de4:	3508      	adds	r5, #8
10000de6:	3218      	adds	r2, #24
10000de8:	529d      	strh	r5, [r3, r2]
10000dea:	3102      	adds	r1, #2
10000dec:	3218      	adds	r2, #24
10000dee:	5299      	strh	r1, [r3, r2]
10000df0:	3218      	adds	r2, #24
10000df2:	3101      	adds	r1, #1
10000df4:	5299      	strh	r1, [r3, r2]
10000df6:	3218      	adds	r2, #24
10000df8:	3101      	adds	r1, #1
10000dfa:	5299      	strh	r1, [r3, r2]
10000dfc:	3218      	adds	r2, #24
10000dfe:	3101      	adds	r1, #1
10000e00:	5299      	strh	r1, [r3, r2]
10000e02:	3218      	adds	r2, #24
10000e04:	3101      	adds	r1, #1
10000e06:	5299      	strh	r1, [r3, r2]
10000e08:	3218      	adds	r2, #24
10000e0a:	3101      	adds	r1, #1
10000e0c:	5299      	strh	r1, [r3, r2]
10000e0e:	4b0c      	ldr	r3, [pc, #48]	@ (10000e40 <runtime_init_default_alarm_pool+0xd0>)
10000e10:	490c      	ldr	r1, [pc, #48]	@ (10000e44 <runtime_init_default_alarm_pool+0xd4>)
10000e12:	60dc      	str	r4, [r3, #12]
10000e14:	3001      	adds	r0, #1
10000e16:	6235      	str	r5, [r6, #32]
10000e18:	f7ff fc36 	bl	10000688 <irq_set_exclusive_handler>
10000e1c:	2101      	movs	r1, #1
10000e1e:	2003      	movs	r0, #3
10000e20:	f7ff fbf6 	bl	10000610 <irq_set_enabled>
10000e24:	4b08      	ldr	r3, [pc, #32]	@ (10000e48 <runtime_init_default_alarm_pool+0xd8>)
10000e26:	601d      	str	r5, [r3, #0]
10000e28:	e7a7      	b.n	10000d7a <runtime_init_default_alarm_pool+0xa>
10000e2a:	46c0      	nop			@ (mov r8, r8)
10000e2c:	20000fe4 	.word	0x20000fe4
10000e30:	200020a4 	.word	0x200020a4
10000e34:	40054000 	.word	0x40054000
10000e38:	34000040 	.word	0x34000040
10000e3c:	0010ffff 	.word	0x0010ffff
10000e40:	20002088 	.word	0x20002088
10000e44:	10000a8d 	.word	0x10000a8d
10000e48:	40056038 	.word	0x40056038

10000e4c <alarm_pool_get_default>:
10000e4c:	4800      	ldr	r0, [pc, #0]	@ (10000e50 <alarm_pool_get_default+0x4>)
10000e4e:	4770      	bx	lr
10000e50:	20000fe4 	.word	0x20000fe4

10000e54 <alarm_pool_add_alarm_at>:
10000e54:	b5f8      	push	{r3, r4, r5, r6, r7, lr}
10000e56:	001f      	movs	r7, r3
10000e58:	ab08      	add	r3, sp, #32
10000e5a:	781b      	ldrb	r3, [r3, #0]
10000e5c:	0004      	movs	r4, r0
10000e5e:	0016      	movs	r6, r2
10000e60:	2b00      	cmp	r3, #0
10000e62:	d108      	bne.n	10000e76 <alarm_pool_add_alarm_at+0x22>
10000e64:	f000 fa28 	bl	100012b8 <time_us_64>
10000e68:	0032      	movs	r2, r6
10000e6a:	003b      	movs	r3, r7
10000e6c:	1a12      	subs	r2, r2, r0
10000e6e:	418b      	sbcs	r3, r1
10000e70:	2b00      	cmp	r3, #0
10000e72:	da00      	bge.n	10000e76 <alarm_pool_add_alarm_at+0x22>
10000e74:	e053      	b.n	10000f1e <alarm_pool_add_alarm_at+0xca>
10000e76:	6922      	ldr	r2, [r4, #16]
10000e78:	f3ef 8010 	mrs	r0, PRIMASK
10000e7c:	b672      	cpsid	i
10000e7e:	6813      	ldr	r3, [r2, #0]
10000e80:	2b00      	cmp	r3, #0
10000e82:	d0fc      	beq.n	10000e7e <alarm_pool_add_alarm_at+0x2a>
10000e84:	f3bf 8f5f 	dmb	sy
10000e88:	2302      	movs	r3, #2
10000e8a:	5ee1      	ldrsh	r1, [r4, r3]
10000e8c:	6963      	ldr	r3, [r4, #20]
10000e8e:	004a      	lsls	r2, r1, #1
10000e90:	1852      	adds	r2, r2, r1
10000e92:	00d2      	lsls	r2, r2, #3
10000e94:	189b      	adds	r3, r3, r2
10000e96:	2900      	cmp	r1, #0
10000e98:	db37      	blt.n	10000f0a <alarm_pool_add_alarm_at+0xb6>
10000e9a:	881a      	ldrh	r2, [r3, #0]
10000e9c:	8062      	strh	r2, [r4, #2]
10000e9e:	6922      	ldr	r2, [r4, #16]
10000ea0:	f3bf 8f5f 	dmb	sy
10000ea4:	2500      	movs	r5, #0
10000ea6:	6015      	str	r5, [r2, #0]
10000ea8:	f380 8810 	msr	PRIMASK, r0
10000eac:	9a06      	ldr	r2, [sp, #24]
10000eae:	609e      	str	r6, [r3, #8]
10000eb0:	60df      	str	r7, [r3, #12]
10000eb2:	611a      	str	r2, [r3, #16]
10000eb4:	9a07      	ldr	r2, [sp, #28]
10000eb6:	615a      	str	r2, [r3, #20]
10000eb8:	885a      	ldrh	r2, [r3, #2]
10000eba:	3201      	adds	r2, #1
10000ebc:	0452      	lsls	r2, r2, #17
10000ebe:	0c52      	lsrs	r2, r2, #17
10000ec0:	1c10      	adds	r0, r2, #0
10000ec2:	2a00      	cmp	r2, #0
10000ec4:	d01f      	beq.n	10000f06 <alarm_pool_add_alarm_at+0xb2>
10000ec6:	b282      	uxth	r2, r0
10000ec8:	8058      	strh	r0, [r3, #2]
10000eca:	0408      	lsls	r0, r1, #16
10000ecc:	4310      	orrs	r0, r2
10000ece:	6926      	ldr	r6, [r4, #16]
10000ed0:	f3ef 8710 	mrs	r7, PRIMASK
10000ed4:	b672      	cpsid	i
10000ed6:	6832      	ldr	r2, [r6, #0]
10000ed8:	2a00      	cmp	r2, #0
10000eda:	d0fc      	beq.n	10000ed6 <alarm_pool_add_alarm_at+0x82>
10000edc:	f3bf 8f5f 	dmb	sy
10000ee0:	88a2      	ldrh	r2, [r4, #4]
10000ee2:	801a      	strh	r2, [r3, #0]
10000ee4:	80a1      	strh	r1, [r4, #4]
10000ee6:	6923      	ldr	r3, [r4, #16]
10000ee8:	f3bf 8f5f 	dmb	sy
10000eec:	2200      	movs	r2, #0
10000eee:	601a      	str	r2, [r3, #0]
10000ef0:	f387 8810 	msr	PRIMASK, r7
10000ef4:	490b      	ldr	r1, [pc, #44]	@ (10000f24 <alarm_pool_add_alarm_at+0xd0>)
10000ef6:	7823      	ldrb	r3, [r4, #0]
10000ef8:	468c      	mov	ip, r1
10000efa:	3201      	adds	r2, #1
10000efc:	409a      	lsls	r2, r3
10000efe:	68e3      	ldr	r3, [r4, #12]
10000f00:	4463      	add	r3, ip
10000f02:	601a      	str	r2, [r3, #0]
10000f04:	bdf8      	pop	{r3, r4, r5, r6, r7, pc}
10000f06:	2001      	movs	r0, #1
10000f08:	e7dd      	b.n	10000ec6 <alarm_pool_add_alarm_at+0x72>
10000f0a:	6923      	ldr	r3, [r4, #16]
10000f0c:	f3bf 8f5f 	dmb	sy
10000f10:	2200      	movs	r2, #0
10000f12:	601a      	str	r2, [r3, #0]
10000f14:	f380 8810 	msr	PRIMASK, r0
10000f18:	2001      	movs	r0, #1
10000f1a:	4240      	negs	r0, r0
10000f1c:	e7f2      	b.n	10000f04 <alarm_pool_add_alarm_at+0xb0>
10000f1e:	2000      	movs	r0, #0
10000f20:	e7f0      	b.n	10000f04 <alarm_pool_add_alarm_at+0xb0>
10000f22:	46c0      	nop			@ (mov r8, r8)
10000f24:	0000203c 	.word	0x0000203c

10000f28 <alarm_pool_add_alarm_at_force_in_context>:
10000f28:	b570      	push	{r4, r5, r6, lr}
10000f2a:	0001      	movs	r1, r0
10000f2c:	6904      	ldr	r4, [r0, #16]
10000f2e:	f3ef 8c10 	mrs	ip, PRIMASK
10000f32:	b672      	cpsid	i
10000f34:	6820      	ldr	r0, [r4, #0]
10000f36:	2800      	cmp	r0, #0
10000f38:	d0fc      	beq.n	10000f34 <alarm_pool_add_alarm_at_force_in_context+0xc>
10000f3a:	f3bf 8f5f 	dmb	sy
10000f3e:	2002      	movs	r0, #2
10000f40:	5e0d      	ldrsh	r5, [r1, r0]
10000f42:	694c      	ldr	r4, [r1, #20]
10000f44:	0068      	lsls	r0, r5, #1
10000f46:	1940      	adds	r0, r0, r5
10000f48:	00c0      	lsls	r0, r0, #3
10000f4a:	1824      	adds	r4, r4, r0
10000f4c:	2d00      	cmp	r5, #0
10000f4e:	db37      	blt.n	10000fc0 <alarm_pool_add_alarm_at_force_in_context+0x98>
10000f50:	8820      	ldrh	r0, [r4, #0]
10000f52:	8048      	strh	r0, [r1, #2]
10000f54:	6908      	ldr	r0, [r1, #16]
10000f56:	f3bf 8f5f 	dmb	sy
10000f5a:	2600      	movs	r6, #0
10000f5c:	6006      	str	r6, [r0, #0]
10000f5e:	f38c 8810 	msr	PRIMASK, ip
10000f62:	60e3      	str	r3, [r4, #12]
10000f64:	8863      	ldrh	r3, [r4, #2]
10000f66:	9804      	ldr	r0, [sp, #16]
10000f68:	3301      	adds	r3, #1
10000f6a:	6120      	str	r0, [r4, #16]
10000f6c:	045b      	lsls	r3, r3, #17
10000f6e:	9805      	ldr	r0, [sp, #20]
10000f70:	0c5b      	lsrs	r3, r3, #17
10000f72:	60a2      	str	r2, [r4, #8]
10000f74:	6160      	str	r0, [r4, #20]
10000f76:	1c1a      	adds	r2, r3, #0
10000f78:	2b00      	cmp	r3, #0
10000f7a:	d01f      	beq.n	10000fbc <alarm_pool_add_alarm_at_force_in_context+0x94>
10000f7c:	b293      	uxth	r3, r2
10000f7e:	0428      	lsls	r0, r5, #16
10000f80:	8062      	strh	r2, [r4, #2]
10000f82:	4318      	orrs	r0, r3
10000f84:	690a      	ldr	r2, [r1, #16]
10000f86:	f3ef 8c10 	mrs	ip, PRIMASK
10000f8a:	b672      	cpsid	i
10000f8c:	6813      	ldr	r3, [r2, #0]
10000f8e:	2b00      	cmp	r3, #0
10000f90:	d0fc      	beq.n	10000f8c <alarm_pool_add_alarm_at_force_in_context+0x64>
10000f92:	f3bf 8f5f 	dmb	sy
10000f96:	888b      	ldrh	r3, [r1, #4]
10000f98:	8023      	strh	r3, [r4, #0]
10000f9a:	808d      	strh	r5, [r1, #4]
10000f9c:	690b      	ldr	r3, [r1, #16]
10000f9e:	f3bf 8f5f 	dmb	sy
10000fa2:	2200      	movs	r2, #0
10000fa4:	601a      	str	r2, [r3, #0]
10000fa6:	f38c 8810 	msr	PRIMASK, ip
10000faa:	780b      	ldrb	r3, [r1, #0]
10000fac:	3201      	adds	r2, #1
10000fae:	409a      	lsls	r2, r3
10000fb0:	68cb      	ldr	r3, [r1, #12]
10000fb2:	4908      	ldr	r1, [pc, #32]	@ (10000fd4 <alarm_pool_add_alarm_at_force_in_context+0xac>)
10000fb4:	468c      	mov	ip, r1
10000fb6:	4463      	add	r3, ip
10000fb8:	601a      	str	r2, [r3, #0]
10000fba:	bd70      	pop	{r4, r5, r6, pc}
10000fbc:	2201      	movs	r2, #1
10000fbe:	e7dd      	b.n	10000f7c <alarm_pool_add_alarm_at_force_in_context+0x54>
10000fc0:	690b      	ldr	r3, [r1, #16]
10000fc2:	f3bf 8f5f 	dmb	sy
10000fc6:	2200      	movs	r2, #0
10000fc8:	601a      	str	r2, [r3, #0]
10000fca:	f38c 8810 	msr	PRIMASK, ip
10000fce:	2001      	movs	r0, #1
10000fd0:	4240      	negs	r0, r0
10000fd2:	e7f2      	b.n	10000fba <alarm_pool_add_alarm_at_force_in_context+0x92>
10000fd4:	0000203c 	.word	0x0000203c

10000fd8 <alarm_pool_cancel_alarm>:
10000fd8:	b510      	push	{r4, lr}
10000fda:	8943      	ldrh	r3, [r0, #10]
10000fdc:	140a      	asrs	r2, r1, #16
10000fde:	4293      	cmp	r3, r2
10000fe0:	dd1a      	ble.n	10001018 <alarm_pool_cancel_alarm+0x40>
10000fe2:	0053      	lsls	r3, r2, #1
10000fe4:	189b      	adds	r3, r3, r2
10000fe6:	6942      	ldr	r2, [r0, #20]
10000fe8:	00db      	lsls	r3, r3, #3
10000fea:	18d3      	adds	r3, r2, r3
10000fec:	6904      	ldr	r4, [r0, #16]
10000fee:	f3ef 8c10 	mrs	ip, PRIMASK
10000ff2:	b672      	cpsid	i
10000ff4:	6822      	ldr	r2, [r4, #0]
10000ff6:	2a00      	cmp	r2, #0
10000ff8:	d0fc      	beq.n	10000ff4 <alarm_pool_cancel_alarm+0x1c>
10000ffa:	f3bf 8f5f 	dmb	sy
10000ffe:	885a      	ldrh	r2, [r3, #2]
10001000:	0409      	lsls	r1, r1, #16
10001002:	b294      	uxth	r4, r2
10001004:	0c09      	lsrs	r1, r1, #16
10001006:	428a      	cmp	r2, r1
10001008:	d008      	beq.n	1000101c <alarm_pool_cancel_alarm+0x44>
1000100a:	6903      	ldr	r3, [r0, #16]
1000100c:	f3bf 8f5f 	dmb	sy
10001010:	2200      	movs	r2, #0
10001012:	601a      	str	r2, [r3, #0]
10001014:	f38c 8810 	msr	PRIMASK, ip
10001018:	2000      	movs	r0, #0
1000101a:	bd10      	pop	{r4, pc}
1000101c:	2280      	movs	r2, #128	@ 0x80
1000101e:	0212      	lsls	r2, r2, #8
10001020:	4314      	orrs	r4, r2
10001022:	805c      	strh	r4, [r3, #2]
10001024:	2301      	movs	r3, #1
10001026:	6902      	ldr	r2, [r0, #16]
10001028:	7183      	strb	r3, [r0, #6]
1000102a:	f3bf 8f5f 	dmb	sy
1000102e:	2100      	movs	r1, #0
10001030:	6011      	str	r1, [r2, #0]
10001032:	f38c 8810 	msr	PRIMASK, ip
10001036:	4904      	ldr	r1, [pc, #16]	@ (10001048 <alarm_pool_cancel_alarm+0x70>)
10001038:	7802      	ldrb	r2, [r0, #0]
1000103a:	468c      	mov	ip, r1
1000103c:	4093      	lsls	r3, r2
1000103e:	68c2      	ldr	r2, [r0, #12]
10001040:	2001      	movs	r0, #1
10001042:	4462      	add	r2, ip
10001044:	6013      	str	r3, [r2, #0]
10001046:	e7e8      	b.n	1000101a <alarm_pool_cancel_alarm+0x42>
10001048:	0000203c 	.word	0x0000203c

1000104c <alarm_pool_core_num>:
1000104c:	7840      	ldrb	r0, [r0, #1]
1000104e:	4770      	bx	lr

10001050 <sleep_until>:
10001050:	b5f0      	push	{r4, r5, r6, r7, lr}
10001052:	0004      	movs	r4, r0
10001054:	000d      	movs	r5, r1
10001056:	2606      	movs	r6, #6
10001058:	4276      	negs	r6, r6
1000105a:	17f7      	asrs	r7, r6, #31
1000105c:	46c6      	mov	lr, r8
1000105e:	1936      	adds	r6, r6, r4
10001060:	416f      	adcs	r7, r5
10001062:	b500      	push	{lr}
10001064:	b082      	sub	sp, #8
10001066:	428f      	cmp	r7, r1
10001068:	d814      	bhi.n	10001094 <sleep_until+0x44>
1000106a:	d011      	beq.n	10001090 <sleep_until+0x40>
1000106c:	f000 f924 	bl	100012b8 <time_us_64>
10001070:	0032      	movs	r2, r6
10001072:	003b      	movs	r3, r7
10001074:	1a12      	subs	r2, r2, r0
10001076:	418b      	sbcs	r3, r1
10001078:	2b00      	cmp	r3, #0
1000107a:	dc17      	bgt.n	100010ac <sleep_until+0x5c>
1000107c:	2b00      	cmp	r3, #0
1000107e:	d047      	beq.n	10001110 <sleep_until+0xc0>
10001080:	0020      	movs	r0, r4
10001082:	0029      	movs	r1, r5
10001084:	f000 f922 	bl	100012cc <busy_wait_until>
10001088:	b002      	add	sp, #8
1000108a:	bc80      	pop	{r7}
1000108c:	46b8      	mov	r8, r7
1000108e:	bdf0      	pop	{r4, r5, r6, r7, pc}
10001090:	4286      	cmp	r6, r0
10001092:	d9eb      	bls.n	1000106c <sleep_until+0x1c>
10001094:	2200      	movs	r2, #0
10001096:	2300      	movs	r3, #0
10001098:	0016      	movs	r6, r2
1000109a:	001f      	movs	r7, r3
1000109c:	f000 f90c 	bl	100012b8 <time_us_64>
100010a0:	0032      	movs	r2, r6
100010a2:	003b      	movs	r3, r7
100010a4:	1a12      	subs	r2, r2, r0
100010a6:	418b      	sbcs	r3, r1
100010a8:	2b00      	cmp	r3, #0
100010aa:	dde7      	ble.n	1000107c <sleep_until+0x2c>
100010ac:	f000 f904 	bl	100012b8 <time_us_64>
100010b0:	0032      	movs	r2, r6
100010b2:	003b      	movs	r3, r7
100010b4:	1a12      	subs	r2, r2, r0
100010b6:	418b      	sbcs	r3, r1
100010b8:	2b00      	cmp	r3, #0
100010ba:	db0a      	blt.n	100010d2 <sleep_until+0x82>
100010bc:	2300      	movs	r3, #0
100010be:	9301      	str	r3, [sp, #4]
100010c0:	4b15      	ldr	r3, [pc, #84]	@ (10001118 <sleep_until+0xc8>)
100010c2:	0032      	movs	r2, r6
100010c4:	9300      	str	r3, [sp, #0]
100010c6:	4815      	ldr	r0, [pc, #84]	@ (1000111c <sleep_until+0xcc>)
100010c8:	003b      	movs	r3, r7
100010ca:	f7ff ff2d 	bl	10000f28 <alarm_pool_add_alarm_at_force_in_context>
100010ce:	2800      	cmp	r0, #0
100010d0:	dbd6      	blt.n	10001080 <sleep_until+0x30>
100010d2:	2300      	movs	r3, #0
100010d4:	469c      	mov	ip, r3
100010d6:	46b0      	mov	r8, r6
100010d8:	4a11      	ldr	r2, [pc, #68]	@ (10001120 <sleep_until+0xd0>)
100010da:	4e12      	ldr	r6, [pc, #72]	@ (10001124 <sleep_until+0xd4>)
100010dc:	6a73      	ldr	r3, [r6, #36]	@ 0x24
100010de:	429f      	cmp	r7, r3
100010e0:	d804      	bhi.n	100010ec <sleep_until+0x9c>
100010e2:	6ab1      	ldr	r1, [r6, #40]	@ 0x28
100010e4:	4588      	cmp	r8, r1
100010e6:	d9cb      	bls.n	10001080 <sleep_until+0x30>
100010e8:	429f      	cmp	r7, r3
100010ea:	d1c9      	bne.n	10001080 <sleep_until+0x30>
100010ec:	6811      	ldr	r1, [r2, #0]
100010ee:	f3ef 8010 	mrs	r0, PRIMASK
100010f2:	b672      	cpsid	i
100010f4:	680b      	ldr	r3, [r1, #0]
100010f6:	2b00      	cmp	r3, #0
100010f8:	d0fc      	beq.n	100010f4 <sleep_until+0xa4>
100010fa:	f3bf 8f5f 	dmb	sy
100010fe:	6813      	ldr	r3, [r2, #0]
10001100:	f3bf 8f5f 	dmb	sy
10001104:	4661      	mov	r1, ip
10001106:	6019      	str	r1, [r3, #0]
10001108:	f380 8810 	msr	PRIMASK, r0
1000110c:	bf20      	wfe
1000110e:	e7e5      	b.n	100010dc <sleep_until+0x8c>
10001110:	2a00      	cmp	r2, #0
10001112:	d0b5      	beq.n	10001080 <sleep_until+0x30>
10001114:	e7ca      	b.n	100010ac <sleep_until+0x5c>
10001116:	46c0      	nop			@ (mov r8, r8)
10001118:	10000a5d 	.word	0x10000a5d
1000111c:	20000fe4 	.word	0x20000fe4
10001120:	200020a4 	.word	0x200020a4
10001124:	40054000 	.word	0x40054000

10001128 <sleep_ms>:
10001128:	b570      	push	{r4, r5, r6, lr}
1000112a:	0006      	movs	r6, r0
1000112c:	f000 f8c4 	bl	100012b8 <time_us_64>
10001130:	22fa      	movs	r2, #250	@ 0xfa
10001132:	0004      	movs	r4, r0
10001134:	000d      	movs	r5, r1
10001136:	2300      	movs	r3, #0
10001138:	0030      	movs	r0, r6
1000113a:	2100      	movs	r1, #0
1000113c:	0092      	lsls	r2, r2, #2
1000113e:	f001 f9eb 	bl	10002518 <__wrap___aeabi_lmul>
10001142:	2380      	movs	r3, #128	@ 0x80
10001144:	1900      	adds	r0, r0, r4
10001146:	4169      	adcs	r1, r5
10001148:	061b      	lsls	r3, r3, #24
1000114a:	4299      	cmp	r1, r3
1000114c:	d302      	bcc.n	10001154 <sleep_ms+0x2c>
1000114e:	2001      	movs	r0, #1
10001150:	4902      	ldr	r1, [pc, #8]	@ (1000115c <sleep_ms+0x34>)
10001152:	4240      	negs	r0, r0
10001154:	f7ff ff7c 	bl	10001050 <sleep_until>
10001158:	bd70      	pop	{r4, r5, r6, pc}
1000115a:	46c0      	nop			@ (mov r8, r8)
1000115c:	7fffffff 	.word	0x7fffffff

10001160 <best_effort_wfe_or_timeout>:
10001160:	b5f0      	push	{r4, r5, r6, r7, lr}
10001162:	46c6      	mov	lr, r8
10001164:	0004      	movs	r4, r0
10001166:	000d      	movs	r5, r1
10001168:	b500      	push	{lr}
1000116a:	f3ef 8305 	mrs	r3, IPSR
1000116e:	000e      	movs	r6, r1
10001170:	2b00      	cmp	r3, #0
10001172:	d00c      	beq.n	1000118e <best_effort_wfe_or_timeout+0x2e>
10001174:	4943      	ldr	r1, [pc, #268]	@ (10001284 <best_effort_wfe_or_timeout+0x124>)
10001176:	2000      	movs	r0, #0
10001178:	6a4b      	ldr	r3, [r1, #36]	@ 0x24
1000117a:	42ab      	cmp	r3, r5
1000117c:	d304      	bcc.n	10001188 <best_effort_wfe_or_timeout+0x28>
1000117e:	6a8a      	ldr	r2, [r1, #40]	@ 0x28
10001180:	3001      	adds	r0, #1
10001182:	42a2      	cmp	r2, r4
10001184:	d200      	bcs.n	10001188 <best_effort_wfe_or_timeout+0x28>
10001186:	e06a      	b.n	1000125e <best_effort_wfe_or_timeout+0xfe>
10001188:	bc80      	pop	{r7}
1000118a:	46b8      	mov	r8, r7
1000118c:	bdf0      	pop	{r4, r5, r6, r7, pc}
1000118e:	f000 f893 	bl	100012b8 <time_us_64>
10001192:	0022      	movs	r2, r4
10001194:	002b      	movs	r3, r5
10001196:	1a12      	subs	r2, r2, r0
10001198:	418b      	sbcs	r3, r1
1000119a:	2b00      	cmp	r3, #0
1000119c:	db54      	blt.n	10001248 <best_effort_wfe_or_timeout+0xe8>
1000119e:	483a      	ldr	r0, [pc, #232]	@ (10001288 <best_effort_wfe_or_timeout+0x128>)
100011a0:	6902      	ldr	r2, [r0, #16]
100011a2:	f3ef 8810 	mrs	r8, PRIMASK
100011a6:	b672      	cpsid	i
100011a8:	6813      	ldr	r3, [r2, #0]
100011aa:	2b00      	cmp	r3, #0
100011ac:	d0fc      	beq.n	100011a8 <best_effort_wfe_or_timeout+0x48>
100011ae:	f3bf 8f5f 	dmb	sy
100011b2:	2302      	movs	r3, #2
100011b4:	5ec7      	ldrsh	r7, [r0, r3]
100011b6:	6943      	ldr	r3, [r0, #20]
100011b8:	007a      	lsls	r2, r7, #1
100011ba:	19d2      	adds	r2, r2, r7
100011bc:	00d2      	lsls	r2, r2, #3
100011be:	189b      	adds	r3, r3, r2
100011c0:	2f00      	cmp	r7, #0
100011c2:	db57      	blt.n	10001274 <best_effort_wfe_or_timeout+0x114>
100011c4:	881a      	ldrh	r2, [r3, #0]
100011c6:	8042      	strh	r2, [r0, #2]
100011c8:	6902      	ldr	r2, [r0, #16]
100011ca:	4694      	mov	ip, r2
100011cc:	f3bf 8f5f 	dmb	sy
100011d0:	2200      	movs	r2, #0
100011d2:	4661      	mov	r1, ip
100011d4:	600a      	str	r2, [r1, #0]
100011d6:	f388 8810 	msr	PRIMASK, r8
100011da:	615a      	str	r2, [r3, #20]
100011dc:	885a      	ldrh	r2, [r3, #2]
100011de:	492b      	ldr	r1, [pc, #172]	@ (1000128c <best_effort_wfe_or_timeout+0x12c>)
100011e0:	3201      	adds	r2, #1
100011e2:	0452      	lsls	r2, r2, #17
100011e4:	0c52      	lsrs	r2, r2, #17
100011e6:	6119      	str	r1, [r3, #16]
100011e8:	609c      	str	r4, [r3, #8]
100011ea:	60dd      	str	r5, [r3, #12]
100011ec:	1c11      	adds	r1, r2, #0
100011ee:	2a00      	cmp	r2, #0
100011f0:	d100      	bne.n	100011f4 <best_effort_wfe_or_timeout+0x94>
100011f2:	2101      	movs	r1, #1
100011f4:	b28a      	uxth	r2, r1
100011f6:	8059      	strh	r1, [r3, #2]
100011f8:	0439      	lsls	r1, r7, #16
100011fa:	4311      	orrs	r1, r2
100011fc:	6902      	ldr	r2, [r0, #16]
100011fe:	4694      	mov	ip, r2
10001200:	f3ef 8810 	mrs	r8, PRIMASK
10001204:	b672      	cpsid	i
10001206:	4662      	mov	r2, ip
10001208:	6812      	ldr	r2, [r2, #0]
1000120a:	2a00      	cmp	r2, #0
1000120c:	d0fb      	beq.n	10001206 <best_effort_wfe_or_timeout+0xa6>
1000120e:	f3bf 8f5f 	dmb	sy
10001212:	8882      	ldrh	r2, [r0, #4]
10001214:	801a      	strh	r2, [r3, #0]
10001216:	6903      	ldr	r3, [r0, #16]
10001218:	8087      	strh	r7, [r0, #4]
1000121a:	f3bf 8f5f 	dmb	sy
1000121e:	2200      	movs	r2, #0
10001220:	601a      	str	r2, [r3, #0]
10001222:	f388 8810 	msr	PRIMASK, r8
10001226:	4f1a      	ldr	r7, [pc, #104]	@ (10001290 <best_effort_wfe_or_timeout+0x130>)
10001228:	7803      	ldrb	r3, [r0, #0]
1000122a:	46bc      	mov	ip, r7
1000122c:	3201      	adds	r2, #1
1000122e:	409a      	lsls	r2, r3
10001230:	68c3      	ldr	r3, [r0, #12]
10001232:	4463      	add	r3, ip
10001234:	601a      	str	r2, [r3, #0]
10001236:	bf40      	sev
10001238:	bf20      	wfe
1000123a:	4b12      	ldr	r3, [pc, #72]	@ (10001284 <best_effort_wfe_or_timeout+0x124>)
1000123c:	6a5a      	ldr	r2, [r3, #36]	@ 0x24
1000123e:	42b2      	cmp	r2, r6
10001240:	d212      	bcs.n	10001268 <best_effort_wfe_or_timeout+0x108>
10001242:	bf20      	wfe
10001244:	f7ff fec8 	bl	10000fd8 <alarm_pool_cancel_alarm>
10001248:	4a0e      	ldr	r2, [pc, #56]	@ (10001284 <best_effort_wfe_or_timeout+0x124>)
1000124a:	2000      	movs	r0, #0
1000124c:	6a53      	ldr	r3, [r2, #36]	@ 0x24
1000124e:	42b3      	cmp	r3, r6
10001250:	d200      	bcs.n	10001254 <best_effort_wfe_or_timeout+0xf4>
10001252:	e799      	b.n	10001188 <best_effort_wfe_or_timeout+0x28>
10001254:	6a92      	ldr	r2, [r2, #40]	@ 0x28
10001256:	3001      	adds	r0, #1
10001258:	42a2      	cmp	r2, r4
1000125a:	d300      	bcc.n	1000125e <best_effort_wfe_or_timeout+0xfe>
1000125c:	e794      	b.n	10001188 <best_effort_wfe_or_timeout+0x28>
1000125e:	1b5b      	subs	r3, r3, r5
10001260:	1e5a      	subs	r2, r3, #1
10001262:	4193      	sbcs	r3, r2
10001264:	b2d8      	uxtb	r0, r3
10001266:	e78f      	b.n	10001188 <best_effort_wfe_or_timeout+0x28>
10001268:	6a9b      	ldr	r3, [r3, #40]	@ 0x28
1000126a:	42a3      	cmp	r3, r4
1000126c:	d2ea      	bcs.n	10001244 <best_effort_wfe_or_timeout+0xe4>
1000126e:	42b2      	cmp	r2, r6
10001270:	d1e8      	bne.n	10001244 <best_effort_wfe_or_timeout+0xe4>
10001272:	e7e6      	b.n	10001242 <best_effort_wfe_or_timeout+0xe2>
10001274:	6903      	ldr	r3, [r0, #16]
10001276:	f3bf 8f5f 	dmb	sy
1000127a:	2200      	movs	r2, #0
1000127c:	601a      	str	r2, [r3, #0]
1000127e:	f388 8810 	msr	PRIMASK, r8
10001282:	e7e1      	b.n	10001248 <best_effort_wfe_or_timeout+0xe8>
10001284:	40054000 	.word	0x40054000
10001288:	20000fe4 	.word	0x20000fe4
1000128c:	10000a5d 	.word	0x10000a5d
10001290:	0000203c 	.word	0x0000203c

10001294 <timer_hardware_alarm_claim>:
10001294:	b510      	push	{r4, lr}
10001296:	4a02      	ldr	r2, [pc, #8]	@ (100012a0 <timer_hardware_alarm_claim+0xc>)
10001298:	4802      	ldr	r0, [pc, #8]	@ (100012a4 <timer_hardware_alarm_claim+0x10>)
1000129a:	f7ff f90b 	bl	100004b4 <hw_claim_or_assert>
1000129e:	bd10      	pop	{r4, pc}
100012a0:	10006990 	.word	0x10006990
100012a4:	20001bfc 	.word	0x20001bfc

100012a8 <timer_time_us_64>:
100012a8:	0003      	movs	r3, r0
100012aa:	6a41      	ldr	r1, [r0, #36]	@ 0x24
100012ac:	000a      	movs	r2, r1
100012ae:	6a98      	ldr	r0, [r3, #40]	@ 0x28
100012b0:	6a59      	ldr	r1, [r3, #36]	@ 0x24
100012b2:	428a      	cmp	r2, r1
100012b4:	d1fa      	bne.n	100012ac <timer_time_us_64+0x4>
100012b6:	4770      	bx	lr

100012b8 <time_us_64>:
100012b8:	4b03      	ldr	r3, [pc, #12]	@ (100012c8 <time_us_64+0x10>)
100012ba:	6a59      	ldr	r1, [r3, #36]	@ 0x24
100012bc:	000a      	movs	r2, r1
100012be:	6a98      	ldr	r0, [r3, #40]	@ 0x28
100012c0:	6a59      	ldr	r1, [r3, #36]	@ 0x24
100012c2:	4291      	cmp	r1, r2
100012c4:	d1fa      	bne.n	100012bc <time_us_64+0x4>
100012c6:	4770      	bx	lr
100012c8:	40054000 	.word	0x40054000

100012cc <busy_wait_until>:
100012cc:	4a06      	ldr	r2, [pc, #24]	@ (100012e8 <busy_wait_until+0x1c>)
100012ce:	6a53      	ldr	r3, [r2, #36]	@ 0x24
100012d0:	4299      	cmp	r1, r3
100012d2:	d8fc      	bhi.n	100012ce <busy_wait_until+0x2>
100012d4:	d107      	bne.n	100012e6 <busy_wait_until+0x1a>
100012d6:	4b04      	ldr	r3, [pc, #16]	@ (100012e8 <busy_wait_until+0x1c>)
100012d8:	e002      	b.n	100012e0 <busy_wait_until+0x14>
100012da:	6a5a      	ldr	r2, [r3, #36]	@ 0x24
100012dc:	4291      	cmp	r1, r2
100012de:	d102      	bne.n	100012e6 <busy_wait_until+0x1a>
100012e0:	6a9a      	ldr	r2, [r3, #40]	@ 0x28
100012e2:	4282      	cmp	r2, r0
100012e4:	d3f9      	bcc.n	100012da <busy_wait_until+0xe>
100012e6:	4770      	bx	lr
100012e8:	40054000 	.word	0x40054000

100012ec <clock_configure_int_divider>:
100012ec:	b5f8      	push	{r3, r4, r5, r6, r7, lr}
100012ee:	46de      	mov	lr, fp
100012f0:	464e      	mov	r6, r9
100012f2:	4657      	mov	r7, sl
100012f4:	4645      	mov	r5, r8
100012f6:	b5e0      	push	{r5, r6, r7, lr}
100012f8:	468b      	mov	fp, r1
100012fa:	0005      	movs	r5, r0
100012fc:	990a      	ldr	r1, [sp, #40]	@ 0x28
100012fe:	0018      	movs	r0, r3
10001300:	0016      	movs	r6, r2
10001302:	f000 faed 	bl	100018e0 <__wrap___aeabi_uidiv>
10001306:	9b0a      	ldr	r3, [sp, #40]	@ 0x28
10001308:	006c      	lsls	r4, r5, #1
1000130a:	021f      	lsls	r7, r3, #8
1000130c:	4b32      	ldr	r3, [pc, #200]	@ (100013d8 <clock_configure_int_divider+0xec>)
1000130e:	1964      	adds	r4, r4, r5
10001310:	469c      	mov	ip, r3
10001312:	00a4      	lsls	r4, r4, #2
10001314:	4464      	add	r4, ip
10001316:	6863      	ldr	r3, [r4, #4]
10001318:	4681      	mov	r9, r0
1000131a:	429f      	cmp	r7, r3
1000131c:	d900      	bls.n	10001320 <clock_configure_int_divider+0x34>
1000131e:	6067      	str	r7, [r4, #4]
10001320:	1f2b      	subs	r3, r5, #4
10001322:	b2db      	uxtb	r3, r3
10001324:	4698      	mov	r8, r3
10001326:	2b01      	cmp	r3, #1
10001328:	d930      	bls.n	1000138c <clock_configure_int_divider+0xa0>
1000132a:	23c0      	movs	r3, #192	@ 0xc0
1000132c:	2280      	movs	r2, #128	@ 0x80
1000132e:	019b      	lsls	r3, r3, #6
10001330:	18e3      	adds	r3, r4, r3
10001332:	0112      	lsls	r2, r2, #4
10001334:	601a      	str	r2, [r3, #0]
10001336:	4b29      	ldr	r3, [pc, #164]	@ (100013dc <clock_configure_int_divider+0xf0>)
10001338:	00ad      	lsls	r5, r5, #2
1000133a:	5959      	ldr	r1, [r3, r5]
1000133c:	469a      	mov	sl, r3
1000133e:	2900      	cmp	r1, #0
10001340:	d11b      	bne.n	1000137a <clock_configure_int_divider+0x8e>
10001342:	0173      	lsls	r3, r6, #5
10001344:	26e0      	movs	r6, #224	@ 0xe0
10001346:	6822      	ldr	r2, [r4, #0]
10001348:	4053      	eors	r3, r2
1000134a:	401e      	ands	r6, r3
1000134c:	2380      	movs	r3, #128	@ 0x80
1000134e:	4642      	mov	r2, r8
10001350:	015b      	lsls	r3, r3, #5
10001352:	18e3      	adds	r3, r4, r3
10001354:	601e      	str	r6, [r3, #0]
10001356:	2a01      	cmp	r2, #1
10001358:	d930      	bls.n	100013bc <clock_configure_int_divider+0xd0>
1000135a:	2380      	movs	r3, #128	@ 0x80
1000135c:	2280      	movs	r2, #128	@ 0x80
1000135e:	019b      	lsls	r3, r3, #6
10001360:	18e3      	adds	r3, r4, r3
10001362:	0112      	lsls	r2, r2, #4
10001364:	601a      	str	r2, [r3, #0]
10001366:	4653      	mov	r3, sl
10001368:	464a      	mov	r2, r9
1000136a:	6067      	str	r7, [r4, #4]
1000136c:	515a      	str	r2, [r3, r5]
1000136e:	bcf0      	pop	{r4, r5, r6, r7}
10001370:	46bb      	mov	fp, r7
10001372:	46b2      	mov	sl, r6
10001374:	46a9      	mov	r9, r5
10001376:	46a0      	mov	r8, r4
10001378:	bdf8      	pop	{r3, r4, r5, r6, r7, pc}
1000137a:	6958      	ldr	r0, [r3, #20]
1000137c:	f000 fab0 	bl	100018e0 <__wrap___aeabi_uidiv>
10001380:	3001      	adds	r0, #1
10001382:	0043      	lsls	r3, r0, #1
10001384:	181b      	adds	r3, r3, r0
10001386:	3b03      	subs	r3, #3
10001388:	d2fd      	bcs.n	10001386 <clock_configure_int_divider+0x9a>
1000138a:	e7da      	b.n	10001342 <clock_configure_int_divider+0x56>
1000138c:	465b      	mov	r3, fp
1000138e:	2b01      	cmp	r3, #1
10001390:	d1cb      	bne.n	1000132a <clock_configure_int_divider+0x3e>
10001392:	23c0      	movs	r3, #192	@ 0xc0
10001394:	2203      	movs	r2, #3
10001396:	019b      	lsls	r3, r3, #6
10001398:	18e3      	adds	r3, r4, r3
1000139a:	601a      	str	r2, [r3, #0]
1000139c:	3a02      	subs	r2, #2
1000139e:	68a3      	ldr	r3, [r4, #8]
100013a0:	421a      	tst	r2, r3
100013a2:	d0fc      	beq.n	1000139e <clock_configure_int_divider+0xb2>
100013a4:	0173      	lsls	r3, r6, #5
100013a6:	26e0      	movs	r6, #224	@ 0xe0
100013a8:	6822      	ldr	r2, [r4, #0]
100013aa:	00ad      	lsls	r5, r5, #2
100013ac:	4053      	eors	r3, r2
100013ae:	401e      	ands	r6, r3
100013b0:	2380      	movs	r3, #128	@ 0x80
100013b2:	4a0a      	ldr	r2, [pc, #40]	@ (100013dc <clock_configure_int_divider+0xf0>)
100013b4:	015b      	lsls	r3, r3, #5
100013b6:	4692      	mov	sl, r2
100013b8:	18e3      	adds	r3, r4, r3
100013ba:	601e      	str	r6, [r3, #0]
100013bc:	465a      	mov	r2, fp
100013be:	6821      	ldr	r1, [r4, #0]
100013c0:	4051      	eors	r1, r2
100013c2:	2203      	movs	r2, #3
100013c4:	400a      	ands	r2, r1
100013c6:	601a      	str	r2, [r3, #0]
100013c8:	2201      	movs	r2, #1
100013ca:	465b      	mov	r3, fp
100013cc:	409a      	lsls	r2, r3
100013ce:	68a3      	ldr	r3, [r4, #8]
100013d0:	421a      	tst	r2, r3
100013d2:	d0fc      	beq.n	100013ce <clock_configure_int_divider+0xe2>
100013d4:	e7c1      	b.n	1000135a <clock_configure_int_divider+0x6e>
100013d6:	46c0      	nop			@ (mov r8, r8)
100013d8:	40008000 	.word	0x40008000
100013dc:	20001c00 	.word	0x20001c00

100013e0 <clock_configure_undivided>:
100013e0:	b5f0      	push	{r4, r5, r6, r7, lr}
100013e2:	4646      	mov	r6, r8
100013e4:	464f      	mov	r7, r9
100013e6:	46d6      	mov	lr, sl
100013e8:	b5c0      	push	{r6, r7, lr}
100013ea:	001f      	movs	r7, r3
100013ec:	4b34      	ldr	r3, [pc, #208]	@ (100014c0 <clock_configure_undivided+0xe0>)
100013ee:	0044      	lsls	r4, r0, #1
100013f0:	469c      	mov	ip, r3
100013f2:	1824      	adds	r4, r4, r0
100013f4:	00a4      	lsls	r4, r4, #2
100013f6:	4464      	add	r4, ip
100013f8:	6863      	ldr	r3, [r4, #4]
100013fa:	4688      	mov	r8, r1
100013fc:	0016      	movs	r6, r2
100013fe:	2bff      	cmp	r3, #255	@ 0xff
10001400:	d802      	bhi.n	10001408 <clock_configure_undivided+0x28>
10001402:	2380      	movs	r3, #128	@ 0x80
10001404:	005b      	lsls	r3, r3, #1
10001406:	6063      	str	r3, [r4, #4]
10001408:	1f03      	subs	r3, r0, #4
1000140a:	b2db      	uxtb	r3, r3
1000140c:	469a      	mov	sl, r3
1000140e:	2b01      	cmp	r3, #1
10001410:	d930      	bls.n	10001474 <clock_configure_undivided+0x94>
10001412:	23c0      	movs	r3, #192	@ 0xc0
10001414:	2280      	movs	r2, #128	@ 0x80
10001416:	019b      	lsls	r3, r3, #6
10001418:	18e3      	adds	r3, r4, r3
1000141a:	0112      	lsls	r2, r2, #4
1000141c:	601a      	str	r2, [r3, #0]
1000141e:	4b29      	ldr	r3, [pc, #164]	@ (100014c4 <clock_configure_undivided+0xe4>)
10001420:	0085      	lsls	r5, r0, #2
10001422:	5959      	ldr	r1, [r3, r5]
10001424:	4699      	mov	r9, r3
10001426:	2900      	cmp	r1, #0
10001428:	d11b      	bne.n	10001462 <clock_configure_undivided+0x82>
1000142a:	0173      	lsls	r3, r6, #5
1000142c:	26e0      	movs	r6, #224	@ 0xe0
1000142e:	6822      	ldr	r2, [r4, #0]
10001430:	4053      	eors	r3, r2
10001432:	401e      	ands	r6, r3
10001434:	2380      	movs	r3, #128	@ 0x80
10001436:	4652      	mov	r2, sl
10001438:	015b      	lsls	r3, r3, #5
1000143a:	18e3      	adds	r3, r4, r3
1000143c:	601e      	str	r6, [r3, #0]
1000143e:	2a01      	cmp	r2, #1
10001440:	d930      	bls.n	100014a4 <clock_configure_undivided+0xc4>
10001442:	2380      	movs	r3, #128	@ 0x80
10001444:	2280      	movs	r2, #128	@ 0x80
10001446:	019b      	lsls	r3, r3, #6
10001448:	18e3      	adds	r3, r4, r3
1000144a:	0112      	lsls	r2, r2, #4
1000144c:	601a      	str	r2, [r3, #0]
1000144e:	2380      	movs	r3, #128	@ 0x80
10001450:	005b      	lsls	r3, r3, #1
10001452:	6063      	str	r3, [r4, #4]
10001454:	464b      	mov	r3, r9
10001456:	515f      	str	r7, [r3, r5]
10001458:	bce0      	pop	{r5, r6, r7}
1000145a:	46ba      	mov	sl, r7
1000145c:	46b1      	mov	r9, r6
1000145e:	46a8      	mov	r8, r5
10001460:	bdf0      	pop	{r4, r5, r6, r7, pc}
10001462:	6958      	ldr	r0, [r3, #20]
10001464:	f000 fa3c 	bl	100018e0 <__wrap___aeabi_uidiv>
10001468:	3001      	adds	r0, #1
1000146a:	0043      	lsls	r3, r0, #1
1000146c:	181b      	adds	r3, r3, r0
1000146e:	3b03      	subs	r3, #3
10001470:	d2fd      	bcs.n	1000146e <clock_configure_undivided+0x8e>
10001472:	e7da      	b.n	1000142a <clock_configure_undivided+0x4a>
10001474:	4643      	mov	r3, r8
10001476:	2b01      	cmp	r3, #1
10001478:	d1cb      	bne.n	10001412 <clock_configure_undivided+0x32>
1000147a:	23c0      	movs	r3, #192	@ 0xc0
1000147c:	2203      	movs	r2, #3
1000147e:	019b      	lsls	r3, r3, #6
10001480:	18e3      	adds	r3, r4, r3
10001482:	601a      	str	r2, [r3, #0]
10001484:	3a02      	subs	r2, #2
10001486:	68a3      	ldr	r3, [r4, #8]
10001488:	421a      	tst	r2, r3
1000148a:	d0fc      	beq.n	10001486 <clock_configure_undivided+0xa6>
1000148c:	0173      	lsls	r3, r6, #5
1000148e:	26e0      	movs	r6, #224	@ 0xe0
10001490:	6822      	ldr	r2, [r4, #0]
10001492:	0085      	lsls	r5, r0, #2
10001494:	4053      	eors	r3, r2
10001496:	401e      	ands	r6, r3
10001498:	2380      	movs	r3, #128	@ 0x80
1000149a:	4a0a      	ldr	r2, [pc, #40]	@ (100014c4 <clock_configure_undivided+0xe4>)
1000149c:	015b      	lsls	r3, r3, #5
1000149e:	4691      	mov	r9, r2
100014a0:	18e3      	adds	r3, r4, r3
100014a2:	601e      	str	r6, [r3, #0]
100014a4:	4642      	mov	r2, r8
100014a6:	6821      	ldr	r1, [r4, #0]
100014a8:	4051      	eors	r1, r2
100014aa:	2203      	movs	r2, #3
100014ac:	400a      	ands	r2, r1
100014ae:	601a      	str	r2, [r3, #0]
100014b0:	2301      	movs	r3, #1
100014b2:	4642      	mov	r2, r8
100014b4:	4093      	lsls	r3, r2
100014b6:	68a2      	ldr	r2, [r4, #8]
100014b8:	4213      	tst	r3, r2
100014ba:	d0fc      	beq.n	100014b6 <clock_configure_undivided+0xd6>
100014bc:	e7c1      	b.n	10001442 <clock_configure_undivided+0x62>
100014be:	46c0      	nop			@ (mov r8, r8)
100014c0:	40008000 	.word	0x40008000
100014c4:	20001c00 	.word	0x20001c00

100014c8 <clock_get_hz>:
100014c8:	4b01      	ldr	r3, [pc, #4]	@ (100014d0 <clock_get_hz+0x8>)
100014ca:	0080      	lsls	r0, r0, #2
100014cc:	58c0      	ldr	r0, [r0, r3]
100014ce:	4770      	bx	lr
100014d0:	20001c00 	.word	0x20001c00

100014d4 <pll_init>:
100014d4:	b5f8      	push	{r3, r4, r5, r6, r7, lr}
100014d6:	0004      	movs	r4, r0
100014d8:	4821      	ldr	r0, [pc, #132]	@ (10001560 <pll_init+0x8c>)
100014da:	001e      	movs	r6, r3
100014dc:	0017      	movs	r7, r2
100014de:	000d      	movs	r5, r1
100014e0:	f000 f9fe 	bl	100018e0 <__wrap___aeabi_uidiv>
100014e4:	0001      	movs	r1, r0
100014e6:	0038      	movs	r0, r7
100014e8:	f000 f9fa 	bl	100018e0 <__wrap___aeabi_uidiv>
100014ec:	9b06      	ldr	r3, [sp, #24]
100014ee:	0436      	lsls	r6, r6, #16
100014f0:	031b      	lsls	r3, r3, #12
100014f2:	431e      	orrs	r6, r3
100014f4:	6823      	ldr	r3, [r4, #0]
100014f6:	2b00      	cmp	r3, #0
100014f8:	db20      	blt.n	1000153c <pll_init+0x68>
100014fa:	4b1a      	ldr	r3, [pc, #104]	@ (10001564 <pll_init+0x90>)
100014fc:	491a      	ldr	r1, [pc, #104]	@ (10001568 <pll_init+0x94>)
100014fe:	18e3      	adds	r3, r4, r3
10001500:	1e5a      	subs	r2, r3, #1
10001502:	4193      	sbcs	r3, r2
10001504:	2280      	movs	r2, #128	@ 0x80
10001506:	0192      	lsls	r2, r2, #6
10001508:	4694      	mov	ip, r2
1000150a:	425b      	negs	r3, r3
1000150c:	0b1b      	lsrs	r3, r3, #12
1000150e:	4a17      	ldr	r2, [pc, #92]	@ (1000156c <pll_init+0x98>)
10001510:	031b      	lsls	r3, r3, #12
10001512:	4463      	add	r3, ip
10001514:	6013      	str	r3, [r2, #0]
10001516:	4a16      	ldr	r2, [pc, #88]	@ (10001570 <pll_init+0x9c>)
10001518:	6013      	str	r3, [r2, #0]
1000151a:	001f      	movs	r7, r3
1000151c:	680a      	ldr	r2, [r1, #0]
1000151e:	4397      	bics	r7, r2
10001520:	d1fb      	bne.n	1000151a <pll_init+0x46>
10001522:	4b14      	ldr	r3, [pc, #80]	@ (10001574 <pll_init+0xa0>)
10001524:	6025      	str	r5, [r4, #0]
10001526:	18e2      	adds	r2, r4, r3
10001528:	2321      	movs	r3, #33	@ 0x21
1000152a:	60a0      	str	r0, [r4, #8]
1000152c:	6013      	str	r3, [r2, #0]
1000152e:	6823      	ldr	r3, [r4, #0]
10001530:	2b00      	cmp	r3, #0
10001532:	dafc      	bge.n	1000152e <pll_init+0x5a>
10001534:	2308      	movs	r3, #8
10001536:	60e6      	str	r6, [r4, #12]
10001538:	6013      	str	r3, [r2, #0]
1000153a:	bdf8      	pop	{r3, r4, r5, r6, r7, pc}
1000153c:	233f      	movs	r3, #63	@ 0x3f
1000153e:	6822      	ldr	r2, [r4, #0]
10001540:	4013      	ands	r3, r2
10001542:	42ab      	cmp	r3, r5
10001544:	d1d9      	bne.n	100014fa <pll_init+0x26>
10001546:	68a3      	ldr	r3, [r4, #8]
10001548:	051b      	lsls	r3, r3, #20
1000154a:	0d1b      	lsrs	r3, r3, #20
1000154c:	4283      	cmp	r3, r0
1000154e:	d1d4      	bne.n	100014fa <pll_init+0x26>
10001550:	22ee      	movs	r2, #238	@ 0xee
10001552:	68e3      	ldr	r3, [r4, #12]
10001554:	02d2      	lsls	r2, r2, #11
10001556:	4013      	ands	r3, r2
10001558:	42b3      	cmp	r3, r6
1000155a:	d1ce      	bne.n	100014fa <pll_init+0x26>
1000155c:	e7ed      	b.n	1000153a <pll_init+0x66>
1000155e:	46c0      	nop			@ (mov r8, r8)
10001560:	00b71b00 	.word	0x00b71b00
10001564:	bffd4000 	.word	0xbffd4000
10001568:	4000c008 	.word	0x4000c008
1000156c:	4000e000 	.word	0x4000e000
10001570:	4000f000 	.word	0x4000f000
10001574:	00003004 	.word	0x00003004

10001578 <watchdog_reboot>:
10001578:	b510      	push	{r4, lr}
1000157a:	2480      	movs	r4, #128	@ 0x80
1000157c:	4b1c      	ldr	r3, [pc, #112]	@ (100015f0 <watchdog_reboot+0x78>)
1000157e:	05e4      	lsls	r4, r4, #23
10001580:	601c      	str	r4, [r3, #0]
10001582:	2800      	cmp	r0, #0
10001584:	d01a      	beq.n	100015bc <watchdog_reboot+0x44>
10001586:	2301      	movs	r3, #1
10001588:	4c1a      	ldr	r4, [pc, #104]	@ (100015f4 <watchdog_reboot+0x7c>)
1000158a:	4318      	orrs	r0, r3
1000158c:	4b1a      	ldr	r3, [pc, #104]	@ (100015f8 <watchdog_reboot+0x80>)
1000158e:	61dc      	str	r4, [r3, #28]
10001590:	4c1a      	ldr	r4, [pc, #104]	@ (100015fc <watchdog_reboot+0x84>)
10001592:	4044      	eors	r4, r0
10001594:	621c      	str	r4, [r3, #32]
10001596:	6259      	str	r1, [r3, #36]	@ 0x24
10001598:	6298      	str	r0, [r3, #40]	@ 0x28
1000159a:	2180      	movs	r1, #128	@ 0x80
1000159c:	4b14      	ldr	r3, [pc, #80]	@ (100015f0 <watchdog_reboot+0x78>)
1000159e:	05c9      	lsls	r1, r1, #23
100015a0:	6019      	str	r1, [r3, #0]
100015a2:	4817      	ldr	r0, [pc, #92]	@ (10001600 <watchdog_reboot+0x88>)
100015a4:	4917      	ldr	r1, [pc, #92]	@ (10001604 <watchdog_reboot+0x8c>)
100015a6:	6008      	str	r0, [r1, #0]
100015a8:	21e0      	movs	r1, #224	@ 0xe0
100015aa:	04c9      	lsls	r1, r1, #19
100015ac:	6019      	str	r1, [r3, #0]
100015ae:	2a00      	cmp	r2, #0
100015b0:	d107      	bne.n	100015c2 <watchdog_reboot+0x4a>
100015b2:	2280      	movs	r2, #128	@ 0x80
100015b4:	4b14      	ldr	r3, [pc, #80]	@ (10001608 <watchdog_reboot+0x90>)
100015b6:	0612      	lsls	r2, r2, #24
100015b8:	601a      	str	r2, [r3, #0]
100015ba:	bd10      	pop	{r4, pc}
100015bc:	4b0e      	ldr	r3, [pc, #56]	@ (100015f8 <watchdog_reboot+0x80>)
100015be:	61d8      	str	r0, [r3, #28]
100015c0:	e7eb      	b.n	1000159a <watchdog_reboot+0x22>
100015c2:	0153      	lsls	r3, r2, #5
100015c4:	1a9b      	subs	r3, r3, r2
100015c6:	009b      	lsls	r3, r3, #2
100015c8:	189a      	adds	r2, r3, r2
100015ca:	2380      	movs	r3, #128	@ 0x80
100015cc:	0112      	lsls	r2, r2, #4
100015ce:	045b      	lsls	r3, r3, #17
100015d0:	429a      	cmp	r2, r3
100015d2:	d209      	bcs.n	100015e8 <watchdog_reboot+0x70>
100015d4:	0013      	movs	r3, r2
100015d6:	490d      	ldr	r1, [pc, #52]	@ (1000160c <watchdog_reboot+0x94>)
100015d8:	600b      	str	r3, [r1, #0]
100015da:	4b07      	ldr	r3, [pc, #28]	@ (100015f8 <watchdog_reboot+0x80>)
100015dc:	605a      	str	r2, [r3, #4]
100015de:	2280      	movs	r2, #128	@ 0x80
100015e0:	4b09      	ldr	r3, [pc, #36]	@ (10001608 <watchdog_reboot+0x90>)
100015e2:	05d2      	lsls	r2, r2, #23
100015e4:	601a      	str	r2, [r3, #0]
100015e6:	e7e8      	b.n	100015ba <watchdog_reboot+0x42>
100015e8:	4b09      	ldr	r3, [pc, #36]	@ (10001610 <watchdog_reboot+0x98>)
100015ea:	001a      	movs	r2, r3
100015ec:	e7f3      	b.n	100015d6 <watchdog_reboot+0x5e>
100015ee:	46c0      	nop			@ (mov r8, r8)
100015f0:	4005b000 	.word	0x4005b000
100015f4:	b007c0d3 	.word	0xb007c0d3
100015f8:	40058000 	.word	0x40058000
100015fc:	4ff83f2d 	.word	0x4ff83f2d
10001600:	0001fffc 	.word	0x0001fffc
10001604:	40012008 	.word	0x40012008
10001608:	4005a000 	.word	0x4005a000
1000160c:	20002060 	.word	0x20002060
10001610:	00ffffff 	.word	0x00ffffff

10001614 <tick_start>:
10001614:	2380      	movs	r3, #128	@ 0x80
10001616:	4a02      	ldr	r2, [pc, #8]	@ (10001620 <tick_start+0xc>)
10001618:	009b      	lsls	r3, r3, #2
1000161a:	430b      	orrs	r3, r1
1000161c:	62d3      	str	r3, [r2, #44]	@ 0x2c
1000161e:	4770      	bx	lr
10001620:	40058000 	.word	0x40058000

10001624 <xosc_init>:
10001624:	23aa      	movs	r3, #170	@ 0xaa
10001626:	4a06      	ldr	r2, [pc, #24]	@ (10001640 <xosc_init+0x1c>)
10001628:	011b      	lsls	r3, r3, #4
1000162a:	6013      	str	r3, [r2, #0]
1000162c:	232f      	movs	r3, #47	@ 0x2f
1000162e:	4905      	ldr	r1, [pc, #20]	@ (10001644 <xosc_init+0x20>)
10001630:	60d3      	str	r3, [r2, #12]
10001632:	4b05      	ldr	r3, [pc, #20]	@ (10001648 <xosc_init+0x24>)
10001634:	6019      	str	r1, [r3, #0]
10001636:	6853      	ldr	r3, [r2, #4]
10001638:	2b00      	cmp	r3, #0
1000163a:	dafc      	bge.n	10001636 <xosc_init+0x12>
1000163c:	4770      	bx	lr
1000163e:	46c0      	nop			@ (mov r8, r8)
10001640:	40024000 	.word	0x40024000
10001644:	00fab000 	.word	0x00fab000
10001648:	40026000 	.word	0x40026000

1000164c <first_per_core_initializer>:
1000164c:	4770      	bx	lr
1000164e:	46c0      	nop			@ (mov r8, r8)

10001650 <hard_assertion_failure>:
10001650:	b510      	push	{r4, lr}
10001652:	4801      	ldr	r0, [pc, #4]	@ (10001658 <hard_assertion_failure+0x8>)
10001654:	f7fe ff16 	bl	10000484 <panic>
10001658:	100069b4 	.word	0x100069b4

1000165c <runtime_run_initializers>:
1000165c:	b570      	push	{r4, r5, r6, lr}
1000165e:	4d07      	ldr	r5, [pc, #28]	@ (1000167c <runtime_run_initializers+0x20>)
10001660:	4e07      	ldr	r6, [pc, #28]	@ (10001680 <runtime_run_initializers+0x24>)
10001662:	42b5      	cmp	r5, r6
10001664:	d209      	bcs.n	1000167a <runtime_run_initializers+0x1e>
10001666:	2400      	movs	r4, #0
10001668:	3e01      	subs	r6, #1
1000166a:	1b76      	subs	r6, r6, r5
1000166c:	08b6      	lsrs	r6, r6, #2
1000166e:	cd08      	ldmia	r5!, {r3}
10001670:	4798      	blx	r3
10001672:	0023      	movs	r3, r4
10001674:	3401      	adds	r4, #1
10001676:	42b3      	cmp	r3, r6
10001678:	d1f9      	bne.n	1000166e <runtime_run_initializers+0x12>
1000167a:	bd70      	pop	{r4, r5, r6, pc}
1000167c:	100068c8 	.word	0x100068c8
10001680:	10006904 	.word	0x10006904

10001684 <runtime_init_early_resets>:
10001684:	4b05      	ldr	r3, [pc, #20]	@ (1000169c <runtime_init_early_resets+0x18>)
10001686:	4a06      	ldr	r2, [pc, #24]	@ (100016a0 <runtime_init_early_resets+0x1c>)
10001688:	4906      	ldr	r1, [pc, #24]	@ (100016a4 <runtime_init_early_resets+0x20>)
1000168a:	601a      	str	r2, [r3, #0]
1000168c:	4a06      	ldr	r2, [pc, #24]	@ (100016a8 <runtime_init_early_resets+0x24>)
1000168e:	4b07      	ldr	r3, [pc, #28]	@ (100016ac <runtime_init_early_resets+0x28>)
10001690:	601a      	str	r2, [r3, #0]
10001692:	0010      	movs	r0, r2
10001694:	680b      	ldr	r3, [r1, #0]
10001696:	4398      	bics	r0, r3
10001698:	d1fb      	bne.n	10001692 <runtime_init_early_resets+0xe>
1000169a:	4770      	bx	lr
1000169c:	4000e000 	.word	0x4000e000
100016a0:	fefbcdbf 	.word	0xfefbcdbf
100016a4:	4000c008 	.word	0x4000c008
100016a8:	003c7ffe 	.word	0x003c7ffe
100016ac:	4000f000 	.word	0x4000f000

100016b0 <runtime_init_usb_power_down>:
100016b0:	4b04      	ldr	r3, [pc, #16]	@ (100016c4 <runtime_init_usb_power_down+0x14>)
100016b2:	6cdb      	ldr	r3, [r3, #76]	@ 0x4c
100016b4:	2b00      	cmp	r3, #0
100016b6:	d103      	bne.n	100016c0 <runtime_init_usb_power_down+0x10>
100016b8:	2280      	movs	r2, #128	@ 0x80
100016ba:	4b03      	ldr	r3, [pc, #12]	@ (100016c8 <runtime_init_usb_power_down+0x18>)
100016bc:	02d2      	lsls	r2, r2, #11
100016be:	601a      	str	r2, [r3, #0]
100016c0:	4770      	bx	lr
100016c2:	46c0      	nop			@ (mov r8, r8)
100016c4:	50110000 	.word	0x50110000
100016c8:	5011204c 	.word	0x5011204c

100016cc <runtime_init_post_clock_resets>:
100016cc:	4a04      	ldr	r2, [pc, #16]	@ (100016e0 <runtime_init_post_clock_resets+0x14>)
100016ce:	4b05      	ldr	r3, [pc, #20]	@ (100016e4 <runtime_init_post_clock_resets+0x18>)
100016d0:	601a      	str	r2, [r3, #0]
100016d2:	4a05      	ldr	r2, [pc, #20]	@ (100016e8 <runtime_init_post_clock_resets+0x1c>)
100016d4:	6813      	ldr	r3, [r2, #0]
100016d6:	01db      	lsls	r3, r3, #7
100016d8:	3380      	adds	r3, #128	@ 0x80
100016da:	d1fb      	bne.n	100016d4 <runtime_init_post_clock_resets+0x8>
100016dc:	4770      	bx	lr
100016de:	46c0      	nop			@ (mov r8, r8)
100016e0:	01ffffff 	.word	0x01ffffff
100016e4:	4000f000 	.word	0x4000f000
100016e8:	4000c008 	.word	0x4000c008

100016ec <runtime_init_rp2040_gpio_ie_disable>:
100016ec:	2240      	movs	r2, #64	@ 0x40
100016ee:	4b03      	ldr	r3, [pc, #12]	@ (100016fc <runtime_init_rp2040_gpio_ie_disable+0x10>)
100016f0:	679a      	str	r2, [r3, #120]	@ 0x78
100016f2:	675a      	str	r2, [r3, #116]	@ 0x74
100016f4:	671a      	str	r2, [r3, #112]	@ 0x70
100016f6:	66da      	str	r2, [r3, #108]	@ 0x6c
100016f8:	4770      	bx	lr
100016fa:	46c0      	nop			@ (mov r8, r8)
100016fc:	4001f000 	.word	0x4001f000

10001700 <runtime_init_spin_locks_reset>:
10001700:	b510      	push	{r4, lr}
10001702:	f7fe ff65 	bl	100005d0 <spin_locks_reset>
10001706:	bd10      	pop	{r4, pc}

10001708 <runtime_init_install_ram_vector_table>:
10001708:	b570      	push	{r4, r5, r6, lr}
1000170a:	4d04      	ldr	r5, [pc, #16]	@ (1000171c <runtime_init_install_ram_vector_table+0x14>)
1000170c:	4c04      	ldr	r4, [pc, #16]	@ (10001720 <runtime_init_install_ram_vector_table+0x18>)
1000170e:	68a9      	ldr	r1, [r5, #8]
10001710:	22c0      	movs	r2, #192	@ 0xc0
10001712:	0020      	movs	r0, r4
10001714:	f000 ff70 	bl	100025f8 <__wrap___aeabi_memcpy>
10001718:	60ac      	str	r4, [r5, #8]
1000171a:	bd70      	pop	{r4, r5, r6, pc}
1000171c:	e000ed00 	.word	0xe000ed00
10001720:	20000000 	.word	0x20000000

10001724 <runtime_init_clocks>:
10001724:	2300      	movs	r3, #0
10001726:	b510      	push	{r4, lr}
10001728:	4c29      	ldr	r4, [pc, #164]	@ (100017d0 <runtime_init_clocks+0xac>)
1000172a:	b082      	sub	sp, #8
1000172c:	67a3      	str	r3, [r4, #120]	@ 0x78
1000172e:	f7ff ff79 	bl	10001624 <xosc_init>
10001732:	2201      	movs	r2, #1
10001734:	4b27      	ldr	r3, [pc, #156]	@ (100017d4 <runtime_init_clocks+0xb0>)
10001736:	601a      	str	r2, [r3, #0]
10001738:	6c63      	ldr	r3, [r4, #68]	@ 0x44
1000173a:	2b01      	cmp	r3, #1
1000173c:	d1fc      	bne.n	10001738 <runtime_init_clocks+0x14>
1000173e:	2203      	movs	r2, #3
10001740:	4b25      	ldr	r3, [pc, #148]	@ (100017d8 <runtime_init_clocks+0xb4>)
10001742:	601a      	str	r2, [r3, #0]
10001744:	4a22      	ldr	r2, [pc, #136]	@ (100017d0 <runtime_init_clocks+0xac>)
10001746:	6b93      	ldr	r3, [r2, #56]	@ 0x38
10001748:	2b01      	cmp	r3, #1
1000174a:	d1fc      	bne.n	10001746 <runtime_init_clocks+0x22>
1000174c:	3301      	adds	r3, #1
1000174e:	9300      	str	r3, [sp, #0]
10001750:	2101      	movs	r1, #1
10001752:	4a22      	ldr	r2, [pc, #136]	@ (100017dc <runtime_init_clocks+0xb8>)
10001754:	4822      	ldr	r0, [pc, #136]	@ (100017e0 <runtime_init_clocks+0xbc>)
10001756:	3304      	adds	r3, #4
10001758:	f7ff febc 	bl	100014d4 <pll_init>
1000175c:	2305      	movs	r3, #5
1000175e:	2101      	movs	r1, #1
10001760:	9300      	str	r3, [sp, #0]
10001762:	4a20      	ldr	r2, [pc, #128]	@ (100017e4 <runtime_init_clocks+0xc0>)
10001764:	4820      	ldr	r0, [pc, #128]	@ (100017e8 <runtime_init_clocks+0xc4>)
10001766:	f7ff feb5 	bl	100014d4 <pll_init>
1000176a:	2200      	movs	r2, #0
1000176c:	2102      	movs	r1, #2
1000176e:	2004      	movs	r0, #4
10001770:	4b1e      	ldr	r3, [pc, #120]	@ (100017ec <runtime_init_clocks+0xc8>)
10001772:	f7ff fe35 	bl	100013e0 <clock_configure_undivided>
10001776:	2200      	movs	r2, #0
10001778:	2101      	movs	r1, #1
1000177a:	2005      	movs	r0, #5
1000177c:	4b1c      	ldr	r3, [pc, #112]	@ (100017f0 <runtime_init_clocks+0xcc>)
1000177e:	f7ff fe2f 	bl	100013e0 <clock_configure_undivided>
10001782:	2200      	movs	r2, #0
10001784:	2100      	movs	r1, #0
10001786:	2007      	movs	r0, #7
10001788:	4b1a      	ldr	r3, [pc, #104]	@ (100017f4 <runtime_init_clocks+0xd0>)
1000178a:	f7ff fe29 	bl	100013e0 <clock_configure_undivided>
1000178e:	2200      	movs	r2, #0
10001790:	2100      	movs	r1, #0
10001792:	2008      	movs	r0, #8
10001794:	4b17      	ldr	r3, [pc, #92]	@ (100017f4 <runtime_init_clocks+0xd0>)
10001796:	f7ff fe23 	bl	100013e0 <clock_configure_undivided>
1000179a:	2380      	movs	r3, #128	@ 0x80
1000179c:	00db      	lsls	r3, r3, #3
1000179e:	9300      	str	r3, [sp, #0]
100017a0:	2200      	movs	r2, #0
100017a2:	2100      	movs	r1, #0
100017a4:	2009      	movs	r0, #9
100017a6:	4b13      	ldr	r3, [pc, #76]	@ (100017f4 <runtime_init_clocks+0xd0>)
100017a8:	f7ff fda0 	bl	100012ec <clock_configure_int_divider>
100017ac:	2200      	movs	r2, #0
100017ae:	4b10      	ldr	r3, [pc, #64]	@ (100017f0 <runtime_init_clocks+0xcc>)
100017b0:	2100      	movs	r1, #0
100017b2:	2006      	movs	r0, #6
100017b4:	f7ff fe14 	bl	100013e0 <clock_configure_undivided>
100017b8:	2004      	movs	r0, #4
100017ba:	f7ff fe85 	bl	100014c8 <clock_get_hz>
100017be:	490e      	ldr	r1, [pc, #56]	@ (100017f8 <runtime_init_clocks+0xd4>)
100017c0:	f000 f88e 	bl	100018e0 <__wrap___aeabi_uidiv>
100017c4:	0001      	movs	r1, r0
100017c6:	2000      	movs	r0, #0
100017c8:	f7ff ff24 	bl	10001614 <tick_start>
100017cc:	b002      	add	sp, #8
100017ce:	bd10      	pop	{r4, pc}
100017d0:	40008000 	.word	0x40008000
100017d4:	4000b03c 	.word	0x4000b03c
100017d8:	4000b030 	.word	0x4000b030
100017dc:	59682f00 	.word	0x59682f00
100017e0:	40028000 	.word	0x40028000
100017e4:	47868c00 	.word	0x47868c00
100017e8:	4002c000 	.word	0x4002c000
100017ec:	00b71b00 	.word	0x00b71b00
100017f0:	07735940 	.word	0x07735940
100017f4:	02dc6c00 	.word	0x02dc6c00
100017f8:	000f4240 	.word	0x000f4240

100017fc <__aeabi_bits_init>:
100017fc:	4801      	ldr	r0, [pc, #4]	@ (10001804 <__aeabi_bits_init+0x8>)
100017fe:	2104      	movs	r1, #4
10001800:	4b01      	ldr	r3, [pc, #4]	@ (10001808 <__aeabi_bits_init+0xc>)
10001802:	4718      	bx	r3
10001804:	20001000 	.word	0x20001000
10001808:	1000182d 	.word	0x1000182d

1000180c <rom_func_lookup>:
1000180c:	2314      	movs	r3, #20
1000180e:	b510      	push	{r4, lr}
10001810:	0001      	movs	r1, r0
10001812:	8818      	ldrh	r0, [r3, #0]
10001814:	3304      	adds	r3, #4
10001816:	881b      	ldrh	r3, [r3, #0]
10001818:	4798      	blx	r3
1000181a:	bd10      	pop	{r4, pc}

1000181c <rom_data_lookup>:
1000181c:	2316      	movs	r3, #22
1000181e:	b510      	push	{r4, lr}
10001820:	0001      	movs	r1, r0
10001822:	8818      	ldrh	r0, [r3, #0]
10001824:	3302      	adds	r3, #2
10001826:	881b      	ldrh	r3, [r3, #0]
10001828:	4798      	blx	r3
1000182a:	bd10      	pop	{r4, pc}

1000182c <rom_funcs_lookup>:
1000182c:	b5f8      	push	{r3, r4, r5, r6, r7, lr}
1000182e:	4647      	mov	r7, r8
10001830:	46ce      	mov	lr, r9
10001832:	b580      	push	{r7, lr}
10001834:	1e0f      	subs	r7, r1, #0
10001836:	d019      	beq.n	1000186c <rom_funcs_lookup+0x40>
10001838:	2314      	movs	r3, #20
1000183a:	4699      	mov	r9, r3
1000183c:	3304      	adds	r3, #4
1000183e:	0004      	movs	r4, r0
10001840:	2500      	movs	r5, #0
10001842:	2601      	movs	r6, #1
10001844:	4698      	mov	r8, r3
10001846:	464b      	mov	r3, r9
10001848:	8818      	ldrh	r0, [r3, #0]
1000184a:	4643      	mov	r3, r8
1000184c:	6821      	ldr	r1, [r4, #0]
1000184e:	881b      	ldrh	r3, [r3, #0]
10001850:	4798      	blx	r3
10001852:	c401      	stmia	r4!, {r0}
10001854:	1e43      	subs	r3, r0, #1
10001856:	4198      	sbcs	r0, r3
10001858:	3501      	adds	r5, #1
1000185a:	4240      	negs	r0, r0
1000185c:	4006      	ands	r6, r0
1000185e:	42af      	cmp	r7, r5
10001860:	d1f1      	bne.n	10001846 <rom_funcs_lookup+0x1a>
10001862:	0030      	movs	r0, r6
10001864:	bcc0      	pop	{r6, r7}
10001866:	46b9      	mov	r9, r7
10001868:	46b0      	mov	r8, r6
1000186a:	bdf8      	pop	{r3, r4, r5, r6, r7, pc}
1000186c:	2601      	movs	r6, #1
1000186e:	e7f8      	b.n	10001862 <rom_funcs_lookup+0x36>

10001870 <rom_reset_usb_boot>:
10001870:	2314      	movs	r3, #20
10001872:	b570      	push	{r4, r5, r6, lr}
10001874:	0004      	movs	r4, r0
10001876:	8818      	ldrh	r0, [r3, #0]
10001878:	3304      	adds	r3, #4
1000187a:	000d      	movs	r5, r1
1000187c:	881b      	ldrh	r3, [r3, #0]
1000187e:	4903      	ldr	r1, [pc, #12]	@ (1000188c <rom_reset_usb_boot+0x1c>)
10001880:	4798      	blx	r3
10001882:	0029      	movs	r1, r5
10001884:	0003      	movs	r3, r0
10001886:	0020      	movs	r0, r4
10001888:	4798      	blx	r3
1000188a:	46c0      	nop			@ (mov r8, r8)
1000188c:	00004255 	.word	0x00004255

10001890 <__wrap___aeabi_idiv>:
10001890:	4a12      	ldr	r2, [pc, #72]	@ (100018dc <divmod_s32s32_savestate+0x18>)
10001892:	6f93      	ldr	r3, [r2, #120]	@ 0x78
10001894:	089b      	lsrs	r3, r3, #2
10001896:	d215      	bcs.n	100018c4 <divmod_s32s32_savestate>

10001898 <divmod_s32s32_unsafe>:
10001898:	6690      	str	r0, [r2, #104]	@ 0x68
1000189a:	66d1      	str	r1, [r2, #108]	@ 0x6c
1000189c:	2900      	cmp	r1, #0
1000189e:	d005      	beq.n	100018ac <divmod_s32s32_unsafe+0x14>
100018a0:	e7ff      	b.n	100018a2 <divmod_s32s32_unsafe+0xa>
100018a2:	e7ff      	b.n	100018a4 <divmod_s32s32_unsafe+0xc>
100018a4:	e7ff      	b.n	100018a6 <divmod_s32s32_unsafe+0xe>
100018a6:	6f51      	ldr	r1, [r2, #116]	@ 0x74
100018a8:	6f10      	ldr	r0, [r2, #112]	@ 0x70
100018aa:	4770      	bx	lr
100018ac:	b504      	push	{r2, lr}
100018ae:	2180      	movs	r1, #128	@ 0x80
100018b0:	0609      	lsls	r1, r1, #24
100018b2:	17c2      	asrs	r2, r0, #31
100018b4:	4051      	eors	r1, r2
100018b6:	2800      	cmp	r0, #0
100018b8:	d000      	beq.n	100018bc <divmod_s32s32_unsafe+0x24>
100018ba:	43c8      	mvns	r0, r1
100018bc:	f004 ffbc 	bl	10006838 <____aeabi_idiv0_veneer>
100018c0:	2100      	movs	r1, #0
100018c2:	bd04      	pop	{r2, pc}

100018c4 <divmod_s32s32_savestate>:
100018c4:	b5f0      	push	{r4, r5, r6, r7, lr}
100018c6:	6e14      	ldr	r4, [r2, #96]	@ 0x60
100018c8:	6e55      	ldr	r5, [r2, #100]	@ 0x64
100018ca:	6f57      	ldr	r7, [r2, #116]	@ 0x74
100018cc:	6f16      	ldr	r6, [r2, #112]	@ 0x70
100018ce:	f7ff ffe3 	bl	10001898 <divmod_s32s32_unsafe>
100018d2:	6614      	str	r4, [r2, #96]	@ 0x60
100018d4:	6655      	str	r5, [r2, #100]	@ 0x64
100018d6:	6757      	str	r7, [r2, #116]	@ 0x74
100018d8:	6716      	str	r6, [r2, #112]	@ 0x70
100018da:	bdf0      	pop	{r4, r5, r6, r7, pc}
100018dc:	d0000000 	.word	0xd0000000

100018e0 <__wrap___aeabi_uidiv>:
100018e0:	4a11      	ldr	r2, [pc, #68]	@ (10001928 <divmod_u32u32_savestate+0x18>)
100018e2:	6f93      	ldr	r3, [r2, #120]	@ 0x78
100018e4:	089b      	lsrs	r3, r3, #2
100018e6:	d213      	bcs.n	10001910 <divmod_u32u32_savestate>

100018e8 <divmod_u32u32_unsafe>:
100018e8:	6610      	str	r0, [r2, #96]	@ 0x60
100018ea:	6651      	str	r1, [r2, #100]	@ 0x64
100018ec:	2900      	cmp	r1, #0
100018ee:	d005      	beq.n	100018fc <divmod_u32u32_unsafe+0x14>
100018f0:	e7ff      	b.n	100018f2 <divmod_u32u32_unsafe+0xa>
100018f2:	e7ff      	b.n	100018f4 <divmod_u32u32_unsafe+0xc>
100018f4:	e7ff      	b.n	100018f6 <divmod_u32u32_unsafe+0xe>
100018f6:	6f51      	ldr	r1, [r2, #116]	@ 0x74
100018f8:	6f10      	ldr	r0, [r2, #112]	@ 0x70
100018fa:	4770      	bx	lr
100018fc:	b504      	push	{r2, lr}
100018fe:	2800      	cmp	r0, #0
10001900:	d001      	beq.n	10001906 <divmod_u32u32_unsafe+0x1e>
10001902:	2000      	movs	r0, #0
10001904:	43c0      	mvns	r0, r0
10001906:	f004 ff97 	bl	10006838 <____aeabi_idiv0_veneer>
1000190a:	2100      	movs	r1, #0
1000190c:	bd04      	pop	{r2, pc}
1000190e:	46c0      	nop			@ (mov r8, r8)

10001910 <divmod_u32u32_savestate>:
10001910:	b5f0      	push	{r4, r5, r6, r7, lr}
10001912:	6e14      	ldr	r4, [r2, #96]	@ 0x60
10001914:	6e55      	ldr	r5, [r2, #100]	@ 0x64
10001916:	6f57      	ldr	r7, [r2, #116]	@ 0x74
10001918:	6f16      	ldr	r6, [r2, #112]	@ 0x70
1000191a:	f7ff ffe5 	bl	100018e8 <divmod_u32u32_unsafe>
1000191e:	6614      	str	r4, [r2, #96]	@ 0x60
10001920:	6655      	str	r5, [r2, #100]	@ 0x64
10001922:	6757      	str	r7, [r2, #116]	@ 0x74
10001924:	6716      	str	r6, [r2, #112]	@ 0x70
10001926:	bdf0      	pop	{r4, r5, r6, r7, pc}
10001928:	d0000000 	.word	0xd0000000

1000192c <__wrap___aeabi_ldivmod>:
1000192c:	4694      	mov	ip, r2
1000192e:	4a4a      	ldr	r2, [pc, #296]	@ (10001a58 <udiv0+0x1a>)
10001930:	6f92      	ldr	r2, [r2, #120]	@ 0x78
10001932:	0892      	lsrs	r2, r2, #2
10001934:	4662      	mov	r2, ip
10001936:	d201      	bcs.n	1000193c <divmod_s64s64_savestate>
10001938:	e028      	b.n	1000198c <divmod_s64s64_unsafe>
1000193a:	46c0      	nop			@ (mov r8, r8)

1000193c <divmod_s64s64_savestate>:
1000193c:	b5f0      	push	{r4, r5, r6, r7, lr}
1000193e:	4e46      	ldr	r6, [pc, #280]	@ (10001a58 <udiv0+0x1a>)
10001940:	6e34      	ldr	r4, [r6, #96]	@ 0x60
10001942:	6e75      	ldr	r5, [r6, #100]	@ 0x64
10001944:	6f77      	ldr	r7, [r6, #116]	@ 0x74
10001946:	6f36      	ldr	r6, [r6, #112]	@ 0x70
10001948:	f000 f820 	bl	1000198c <divmod_s64s64_unsafe>
1000194c:	4694      	mov	ip, r2
1000194e:	4a42      	ldr	r2, [pc, #264]	@ (10001a58 <udiv0+0x1a>)
10001950:	6614      	str	r4, [r2, #96]	@ 0x60
10001952:	6655      	str	r5, [r2, #100]	@ 0x64
10001954:	6757      	str	r7, [r2, #116]	@ 0x74
10001956:	6716      	str	r6, [r2, #112]	@ 0x70
10001958:	4662      	mov	r2, ip
1000195a:	bdf0      	pop	{r4, r5, r6, r7, pc}

1000195c <__wrap___aeabi_uldivmod>:
1000195c:	4694      	mov	ip, r2
1000195e:	4a3e      	ldr	r2, [pc, #248]	@ (10001a58 <udiv0+0x1a>)
10001960:	6f92      	ldr	r2, [r2, #120]	@ 0x78
10001962:	0892      	lsrs	r2, r2, #2
10001964:	4662      	mov	r2, ip
10001966:	d201      	bcs.n	1000196c <divmod_u64u64_savestate>
10001968:	e054      	b.n	10001a14 <divmod_u64u64_unsafe>
1000196a:	46c0      	nop			@ (mov r8, r8)

1000196c <divmod_u64u64_savestate>:
1000196c:	b5f0      	push	{r4, r5, r6, r7, lr}
1000196e:	4e3a      	ldr	r6, [pc, #232]	@ (10001a58 <udiv0+0x1a>)
10001970:	6e34      	ldr	r4, [r6, #96]	@ 0x60
10001972:	6e75      	ldr	r5, [r6, #100]	@ 0x64
10001974:	6f77      	ldr	r7, [r6, #116]	@ 0x74
10001976:	6f36      	ldr	r6, [r6, #112]	@ 0x70
10001978:	f000 f84c 	bl	10001a14 <divmod_u64u64_unsafe>
1000197c:	4694      	mov	ip, r2
1000197e:	4a36      	ldr	r2, [pc, #216]	@ (10001a58 <udiv0+0x1a>)
10001980:	6614      	str	r4, [r2, #96]	@ 0x60
10001982:	6655      	str	r5, [r2, #100]	@ 0x64
10001984:	6757      	str	r7, [r2, #116]	@ 0x74
10001986:	6716      	str	r6, [r2, #112]	@ 0x70
10001988:	4662      	mov	r2, ip
1000198a:	bdf0      	pop	{r4, r5, r6, r7, pc}

1000198c <divmod_s64s64_unsafe>:
1000198c:	2b00      	cmp	r3, #0
1000198e:	db24      	blt.n	100019da <l42_1+0x26>
10001990:	d011      	beq.n	100019b6 <l42_1+0x2>
10001992:	2900      	cmp	r1, #0
10001994:	da3e      	bge.n	10001a14 <divmod_u64u64_unsafe>
10001996:	b500      	push	{lr}
10001998:	43c9      	mvns	r1, r1
1000199a:	4240      	negs	r0, r0
1000199c:	d100      	bne.n	100019a0 <l40_1>
1000199e:	3101      	adds	r1, #1

100019a0 <l40_1>:
100019a0:	f000 f838 	bl	10001a14 <divmod_u64u64_unsafe>
100019a4:	43c9      	mvns	r1, r1
100019a6:	4240      	negs	r0, r0
100019a8:	d100      	bne.n	100019ac <l41_1>
100019aa:	3101      	adds	r1, #1

100019ac <l41_1>:
100019ac:	43db      	mvns	r3, r3
100019ae:	4252      	negs	r2, r2
100019b0:	d100      	bne.n	100019b4 <l42_1>
100019b2:	3301      	adds	r3, #1

100019b4 <l42_1>:
100019b4:	bd00      	pop	{pc}
100019b6:	2a00      	cmp	r2, #0
100019b8:	d1eb      	bne.n	10001992 <divmod_s64s64_unsafe+0x6>
100019ba:	2800      	cmp	r0, #0
100019bc:	d101      	bne.n	100019c2 <l42_1+0xe>
100019be:	2900      	cmp	r1, #0
100019c0:	d005      	beq.n	100019ce <l42_1+0x1a>
100019c2:	2000      	movs	r0, #0
100019c4:	0fc9      	lsrs	r1, r1, #31
100019c6:	07c9      	lsls	r1, r1, #31
100019c8:	d101      	bne.n	100019ce <l42_1+0x1a>
100019ca:	43c0      	mvns	r0, r0
100019cc:	0841      	lsrs	r1, r0, #1
100019ce:	b500      	push	{lr}
100019d0:	f004 ff2a 	bl	10006828 <____aeabi_ldiv0_veneer>
100019d4:	2200      	movs	r2, #0
100019d6:	2300      	movs	r3, #0
100019d8:	bd00      	pop	{pc}
100019da:	b500      	push	{lr}
100019dc:	2900      	cmp	r1, #0
100019de:	db0a      	blt.n	100019f6 <l44_1+0x2>
100019e0:	43db      	mvns	r3, r3
100019e2:	4252      	negs	r2, r2
100019e4:	d100      	bne.n	100019e8 <l43_1>
100019e6:	3301      	adds	r3, #1

100019e8 <l43_1>:
100019e8:	f000 f814 	bl	10001a14 <divmod_u64u64_unsafe>
100019ec:	43c9      	mvns	r1, r1
100019ee:	4240      	negs	r0, r0
100019f0:	d100      	bne.n	100019f4 <l44_1>
100019f2:	3101      	adds	r1, #1

100019f4 <l44_1>:
100019f4:	bd00      	pop	{pc}
100019f6:	43c9      	mvns	r1, r1
100019f8:	4240      	negs	r0, r0
100019fa:	d100      	bne.n	100019fe <l45_1>
100019fc:	3101      	adds	r1, #1

100019fe <l45_1>:
100019fe:	43db      	mvns	r3, r3
10001a00:	4252      	negs	r2, r2
10001a02:	d100      	bne.n	10001a06 <l46_1>
10001a04:	3301      	adds	r3, #1

10001a06 <l46_1>:
10001a06:	f000 f805 	bl	10001a14 <divmod_u64u64_unsafe>
10001a0a:	43db      	mvns	r3, r3
10001a0c:	4252      	negs	r2, r2
10001a0e:	d100      	bne.n	10001a12 <l47_1>
10001a10:	3301      	adds	r3, #1

10001a12 <l47_1>:
10001a12:	bd00      	pop	{pc}

10001a14 <divmod_u64u64_unsafe>:
10001a14:	2900      	cmp	r1, #0
10001a16:	d123      	bne.n	10001a60 <y64>
10001a18:	2b00      	cmp	r3, #0
10001a1a:	d118      	bne.n	10001a4e <udiv0+0x10>
10001a1c:	2a00      	cmp	r2, #0
10001a1e:	d00c      	beq.n	10001a3a <divmod_u64u64_unsafe+0x26>
10001a20:	46bc      	mov	ip, r7
10001a22:	4f0d      	ldr	r7, [pc, #52]	@ (10001a58 <udiv0+0x1a>)
10001a24:	6638      	str	r0, [r7, #96]	@ 0x60
10001a26:	667a      	str	r2, [r7, #100]	@ 0x64
10001a28:	2100      	movs	r1, #0
10001a2a:	2300      	movs	r3, #0
10001a2c:	e7ff      	b.n	10001a2e <divmod_u64u64_unsafe+0x1a>
10001a2e:	e7ff      	b.n	10001a30 <divmod_u64u64_unsafe+0x1c>
10001a30:	e7ff      	b.n	10001a32 <divmod_u64u64_unsafe+0x1e>
10001a32:	6f7a      	ldr	r2, [r7, #116]	@ 0x74
10001a34:	6f38      	ldr	r0, [r7, #112]	@ 0x70
10001a36:	4667      	mov	r7, ip
10001a38:	4770      	bx	lr
10001a3a:	2800      	cmp	r0, #0
10001a3c:	d001      	beq.n	10001a42 <udiv0+0x4>

10001a3e <udiv0>:
10001a3e:	4807      	ldr	r0, [pc, #28]	@ (10001a5c <udiv0+0x1e>)
10001a40:	0001      	movs	r1, r0
10001a42:	b500      	push	{lr}
10001a44:	f004 fef0 	bl	10006828 <____aeabi_ldiv0_veneer>
10001a48:	2200      	movs	r2, #0
10001a4a:	2300      	movs	r3, #0
10001a4c:	bd00      	pop	{pc}
10001a4e:	0002      	movs	r2, r0
10001a50:	000b      	movs	r3, r1
10001a52:	2000      	movs	r0, #0
10001a54:	2100      	movs	r1, #0
10001a56:	4770      	bx	lr
10001a58:	d0000000 	.word	0xd0000000
10001a5c:	ffffffff 	.word	0xffffffff

10001a60 <y64>:
10001a60:	2b00      	cmp	r3, #0
10001a62:	d000      	beq.n	10001a66 <y64+0x6>
10001a64:	e0bf      	b.n	10001be6 <y64_x48>
10001a66:	0c13      	lsrs	r3, r2, #16
10001a68:	d128      	bne.n	10001abc <y64_x32>
10001a6a:	2a00      	cmp	r2, #0
10001a6c:	d0e7      	beq.n	10001a3e <udiv0>
10001a6e:	b480      	push	{r7}
10001a70:	4f11      	ldr	r7, [pc, #68]	@ (10001ab8 <y64+0x58>)
10001a72:	6639      	str	r1, [r7, #96]	@ 0x60
10001a74:	667a      	str	r2, [r7, #100]	@ 0x64
10001a76:	e7ff      	b.n	10001a78 <y64+0x18>
10001a78:	e7ff      	b.n	10001a7a <y64+0x1a>
10001a7a:	b430      	push	{r4, r5}
10001a7c:	0c04      	lsrs	r4, r0, #16
10001a7e:	6f7b      	ldr	r3, [r7, #116]	@ 0x74
10001a80:	6f39      	ldr	r1, [r7, #112]	@ 0x70
10001a82:	041b      	lsls	r3, r3, #16
10001a84:	4323      	orrs	r3, r4
10001a86:	663b      	str	r3, [r7, #96]	@ 0x60
10001a88:	667a      	str	r2, [r7, #100]	@ 0x64
10001a8a:	e7ff      	b.n	10001a8c <y64+0x2c>
10001a8c:	e7ff      	b.n	10001a8e <y64+0x2e>
10001a8e:	e7ff      	b.n	10001a90 <y64+0x30>
10001a90:	46c0      	nop			@ (mov r8, r8)
10001a92:	b284      	uxth	r4, r0
10001a94:	6f7b      	ldr	r3, [r7, #116]	@ 0x74
10001a96:	6f3d      	ldr	r5, [r7, #112]	@ 0x70
10001a98:	041b      	lsls	r3, r3, #16
10001a9a:	4323      	orrs	r3, r4
10001a9c:	663b      	str	r3, [r7, #96]	@ 0x60
10001a9e:	667a      	str	r2, [r7, #100]	@ 0x64
10001aa0:	e7ff      	b.n	10001aa2 <y64+0x42>
10001aa2:	e7ff      	b.n	10001aa4 <y64+0x44>
10001aa4:	46c0      	nop			@ (mov r8, r8)
10001aa6:	2300      	movs	r3, #0
10001aa8:	042c      	lsls	r4, r5, #16
10001aaa:	0c2d      	lsrs	r5, r5, #16
10001aac:	6f7a      	ldr	r2, [r7, #116]	@ 0x74
10001aae:	6f38      	ldr	r0, [r7, #112]	@ 0x70
10001ab0:	1900      	adds	r0, r0, r4
10001ab2:	4169      	adcs	r1, r5
10001ab4:	bcb0      	pop	{r4, r5, r7}
10001ab6:	4770      	bx	lr
10001ab8:	d0000000 	.word	0xd0000000

10001abc <y64_x32>:
10001abc:	b5f0      	push	{r4, r5, r6, r7, lr}
10001abe:	4694      	mov	ip, r2
10001ac0:	2500      	movs	r5, #0
10001ac2:	0e14      	lsrs	r4, r2, #24
10001ac4:	d101      	bne.n	10001aca <y64_x32+0xe>
10001ac6:	0212      	lsls	r2, r2, #8
10001ac8:	3508      	adds	r5, #8
10001aca:	0f14      	lsrs	r4, r2, #28
10001acc:	d101      	bne.n	10001ad2 <y64_x32+0x16>
10001ace:	0112      	lsls	r2, r2, #4
10001ad0:	3504      	adds	r5, #4
10001ad2:	0f94      	lsrs	r4, r2, #30
10001ad4:	d101      	bne.n	10001ada <y64_x32+0x1e>
10001ad6:	0092      	lsls	r2, r2, #2
10001ad8:	3502      	adds	r5, #2
10001ada:	0fd4      	lsrs	r4, r2, #31
10001adc:	d101      	bne.n	10001ae2 <y64_x32+0x26>
10001ade:	0052      	lsls	r2, r2, #1
10001ae0:	3501      	adds	r5, #1
10001ae2:	0bd4      	lsrs	r4, r2, #15
10001ae4:	3401      	adds	r4, #1
10001ae6:	4f25      	ldr	r7, [pc, #148]	@ (10001b7c <y64_x32+0xc0>)
10001ae8:	667c      	str	r4, [r7, #100]	@ 0x64
10001aea:	4c25      	ldr	r4, [pc, #148]	@ (10001b80 <y64_x32+0xc4>)
10001aec:	663c      	str	r4, [r7, #96]	@ 0x60
10001aee:	0c0e      	lsrs	r6, r1, #16
10001af0:	b293      	uxth	r3, r2
10001af2:	e7ff      	b.n	10001af4 <y64_x32+0x38>
10001af4:	e7ff      	b.n	10001af6 <y64_x32+0x3a>
10001af6:	e7ff      	b.n	10001af8 <y64_x32+0x3c>
10001af8:	6f3c      	ldr	r4, [r7, #112]	@ 0x70
10001afa:	4366      	muls	r6, r4
10001afc:	0c36      	lsrs	r6, r6, #16
10001afe:	0377      	lsls	r7, r6, #13
10001b00:	46be      	mov	lr, r7
10001b02:	4373      	muls	r3, r6
10001b04:	0bdf      	lsrs	r7, r3, #15
10001b06:	045b      	lsls	r3, r3, #17
10001b08:	1ac0      	subs	r0, r0, r3
10001b0a:	41b9      	sbcs	r1, r7
10001b0c:	0c13      	lsrs	r3, r2, #16
10001b0e:	4373      	muls	r3, r6
10001b10:	18db      	adds	r3, r3, r3
10001b12:	1ac9      	subs	r1, r1, r3
10001b14:	08ce      	lsrs	r6, r1, #3
10001b16:	4366      	muls	r6, r4
10001b18:	0c36      	lsrs	r6, r6, #16
10001b1a:	44b6      	add	lr, r6
10001b1c:	b293      	uxth	r3, r2
10001b1e:	4373      	muls	r3, r6
10001b20:	0f1f      	lsrs	r7, r3, #28
10001b22:	011b      	lsls	r3, r3, #4
10001b24:	1ac0      	subs	r0, r0, r3
10001b26:	41b9      	sbcs	r1, r7
10001b28:	0c13      	lsrs	r3, r2, #16
10001b2a:	4373      	muls	r3, r6
10001b2c:	0b1f      	lsrs	r7, r3, #12
10001b2e:	051b      	lsls	r3, r3, #20
10001b30:	1ac0      	subs	r0, r0, r3
10001b32:	41b9      	sbcs	r1, r7
10001b34:	0d86      	lsrs	r6, r0, #22
10001b36:	028f      	lsls	r7, r1, #10
10001b38:	433e      	orrs	r6, r7
10001b3a:	4366      	muls	r6, r4
10001b3c:	0c36      	lsrs	r6, r6, #16
10001b3e:	2d09      	cmp	r5, #9
10001b40:	db24      	blt.n	10001b8c <last0>
10001b42:	0a52      	lsrs	r2, r2, #9
10001b44:	4372      	muls	r2, r6
10001b46:	1a80      	subs	r0, r0, r2
10001b48:	0377      	lsls	r7, r6, #13
10001b4a:	0a46      	lsrs	r6, r0, #9
10001b4c:	4366      	muls	r6, r4
10001b4e:	0c36      	lsrs	r6, r6, #16
10001b50:	2316      	movs	r3, #22
10001b52:	1b5b      	subs	r3, r3, r5
10001b54:	40de      	lsrs	r6, r3
10001b56:	40df      	lsrs	r7, r3
10001b58:	19bf      	adds	r7, r7, r6
10001b5a:	4664      	mov	r4, ip
10001b5c:	4366      	muls	r6, r4
10001b5e:	1b82      	subs	r2, r0, r6
10001b60:	4670      	mov	r0, lr
10001b62:	3504      	adds	r5, #4
10001b64:	3306      	adds	r3, #6
10001b66:	0001      	movs	r1, r0
10001b68:	40d9      	lsrs	r1, r3
10001b6a:	40a8      	lsls	r0, r5
10001b6c:	19c0      	adds	r0, r0, r7
10001b6e:	d300      	bcc.n	10001b72 <y64_x32+0xb6>
10001b70:	3101      	adds	r1, #1
10001b72:	42a2      	cmp	r2, r4
10001b74:	d206      	bcs.n	10001b84 <y64_x32+0xc8>
10001b76:	2300      	movs	r3, #0
10001b78:	bdf0      	pop	{r4, r5, r6, r7, pc}
10001b7a:	0000      	.short	0x0000
10001b7c:	d0000000 	.word	0xd0000000
10001b80:	ffffffff 	.word	0xffffffff
10001b84:	1b12      	subs	r2, r2, r4
10001b86:	3001      	adds	r0, #1
10001b88:	d3f3      	bcc.n	10001b72 <y64_x32+0xb6>
10001b8a:	e7f1      	b.n	10001b70 <y64_x32+0xb4>

10001b8c <last0>:
10001b8c:	2709      	movs	r7, #9
10001b8e:	1b7f      	subs	r7, r7, r5
10001b90:	40fe      	lsrs	r6, r7
10001b92:	4664      	mov	r4, ip
10001b94:	b2a2      	uxth	r2, r4
10001b96:	4372      	muls	r2, r6
10001b98:	1a80      	subs	r0, r0, r2
10001b9a:	d200      	bcs.n	10001b9e <last0+0x12>
10001b9c:	3901      	subs	r1, #1
10001b9e:	0c22      	lsrs	r2, r4, #16
10001ba0:	4372      	muls	r2, r6
10001ba2:	0c13      	lsrs	r3, r2, #16
10001ba4:	0412      	lsls	r2, r2, #16
10001ba6:	1a82      	subs	r2, r0, r2
10001ba8:	4199      	sbcs	r1, r3
10001baa:	000b      	movs	r3, r1
10001bac:	4670      	mov	r0, lr
10001bae:	3504      	adds	r5, #4
10001bb0:	3713      	adds	r7, #19
10001bb2:	0001      	movs	r1, r0
10001bb4:	40f9      	lsrs	r1, r7
10001bb6:	40a8      	lsls	r0, r5
10001bb8:	1980      	adds	r0, r0, r6
10001bba:	d300      	bcc.n	10001bbe <last0+0x32>
10001bbc:	3101      	adds	r1, #1
10001bbe:	2b00      	cmp	r3, #0
10001bc0:	d102      	bne.n	10001bc8 <last0+0x3c>
10001bc2:	42a2      	cmp	r2, r4
10001bc4:	d20a      	bcs.n	10001bdc <last0+0x50>
10001bc6:	bdf0      	pop	{r4, r5, r6, r7, pc}
10001bc8:	3001      	adds	r0, #1
10001bca:	d300      	bcc.n	10001bce <last0+0x42>
10001bcc:	3101      	adds	r1, #1
10001bce:	1b12      	subs	r2, r2, r4
10001bd0:	d2fa      	bcs.n	10001bc8 <last0+0x3c>
10001bd2:	3b01      	subs	r3, #1
10001bd4:	d1f8      	bne.n	10001bc8 <last0+0x3c>
10001bd6:	42a2      	cmp	r2, r4
10001bd8:	d200      	bcs.n	10001bdc <last0+0x50>
10001bda:	bdf0      	pop	{r4, r5, r6, r7, pc}
10001bdc:	3001      	adds	r0, #1
10001bde:	d300      	bcc.n	10001be2 <last0+0x56>
10001be0:	3101      	adds	r1, #1
10001be2:	1b12      	subs	r2, r2, r4
10001be4:	e7f7      	b.n	10001bd6 <last0+0x4a>

10001be6 <y64_x48>:
10001be6:	b5f0      	push	{r4, r5, r6, r7, lr}
10001be8:	0c1c      	lsrs	r4, r3, #16
10001bea:	d000      	beq.n	10001bee <y64_x48+0x8>
10001bec:	e080      	b.n	10001cf0 <y64_x64>
10001bee:	b40c      	push	{r2, r3}
10001bf0:	2500      	movs	r5, #0
10001bf2:	0a1c      	lsrs	r4, r3, #8
10001bf4:	d104      	bne.n	10001c00 <y64_x48+0x1a>
10001bf6:	021b      	lsls	r3, r3, #8
10001bf8:	0e16      	lsrs	r6, r2, #24
10001bfa:	4333      	orrs	r3, r6
10001bfc:	0212      	lsls	r2, r2, #8
10001bfe:	3508      	adds	r5, #8
10001c00:	0b1c      	lsrs	r4, r3, #12
10001c02:	d104      	bne.n	10001c0e <y64_x48+0x28>
10001c04:	011b      	lsls	r3, r3, #4
10001c06:	0f16      	lsrs	r6, r2, #28
10001c08:	4333      	orrs	r3, r6
10001c0a:	0112      	lsls	r2, r2, #4
10001c0c:	3504      	adds	r5, #4
10001c0e:	0b9c      	lsrs	r4, r3, #14
10001c10:	d104      	bne.n	10001c1c <y64_x48+0x36>
10001c12:	009b      	lsls	r3, r3, #2
10001c14:	0f96      	lsrs	r6, r2, #30
10001c16:	4333      	orrs	r3, r6
10001c18:	0092      	lsls	r2, r2, #2
10001c1a:	3502      	adds	r5, #2
10001c1c:	0bdc      	lsrs	r4, r3, #15
10001c1e:	d102      	bne.n	10001c26 <y64_x48+0x40>
10001c20:	1892      	adds	r2, r2, r2
10001c22:	415b      	adcs	r3, r3
10001c24:	3501      	adds	r5, #1
10001c26:	001c      	movs	r4, r3
10001c28:	1897      	adds	r7, r2, r2
10001c2a:	4164      	adcs	r4, r4
10001c2c:	3401      	adds	r4, #1
10001c2e:	4f46      	ldr	r7, [pc, #280]	@ (10001d48 <y64_x64+0x58>)
10001c30:	667c      	str	r4, [r7, #100]	@ 0x64
10001c32:	4c46      	ldr	r4, [pc, #280]	@ (10001d4c <y64_x64+0x5c>)
10001c34:	663c      	str	r4, [r7, #96]	@ 0x60
10001c36:	0c0e      	lsrs	r6, r1, #16
10001c38:	e7ff      	b.n	10001c3a <y64_x48+0x54>
10001c3a:	e7ff      	b.n	10001c3c <y64_x48+0x56>
10001c3c:	e7ff      	b.n	10001c3e <y64_x48+0x58>
10001c3e:	46c0      	nop			@ (mov r8, r8)
10001c40:	6f3c      	ldr	r4, [r7, #112]	@ 0x70
10001c42:	4366      	muls	r6, r4
10001c44:	0c36      	lsrs	r6, r6, #16
10001c46:	0377      	lsls	r7, r6, #13
10001c48:	46be      	mov	lr, r7
10001c4a:	b297      	uxth	r7, r2
10001c4c:	4377      	muls	r7, r6
10001c4e:	1bc0      	subs	r0, r0, r7
10001c50:	d200      	bcs.n	10001c54 <y64_x48+0x6e>
10001c52:	3901      	subs	r1, #1
10001c54:	1bc0      	subs	r0, r0, r7
10001c56:	d200      	bcs.n	10001c5a <y64_x48+0x74>
10001c58:	3901      	subs	r1, #1
10001c5a:	b29f      	uxth	r7, r3
10001c5c:	4377      	muls	r7, r6
10001c5e:	1bc9      	subs	r1, r1, r7
10001c60:	1bc9      	subs	r1, r1, r7
10001c62:	0c17      	lsrs	r7, r2, #16
10001c64:	4377      	muls	r7, r6
10001c66:	047e      	lsls	r6, r7, #17
10001c68:	0bff      	lsrs	r7, r7, #15
10001c6a:	1b80      	subs	r0, r0, r6
10001c6c:	41b9      	sbcs	r1, r7
10001c6e:	08ce      	lsrs	r6, r1, #3
10001c70:	4366      	muls	r6, r4
10001c72:	0c36      	lsrs	r6, r6, #16
10001c74:	2d0c      	cmp	r5, #12
10001c76:	db33      	blt.n	10001ce0 <last1>
10001c78:	44b6      	add	lr, r6
10001c7a:	0b12      	lsrs	r2, r2, #12
10001c7c:	051f      	lsls	r7, r3, #20
10001c7e:	433a      	orrs	r2, r7
10001c80:	0b1b      	lsrs	r3, r3, #12
10001c82:	b297      	uxth	r7, r2
10001c84:	4377      	muls	r7, r6
10001c86:	1bc0      	subs	r0, r0, r7
10001c88:	d200      	bcs.n	10001c8c <y64_x48+0xa6>
10001c8a:	3901      	subs	r1, #1
10001c8c:	b29f      	uxth	r7, r3
10001c8e:	4377      	muls	r7, r6
10001c90:	1bc9      	subs	r1, r1, r7
10001c92:	0c17      	lsrs	r7, r2, #16
10001c94:	4377      	muls	r7, r6
10001c96:	043e      	lsls	r6, r7, #16
10001c98:	0c3f      	lsrs	r7, r7, #16
10001c9a:	1b80      	subs	r0, r0, r6
10001c9c:	41b9      	sbcs	r1, r7
10001c9e:	0d86      	lsrs	r6, r0, #22
10001ca0:	028f      	lsls	r7, r1, #10
10001ca2:	433e      	orrs	r6, r7
10001ca4:	4366      	muls	r6, r4
10001ca6:	2729      	movs	r7, #41	@ 0x29
10001ca8:	1b7f      	subs	r7, r7, r5
10001caa:	40fe      	lsrs	r6, r7
10001cac:	3d0c      	subs	r5, #12
10001cae:	4677      	mov	r7, lr
10001cb0:	40af      	lsls	r7, r5
10001cb2:	19bf      	adds	r7, r7, r6
10001cb4:	bc30      	pop	{r4, r5}
10001cb6:	b2a2      	uxth	r2, r4
10001cb8:	b2ab      	uxth	r3, r5
10001cba:	4372      	muls	r2, r6
10001cbc:	4373      	muls	r3, r6
10001cbe:	1a80      	subs	r0, r0, r2
10001cc0:	4199      	sbcs	r1, r3
10001cc2:	0c22      	lsrs	r2, r4, #16
10001cc4:	4372      	muls	r2, r6
10001cc6:	0c13      	lsrs	r3, r2, #16
10001cc8:	0412      	lsls	r2, r2, #16
10001cca:	1a80      	subs	r0, r0, r2
10001ccc:	4199      	sbcs	r1, r3
10001cce:	0002      	movs	r2, r0
10001cd0:	000b      	movs	r3, r1
10001cd2:	3701      	adds	r7, #1
10001cd4:	1b00      	subs	r0, r0, r4
10001cd6:	41a9      	sbcs	r1, r5
10001cd8:	d2f9      	bcs.n	10001cce <y64_x48+0xe8>
10001cda:	1e78      	subs	r0, r7, #1
10001cdc:	2100      	movs	r1, #0
10001cde:	bdf0      	pop	{r4, r5, r6, r7, pc}

10001ce0 <last1>:
10001ce0:	270c      	movs	r7, #12
10001ce2:	1b7f      	subs	r7, r7, r5
10001ce4:	40fe      	lsrs	r6, r7
10001ce6:	4677      	mov	r7, lr
10001ce8:	0b7f      	lsrs	r7, r7, #13
10001cea:	40af      	lsls	r7, r5
10001cec:	19ff      	adds	r7, r7, r7
10001cee:	e7e0      	b.n	10001cb2 <y64_x48+0xcc>

10001cf0 <y64_x64>:
10001cf0:	2400      	movs	r4, #0
10001cf2:	1c5d      	adds	r5, r3, #1
10001cf4:	d007      	beq.n	10001d06 <y64_x64+0x16>
10001cf6:	4f14      	ldr	r7, [pc, #80]	@ (10001d48 <y64_x64+0x58>)
10001cf8:	667d      	str	r5, [r7, #100]	@ 0x64
10001cfa:	6639      	str	r1, [r7, #96]	@ 0x60
10001cfc:	e7ff      	b.n	10001cfe <y64_x64+0xe>
10001cfe:	e7ff      	b.n	10001d00 <y64_x64+0x10>
10001d00:	e7ff      	b.n	10001d02 <y64_x64+0x12>
10001d02:	e7ff      	b.n	10001d04 <y64_x64+0x14>
10001d04:	6f3c      	ldr	r4, [r7, #112]	@ 0x70
10001d06:	b295      	uxth	r5, r2
10001d08:	b29e      	uxth	r6, r3
10001d0a:	4365      	muls	r5, r4
10001d0c:	4366      	muls	r6, r4
10001d0e:	1b40      	subs	r0, r0, r5
10001d10:	41b1      	sbcs	r1, r6
10001d12:	0c15      	lsrs	r5, r2, #16
10001d14:	0c1e      	lsrs	r6, r3, #16
10001d16:	4365      	muls	r5, r4
10001d18:	4366      	muls	r6, r4
10001d1a:	0436      	lsls	r6, r6, #16
10001d1c:	0c2f      	lsrs	r7, r5, #16
10001d1e:	433e      	orrs	r6, r7
10001d20:	042d      	lsls	r5, r5, #16
10001d22:	1b40      	subs	r0, r0, r5
10001d24:	41b1      	sbcs	r1, r6
10001d26:	4299      	cmp	r1, r3
10001d28:	d204      	bcs.n	10001d34 <y64_x64+0x44>
10001d2a:	0002      	movs	r2, r0
10001d2c:	000b      	movs	r3, r1
10001d2e:	0020      	movs	r0, r4
10001d30:	2100      	movs	r1, #0
10001d32:	bdf0      	pop	{r4, r5, r6, r7, pc}
10001d34:	d101      	bne.n	10001d3a <y64_x64+0x4a>
10001d36:	4290      	cmp	r0, r2
10001d38:	d3f7      	bcc.n	10001d2a <y64_x64+0x3a>
10001d3a:	1a80      	subs	r0, r0, r2
10001d3c:	4199      	sbcs	r1, r3
10001d3e:	3401      	adds	r4, #1
10001d40:	4299      	cmp	r1, r3
10001d42:	d3f2      	bcc.n	10001d2a <y64_x64+0x3a>
10001d44:	e7f6      	b.n	10001d34 <y64_x64+0x44>
10001d46:	0000      	.short	0x0000
10001d48:	d0000000 	.word	0xd0000000
10001d4c:	ffffffff 	.word	0xffffffff

10001d50 <__wrap___aeabi_drsub>:
10001d50:	4048      	eors	r0, r1
10001d52:	4041      	eors	r1, r0
10001d54:	4048      	eors	r0, r1

10001d56 <__wrap___aeabi_dsub>:
10001d56:	b418      	push	{r3, r4}
10001d58:	4b1b      	ldr	r3, [pc, #108]	@ (10001dc8 <__wrap___aeabi_dmul+0x12>)
10001d5a:	685b      	ldr	r3, [r3, #4]
10001d5c:	46fc      	mov	ip, pc
10001d5e:	9301      	str	r3, [sp, #4]
10001d60:	bd08      	pop	{r3, pc}
10001d62:	df04      	.short	0xdf04
10001d64:	10001feb 	.word	0x10001feb

10001d68 <__wrap___aeabi_dadd>:
10001d68:	b418      	push	{r3, r4}
10001d6a:	4b17      	ldr	r3, [pc, #92]	@ (10001dc8 <__wrap___aeabi_dmul+0x12>)
10001d6c:	681b      	ldr	r3, [r3, #0]
10001d6e:	46fc      	mov	ip, pc
10001d70:	9301      	str	r3, [sp, #4]
10001d72:	bd08      	pop	{r3, pc}
10001d74:	1ff5df00 	.word	0x1ff5df00
10001d78:	1000      	.short	0x1000

10001d7a <__wrap___aeabi_ddiv>:
10001d7a:	4694      	mov	ip, r2
10001d7c:	4a13      	ldr	r2, [pc, #76]	@ (10001dcc <__wrap___aeabi_dmul+0x16>)
10001d7e:	6f92      	ldr	r2, [r2, #120]	@ 0x78
10001d80:	0892      	lsrs	r2, r2, #2
10001d82:	d209      	bcs.n	10001d98 <ddiv_save_state>
10001d84:	4662      	mov	r2, ip

10001d86 <ddiv_shim_call>:
10001d86:	b418      	push	{r3, r4}
10001d88:	4b0f      	ldr	r3, [pc, #60]	@ (10001dc8 <__wrap___aeabi_dmul+0x12>)
10001d8a:	68db      	ldr	r3, [r3, #12]
10001d8c:	46fc      	mov	ip, pc
10001d8e:	9301      	str	r3, [sp, #4]
10001d90:	bd08      	pop	{r3, pc}
10001d92:	df0c      	.short	0xdf0c
10001d94:	100022ad 	.word	0x100022ad

10001d98 <ddiv_save_state>:
10001d98:	4a0c      	ldr	r2, [pc, #48]	@ (10001dcc <__wrap___aeabi_dmul+0x16>)
10001d9a:	b5f0      	push	{r4, r5, r6, r7, lr}
10001d9c:	6e14      	ldr	r4, [r2, #96]	@ 0x60
10001d9e:	6e55      	ldr	r5, [r2, #100]	@ 0x64
10001da0:	6f57      	ldr	r7, [r2, #116]	@ 0x74
10001da2:	6f16      	ldr	r6, [r2, #112]	@ 0x70
10001da4:	4662      	mov	r2, ip
10001da6:	f7ff ffee 	bl	10001d86 <ddiv_shim_call>
10001daa:	4a08      	ldr	r2, [pc, #32]	@ (10001dcc <__wrap___aeabi_dmul+0x16>)
10001dac:	6614      	str	r4, [r2, #96]	@ 0x60
10001dae:	6655      	str	r5, [r2, #100]	@ 0x64
10001db0:	6757      	str	r7, [r2, #116]	@ 0x74
10001db2:	6716      	str	r6, [r2, #112]	@ 0x70
10001db4:	bdf0      	pop	{r4, r5, r6, r7, pc}

10001db6 <__wrap___aeabi_dmul>:
10001db6:	b418      	push	{r3, r4}
10001db8:	4b03      	ldr	r3, [pc, #12]	@ (10001dc8 <__wrap___aeabi_dmul+0x12>)
10001dba:	689b      	ldr	r3, [r3, #8]
10001dbc:	46fc      	mov	ip, pc
10001dbe:	9301      	str	r3, [sp, #4]
10001dc0:	bd08      	pop	{r3, pc}
10001dc2:	df08      	.short	0xdf08
10001dc4:	10002151 	.word	0x10002151
10001dc8:	200014a8 	.word	0x200014a8
10001dcc:	d0000000 	.word	0xd0000000

10001dd0 <__wrap___aeabi_cdrcmple>:
10001dd0:	b5ff      	push	{r0, r1, r2, r3, r4, r5, r6, r7, lr}
10001dd2:	4050      	eors	r0, r2
10001dd4:	4042      	eors	r2, r0
10001dd6:	4050      	eors	r0, r2
10001dd8:	4059      	eors	r1, r3
10001dda:	404b      	eors	r3, r1
10001ddc:	4059      	eors	r1, r3
10001dde:	e000      	b.n	10001de2 <__aeabi_dfcmple_guts>

10001de0 <__wrap___aeabi_cdcmpeq>:
10001de0:	b5ff      	push	{r0, r1, r2, r3, r4, r5, r6, r7, lr}

10001de2 <__aeabi_dfcmple_guts>:
10001de2:	4f15      	ldr	r7, [pc, #84]	@ (10001e38 <__aeabi_dfcmple_guts+0x56>)
10001de4:	004c      	lsls	r4, r1, #1
10001de6:	0d64      	lsrs	r4, r4, #21
10001de8:	d003      	beq.n	10001df2 <__aeabi_dfcmple_guts+0x10>
10001dea:	42bc      	cmp	r4, r7
10001dec:	d104      	bne.n	10001df8 <__aeabi_dfcmple_guts+0x16>
10001dee:	030c      	lsls	r4, r1, #12
10001df0:	d814      	bhi.n	10001e1c <__aeabi_dfcmple_guts+0x3a>
10001df2:	2000      	movs	r0, #0
10001df4:	0d09      	lsrs	r1, r1, #20
10001df6:	0509      	lsls	r1, r1, #20
10001df8:	005c      	lsls	r4, r3, #1
10001dfa:	0d64      	lsrs	r4, r4, #21
10001dfc:	d003      	beq.n	10001e06 <__aeabi_dfcmple_guts+0x24>
10001dfe:	42bc      	cmp	r4, r7
10001e00:	d104      	bne.n	10001e0c <__aeabi_dfcmple_guts+0x2a>
10001e02:	031c      	lsls	r4, r3, #12
10001e04:	d80a      	bhi.n	10001e1c <__aeabi_dfcmple_guts+0x3a>
10001e06:	2200      	movs	r2, #0
10001e08:	0d1b      	lsrs	r3, r3, #20
10001e0a:	051b      	lsls	r3, r3, #20
10001e0c:	2601      	movs	r6, #1
10001e0e:	404b      	eors	r3, r1
10001e10:	d409      	bmi.n	10001e26 <__aeabi_dfcmple_guts+0x44>
10001e12:	404b      	eors	r3, r1
10001e14:	d503      	bpl.n	10001e1e <__aeabi_dfcmple_guts+0x3c>
10001e16:	428b      	cmp	r3, r1
10001e18:	d100      	bne.n	10001e1c <__aeabi_dfcmple_guts+0x3a>
10001e1a:	4282      	cmp	r2, r0
10001e1c:	bdff      	pop	{r0, r1, r2, r3, r4, r5, r6, r7, pc}
10001e1e:	4299      	cmp	r1, r3
10001e20:	d1fc      	bne.n	10001e1c <__aeabi_dfcmple_guts+0x3a>
10001e22:	4290      	cmp	r0, r2
10001e24:	bdff      	pop	{r0, r1, r2, r3, r4, r5, r6, r7, pc}
10001e26:	430b      	orrs	r3, r1
10001e28:	18db      	adds	r3, r3, r3
10001e2a:	4303      	orrs	r3, r0
10001e2c:	4313      	orrs	r3, r2
10001e2e:	d0f5      	beq.n	10001e1c <__aeabi_dfcmple_guts+0x3a>
10001e30:	43c9      	mvns	r1, r1
10001e32:	1849      	adds	r1, r1, r1
10001e34:	bdff      	pop	{r0, r1, r2, r3, r4, r5, r6, r7, pc}
10001e36:	0000      	.short	0x0000
10001e38:	000007ff 	.word	0x000007ff

10001e3c <__wrap___aeabi_dcmplt>:
10001e3c:	b500      	push	{lr}
10001e3e:	f7ff ffcf 	bl	10001de0 <__wrap___aeabi_cdcmpeq>
10001e42:	4180      	sbcs	r0, r0
10001e44:	bd00      	pop	{pc}
10001e46:	46c0      	nop			@ (mov r8, r8)

10001e48 <__wrap___aeabi_dcmpge>:
10001e48:	b500      	push	{lr}
10001e4a:	f7ff ffc1 	bl	10001dd0 <__wrap___aeabi_cdrcmple>
10001e4e:	d901      	bls.n	10001e54 <__wrap___aeabi_dcmpge+0xc>
10001e50:	2000      	movs	r0, #0
10001e52:	bd00      	pop	{pc}
10001e54:	2001      	movs	r0, #1
10001e56:	bd00      	pop	{pc}

10001e58 <__wrap___aeabi_dcmpgt>:
10001e58:	b500      	push	{lr}
10001e5a:	f7ff ffb9 	bl	10001dd0 <__wrap___aeabi_cdrcmple>
10001e5e:	4180      	sbcs	r0, r0
10001e60:	bd00      	pop	{pc}

10001e62 <__wrap___aeabi_dcmpun>:
10001e62:	2001      	movs	r0, #1
10001e64:	0540      	lsls	r0, r0, #21
10001e66:	004a      	lsls	r2, r1, #1
10001e68:	1812      	adds	r2, r2, r0
10001e6a:	d804      	bhi.n	10001e76 <__wrap___aeabi_dcmpun+0x14>
10001e6c:	005a      	lsls	r2, r3, #1
10001e6e:	1812      	adds	r2, r2, r0
10001e70:	d801      	bhi.n	10001e76 <__wrap___aeabi_dcmpun+0x14>
10001e72:	2000      	movs	r0, #0
10001e74:	4770      	bx	lr
10001e76:	2001      	movs	r0, #1
10001e78:	4770      	bx	lr
	...

10001e7c <__wrap___aeabi_ui2d>:
10001e7c:	2100      	movs	r1, #0
10001e7e:	2800      	cmp	r0, #0
10001e80:	d105      	bne.n	10001e8e <__wrap___aeabi_i2d+0xa>
10001e82:	4770      	bx	lr

10001e84 <__wrap___aeabi_i2d>:
10001e84:	17c1      	asrs	r1, r0, #31
10001e86:	4048      	eors	r0, r1
10001e88:	1a40      	subs	r0, r0, r1
10001e8a:	d0fa      	beq.n	10001e82 <__wrap___aeabi_ui2d+0x6>
10001e8c:	07c9      	lsls	r1, r1, #31
10001e8e:	b513      	push	{r0, r1, r4, lr}
10001e90:	4b06      	ldr	r3, [pc, #24]	@ (10001eac <__wrap___aeabi_i2d+0x28>)
10001e92:	681b      	ldr	r3, [r3, #0]
10001e94:	4798      	blx	r3
10001e96:	bc0c      	pop	{r2, r3}
10001e98:	1c44      	adds	r4, r0, #1
10001e9a:	40a2      	lsls	r2, r4
10001e9c:	0510      	lsls	r0, r2, #20
10001e9e:	0b12      	lsrs	r2, r2, #12
10001ea0:	4903      	ldr	r1, [pc, #12]	@ (10001eb0 <__wrap___aeabi_i2d+0x2c>)
10001ea2:	1b09      	subs	r1, r1, r4
10001ea4:	0509      	lsls	r1, r1, #20
10001ea6:	4319      	orrs	r1, r3
10001ea8:	4311      	orrs	r1, r2
10001eaa:	bd10      	pop	{r4, pc}
10001eac:	200020a0 	.word	0x200020a0
10001eb0:	0000041f 	.word	0x0000041f

10001eb4 <__wrap___aeabi_d2iz>:
10001eb4:	b510      	push	{r4, lr}
10001eb6:	004c      	lsls	r4, r1, #1
10001eb8:	0d62      	lsrs	r2, r4, #21
10001eba:	2380      	movs	r3, #128	@ 0x80
10001ebc:	18d2      	adds	r2, r2, r3
10001ebe:	00db      	lsls	r3, r3, #3
10001ec0:	1ad2      	subs	r2, r2, r3
10001ec2:	055b      	lsls	r3, r3, #21
10001ec4:	2a7e      	cmp	r2, #126	@ 0x7e
10001ec6:	dd10      	ble.n	10001eea <__wrap___aeabi_d2iz+0x36>
10001ec8:	3a9e      	subs	r2, #158	@ 0x9e
10001eca:	da13      	bge.n	10001ef4 <__wrap___aeabi_d2iz+0x40>
10001ecc:	17cc      	asrs	r4, r1, #31
10001ece:	0309      	lsls	r1, r1, #12
10001ed0:	0849      	lsrs	r1, r1, #1
10001ed2:	4319      	orrs	r1, r3
10001ed4:	4252      	negs	r2, r2
10001ed6:	40d1      	lsrs	r1, r2
10001ed8:	0064      	lsls	r4, r4, #1
10001eda:	3401      	adds	r4, #1
10001edc:	3215      	adds	r2, #21
10001ede:	2a20      	cmp	r2, #32
10001ee0:	da05      	bge.n	10001eee <__wrap___aeabi_d2iz+0x3a>
10001ee2:	40d0      	lsrs	r0, r2
10001ee4:	4308      	orrs	r0, r1
10001ee6:	4360      	muls	r0, r4
10001ee8:	bd10      	pop	{r4, pc}
10001eea:	2000      	movs	r0, #0
10001eec:	bd10      	pop	{r4, pc}
10001eee:	4608      	mov	r0, r1
10001ef0:	4360      	muls	r0, r4
10001ef2:	bd10      	pop	{r4, pc}
10001ef4:	0fc8      	lsrs	r0, r1, #31
10001ef6:	18c0      	adds	r0, r0, r3
10001ef8:	3801      	subs	r0, #1
10001efa:	bd10      	pop	{r4, pc}

10001efc <__wrap___aeabi_d2uiz>:
10001efc:	b418      	push	{r3, r4}
10001efe:	4b04      	ldr	r3, [pc, #16]	@ (10001f10 <__wrap___aeabi_d2uiz+0x14>)
10001f00:	6a5b      	ldr	r3, [r3, #36]	@ 0x24
10001f02:	46fc      	mov	ip, pc
10001f04:	9301      	str	r3, [sp, #4]
10001f06:	bd08      	pop	{r3, pc}
10001f08:	245ddf24 	.word	0x245ddf24
10001f0c:	00001000 	.word	0x00001000
10001f10:	200014a8 	.word	0x200014a8

10001f14 <__aeabi_double_init>:
10001f14:	2313      	movs	r3, #19
10001f16:	b570      	push	{r4, r5, r6, lr}
10001f18:	781d      	ldrb	r5, [r3, #0]
10001f1a:	2d01      	cmp	r5, #1
10001f1c:	d019      	beq.n	10001f52 <__aeabi_double_init+0x3e>
10001f1e:	dd14      	ble.n	10001f4a <__aeabi_double_init+0x36>
10001f20:	481f      	ldr	r0, [pc, #124]	@ (10001fa0 <__aeabi_double_init+0x8c>)
10001f22:	f7ff fc7b 	bl	1000181c <rom_data_lookup>
10001f26:	0006      	movs	r6, r0
10001f28:	481e      	ldr	r0, [pc, #120]	@ (10001fa4 <__aeabi_double_init+0x90>)
10001f2a:	f7ff fc77 	bl	1000181c <rom_data_lookup>
10001f2e:	4c1e      	ldr	r4, [pc, #120]	@ (10001fa8 <__aeabi_double_init+0x94>)
10001f30:	2280      	movs	r2, #128	@ 0x80
10001f32:	0031      	movs	r1, r6
10001f34:	0020      	movs	r0, r4
10001f36:	f000 fb5f 	bl	100025f8 <__wrap___aeabi_memcpy>
10001f3a:	2d02      	cmp	r5, #2
10001f3c:	d02d      	beq.n	10001f9a <__aeabi_double_init+0x86>
10001f3e:	481b      	ldr	r0, [pc, #108]	@ (10001fac <__aeabi_double_init+0x98>)
10001f40:	f7ff fc64 	bl	1000180c <rom_func_lookup>
10001f44:	4b1a      	ldr	r3, [pc, #104]	@ (10001fb0 <__aeabi_double_init+0x9c>)
10001f46:	6018      	str	r0, [r3, #0]
10001f48:	bd70      	pop	{r4, r5, r6, pc}
10001f4a:	4b1a      	ldr	r3, [pc, #104]	@ (10001fb4 <__aeabi_double_init+0xa0>)
10001f4c:	4c16      	ldr	r4, [pc, #88]	@ (10001fa8 <__aeabi_double_init+0x94>)
10001f4e:	64a3      	str	r3, [r4, #72]	@ 0x48
10001f50:	e7f5      	b.n	10001f3e <__aeabi_double_init+0x2a>
10001f52:	4b18      	ldr	r3, [pc, #96]	@ (10001fb4 <__aeabi_double_init+0xa0>)
10001f54:	4c14      	ldr	r4, [pc, #80]	@ (10001fa8 <__aeabi_double_init+0x94>)
10001f56:	6023      	str	r3, [r4, #0]
10001f58:	6063      	str	r3, [r4, #4]
10001f5a:	60a3      	str	r3, [r4, #8]
10001f5c:	60e3      	str	r3, [r4, #12]
10001f5e:	6123      	str	r3, [r4, #16]
10001f60:	6163      	str	r3, [r4, #20]
10001f62:	61a3      	str	r3, [r4, #24]
10001f64:	61e3      	str	r3, [r4, #28]
10001f66:	6223      	str	r3, [r4, #32]
10001f68:	6263      	str	r3, [r4, #36]	@ 0x24
10001f6a:	62a3      	str	r3, [r4, #40]	@ 0x28
10001f6c:	62e3      	str	r3, [r4, #44]	@ 0x2c
10001f6e:	6323      	str	r3, [r4, #48]	@ 0x30
10001f70:	6363      	str	r3, [r4, #52]	@ 0x34
10001f72:	63a3      	str	r3, [r4, #56]	@ 0x38
10001f74:	63e3      	str	r3, [r4, #60]	@ 0x3c
10001f76:	6423      	str	r3, [r4, #64]	@ 0x40
10001f78:	6463      	str	r3, [r4, #68]	@ 0x44
10001f7a:	64a3      	str	r3, [r4, #72]	@ 0x48
10001f7c:	64e3      	str	r3, [r4, #76]	@ 0x4c
10001f7e:	6523      	str	r3, [r4, #80]	@ 0x50
10001f80:	6563      	str	r3, [r4, #84]	@ 0x54
10001f82:	65a3      	str	r3, [r4, #88]	@ 0x58
10001f84:	65e3      	str	r3, [r4, #92]	@ 0x5c
10001f86:	6623      	str	r3, [r4, #96]	@ 0x60
10001f88:	6663      	str	r3, [r4, #100]	@ 0x64
10001f8a:	66a3      	str	r3, [r4, #104]	@ 0x68
10001f8c:	66e3      	str	r3, [r4, #108]	@ 0x6c
10001f8e:	6723      	str	r3, [r4, #112]	@ 0x70
10001f90:	6763      	str	r3, [r4, #116]	@ 0x74
10001f92:	67a3      	str	r3, [r4, #120]	@ 0x78
10001f94:	67e3      	str	r3, [r4, #124]	@ 0x7c
10001f96:	64a3      	str	r3, [r4, #72]	@ 0x48
10001f98:	e7d1      	b.n	10001f3e <__aeabi_double_init+0x2a>
10001f9a:	4b06      	ldr	r3, [pc, #24]	@ (10001fb4 <__aeabi_double_init+0xa0>)
10001f9c:	64a3      	str	r3, [r4, #72]	@ 0x48
10001f9e:	e7ce      	b.n	10001f3e <__aeabi_double_init+0x2a>
10001fa0:	00004453 	.word	0x00004453
10001fa4:	00004653 	.word	0x00004653
10001fa8:	200014a8 	.word	0x200014a8
10001fac:	0000334c 	.word	0x0000334c
10001fb0:	200020a0 	.word	0x200020a0
10001fb4:	10001fb9 	.word	0x10001fb9

10001fb8 <double_table_shim_on_use_helper>:
10001fb8:	b507      	push	{r0, r1, r2, lr}
10001fba:	4660      	mov	r0, ip
10001fbc:	8801      	ldrh	r1, [r0, #0]
10001fbe:	0a0a      	lsrs	r2, r1, #8
10001fc0:	3002      	adds	r0, #2
10001fc2:	2adf      	cmp	r2, #223	@ 0xdf
10001fc4:	d1fa      	bne.n	10001fbc <double_table_shim_on_use_helper+0x4>
10001fc6:	b2c9      	uxtb	r1, r1
10001fc8:	0882      	lsrs	r2, r0, #2
10001fca:	d304      	bcc.n	10001fd6 <double_table_shim_on_use_helper+0x1e>
10001fcc:	8802      	ldrh	r2, [r0, #0]
10001fce:	8840      	ldrh	r0, [r0, #2]
10001fd0:	0400      	lsls	r0, r0, #16
10001fd2:	4310      	orrs	r0, r2
10001fd4:	e000      	b.n	10001fd8 <double_table_shim_on_use_helper+0x20>
10001fd6:	6800      	ldr	r0, [r0, #0]
10001fd8:	4a01      	ldr	r2, [pc, #4]	@ (10001fe0 <double_table_shim_on_use_helper+0x28>)
10001fda:	5050      	str	r0, [r2, r1]
10001fdc:	9003      	str	r0, [sp, #12]
10001fde:	bd07      	pop	{r0, r1, r2, pc}
10001fe0:	200014a8 	.word	0x200014a8

10001fe4 <drsub_shim>:
10001fe4:	b40f      	push	{r0, r1, r2, r3}
10001fe6:	bc03      	pop	{r0, r1}
10001fe8:	bc0c      	pop	{r2, r3}

10001fea <dsub_shim>:
10001fea:	b5f0      	push	{r4, r5, r6, r7, lr}
10001fec:	2401      	movs	r4, #1
10001fee:	07e4      	lsls	r4, r4, #31
10001ff0:	4063      	eors	r3, r4
10001ff2:	e000      	b.n	10001ff6 <da_entry>

10001ff4 <dadd_shim>:
10001ff4:	b5f0      	push	{r4, r5, r6, r7, lr}

10001ff6 <da_entry>:
10001ff6:	0d0c      	lsrs	r4, r1, #20
10001ff8:	0fcf      	lsrs	r7, r1, #31
10001ffa:	1e66      	subs	r6, r4, #1
10001ffc:	0536      	lsls	r6, r6, #20
10001ffe:	1b89      	subs	r1, r1, r6
10002000:	0564      	lsls	r4, r4, #21
10002002:	d303      	bcc.n	1000200c <l8_1>
10002004:	43c9      	mvns	r1, r1
10002006:	4240      	negs	r0, r0
10002008:	d300      	bcc.n	1000200c <l8_1>
1000200a:	3101      	adds	r1, #1

1000200c <l8_1>:
1000200c:	0d64      	lsrs	r4, r4, #21
1000200e:	d003      	beq.n	10002018 <l8_2>
10002010:	1c66      	adds	r6, r4, #1
10002012:	0af6      	lsrs	r6, r6, #11
10002014:	d007      	beq.n	10002026 <l8_3>
10002016:	1be4      	subs	r4, r4, r7

10002018 <l8_2>:
10002018:	2000      	movs	r0, #0
1000201a:	007f      	lsls	r7, r7, #1
1000201c:	1c79      	adds	r1, r7, #1
1000201e:	0789      	lsls	r1, r1, #30
10002020:	1289      	asrs	r1, r1, #10
10002022:	3c80      	subs	r4, #128	@ 0x80
10002024:	0324      	lsls	r4, r4, #12

10002026 <l8_3>:
10002026:	0d1d      	lsrs	r5, r3, #20
10002028:	0fdf      	lsrs	r7, r3, #31
1000202a:	1e6e      	subs	r6, r5, #1
1000202c:	0536      	lsls	r6, r6, #20
1000202e:	1b9b      	subs	r3, r3, r6
10002030:	056d      	lsls	r5, r5, #21
10002032:	d303      	bcc.n	1000203c <l9_1>
10002034:	43db      	mvns	r3, r3
10002036:	4252      	negs	r2, r2
10002038:	d300      	bcc.n	1000203c <l9_1>
1000203a:	3301      	adds	r3, #1

1000203c <l9_1>:
1000203c:	0d6d      	lsrs	r5, r5, #21
1000203e:	d003      	beq.n	10002048 <l9_2>
10002040:	1c6e      	adds	r6, r5, #1
10002042:	0af6      	lsrs	r6, r6, #11
10002044:	d007      	beq.n	10002056 <l9_3>
10002046:	1bed      	subs	r5, r5, r7

10002048 <l9_2>:
10002048:	2200      	movs	r2, #0
1000204a:	007f      	lsls	r7, r7, #1
1000204c:	1c7b      	adds	r3, r7, #1
1000204e:	079b      	lsls	r3, r3, #30
10002050:	129b      	asrs	r3, r3, #10
10002052:	3d80      	subs	r5, #128	@ 0x80
10002054:	032d      	lsls	r5, r5, #12

10002056 <l9_3>:
10002056:	1b2f      	subs	r7, r5, r4
10002058:	1b66      	subs	r6, r4, r5
1000205a:	d458      	bmi.n	1000210e <da_ygtx>
1000205c:	46a4      	mov	ip, r4
1000205e:	2e20      	cmp	r6, #32
10002060:	da46      	bge.n	100020f0 <da_xrgty>
10002062:	3720      	adds	r7, #32
10002064:	0014      	movs	r4, r2
10002066:	40bc      	lsls	r4, r7

10002068 <da_xgty0>:
10002068:	001d      	movs	r5, r3
1000206a:	40bd      	lsls	r5, r7
1000206c:	40f2      	lsrs	r2, r6
1000206e:	4133      	asrs	r3, r6
10002070:	432a      	orrs	r2, r5

10002072 <da_add>:
10002072:	1880      	adds	r0, r0, r2
10002074:	4159      	adcs	r1, r3

10002076 <da_pack>:
10002076:	0fcb      	lsrs	r3, r1, #31
10002078:	d005      	beq.n	10002086 <da_pack+0x10>
1000207a:	43c9      	mvns	r1, r1
1000207c:	43c0      	mvns	r0, r0
1000207e:	2200      	movs	r2, #0
10002080:	4264      	negs	r4, r4
10002082:	4150      	adcs	r0, r2
10002084:	4151      	adcs	r1, r2
10002086:	4662      	mov	r2, ip
10002088:	0d4d      	lsrs	r5, r1, #21
1000208a:	d128      	bne.n	100020de <da_0>
1000208c:	0d0d      	lsrs	r5, r1, #20
1000208e:	d107      	bne.n	100020a0 <da_1>
10002090:	2800      	cmp	r0, #0
10002092:	d01f      	beq.n	100020d4 <da_5>

10002094 <da_2>:
10002094:	1924      	adds	r4, r4, r4
10002096:	4140      	adcs	r0, r0
10002098:	4149      	adcs	r1, r1
1000209a:	3a01      	subs	r2, #1
1000209c:	0d0d      	lsrs	r5, r1, #20
1000209e:	d0f9      	beq.n	10002094 <da_2>

100020a0 <da_1>:
100020a0:	0064      	lsls	r4, r4, #1
100020a2:	d306      	bcc.n	100020b2 <da_3>

100020a4 <da_4>:
100020a4:	3001      	adds	r0, #1
100020a6:	d300      	bcc.n	100020aa <da_4+0x6>
100020a8:	3101      	adds	r1, #1
100020aa:	2c00      	cmp	r4, #0
100020ac:	d101      	bne.n	100020b2 <da_3>
100020ae:	0840      	lsrs	r0, r0, #1
100020b0:	0040      	lsls	r0, r0, #1

100020b2 <da_3>:
100020b2:	3a01      	subs	r2, #1
100020b4:	d40b      	bmi.n	100020ce <da_6>
100020b6:	1c94      	adds	r4, r2, #2
100020b8:	0ae4      	lsrs	r4, r4, #11
100020ba:	d104      	bne.n	100020c6 <da_7>
100020bc:	0512      	lsls	r2, r2, #20
100020be:	4411      	add	r1, r2
100020c0:	07db      	lsls	r3, r3, #31
100020c2:	4419      	add	r1, r3
100020c4:	bdf0      	pop	{r4, r5, r6, r7, pc}

100020c6 <da_7>:
100020c6:	07d9      	lsls	r1, r3, #31
100020c8:	4b20      	ldr	r3, [pc, #128]	@ (1000214c <da_xmgty+0x4>)
100020ca:	4319      	orrs	r1, r3
100020cc:	e000      	b.n	100020d0 <da_6+0x2>

100020ce <da_6>:
100020ce:	07d9      	lsls	r1, r3, #31
100020d0:	2000      	movs	r0, #0
100020d2:	bdf0      	pop	{r4, r5, r6, r7, pc}

100020d4 <da_5>:
100020d4:	2900      	cmp	r1, #0
100020d6:	d1dd      	bne.n	10002094 <da_2>
100020d8:	2c00      	cmp	r4, #0
100020da:	d1db      	bne.n	10002094 <da_2>
100020dc:	bdf0      	pop	{r4, r5, r6, r7, pc}

100020de <da_0>:
100020de:	3201      	adds	r2, #1
100020e0:	07c6      	lsls	r6, r0, #31
100020e2:	0840      	lsrs	r0, r0, #1
100020e4:	07cd      	lsls	r5, r1, #31
100020e6:	4328      	orrs	r0, r5
100020e8:	0849      	lsrs	r1, r1, #1
100020ea:	2e00      	cmp	r6, #0
100020ec:	d0e1      	beq.n	100020b2 <da_3>
100020ee:	e7d9      	b.n	100020a4 <da_4>

100020f0 <da_xrgty>:
100020f0:	2e3c      	cmp	r6, #60	@ 0x3c
100020f2:	da29      	bge.n	10002148 <da_xmgty>
100020f4:	3e20      	subs	r6, #32
100020f6:	3740      	adds	r7, #64	@ 0x40
100020f8:	0014      	movs	r4, r2
100020fa:	40bc      	lsls	r4, r7
100020fc:	d000      	beq.n	10002100 <da_xrgty+0x10>
100020fe:	2401      	movs	r4, #1
10002100:	40f2      	lsrs	r2, r6
10002102:	4314      	orrs	r4, r2
10002104:	001a      	movs	r2, r3
10002106:	40bb      	lsls	r3, r7
10002108:	431c      	orrs	r4, r3
1000210a:	17d3      	asrs	r3, r2, #31
1000210c:	e7ac      	b.n	10002068 <da_xgty0>

1000210e <da_ygtx>:
1000210e:	46ac      	mov	ip, r5
10002110:	2f20      	cmp	r7, #32
10002112:	da08      	bge.n	10002126 <da_yrgtx>
10002114:	3620      	adds	r6, #32
10002116:	0004      	movs	r4, r0
10002118:	40b4      	lsls	r4, r6

1000211a <da_ygtx0>:
1000211a:	000d      	movs	r5, r1
1000211c:	40b5      	lsls	r5, r6
1000211e:	40f8      	lsrs	r0, r7
10002120:	4139      	asrs	r1, r7
10002122:	4328      	orrs	r0, r5
10002124:	e7a5      	b.n	10002072 <da_add>

10002126 <da_yrgtx>:
10002126:	2f3c      	cmp	r7, #60	@ 0x3c
10002128:	da0c      	bge.n	10002144 <da_ymgtx>
1000212a:	3f20      	subs	r7, #32
1000212c:	3640      	adds	r6, #64	@ 0x40
1000212e:	0004      	movs	r4, r0
10002130:	40b4      	lsls	r4, r6
10002132:	d000      	beq.n	10002136 <da_yrgtx+0x10>
10002134:	2401      	movs	r4, #1
10002136:	40f8      	lsrs	r0, r7
10002138:	4304      	orrs	r4, r0
1000213a:	0008      	movs	r0, r1
1000213c:	40b1      	lsls	r1, r6
1000213e:	430c      	orrs	r4, r1
10002140:	17c1      	asrs	r1, r0, #31
10002142:	e7ea      	b.n	1000211a <da_ygtx0>

10002144 <da_ymgtx>:
10002144:	0010      	movs	r0, r2
10002146:	0019      	movs	r1, r3

10002148 <da_xmgty>:
10002148:	2400      	movs	r4, #0
1000214a:	e794      	b.n	10002076 <da_pack>
1000214c:	7ff00000 	.word	0x7ff00000

10002150 <dmul_shim>:
10002150:	b5f0      	push	{r4, r5, r6, r7, lr}
10002152:	0d0c      	lsrs	r4, r1, #20
10002154:	1e66      	subs	r6, r4, #1
10002156:	0536      	lsls	r6, r6, #20
10002158:	1b89      	subs	r1, r1, r6
1000215a:	0ae6      	lsrs	r6, r4, #11
1000215c:	0564      	lsls	r4, r4, #21
1000215e:	0d64      	lsrs	r4, r4, #21
10002160:	d002      	beq.n	10002168 <l12_1>
10002162:	1c65      	adds	r5, r4, #1
10002164:	0aed      	lsrs	r5, r5, #11
10002166:	d004      	beq.n	10002172 <l12_2>

10002168 <l12_1>:
10002168:	2000      	movs	r0, #0
1000216a:	2101      	movs	r1, #1
1000216c:	0509      	lsls	r1, r1, #20
1000216e:	3c80      	subs	r4, #128	@ 0x80
10002170:	0324      	lsls	r4, r4, #12

10002172 <l12_2>:
10002172:	46a4      	mov	ip, r4
10002174:	0d1c      	lsrs	r4, r3, #20
10002176:	1e67      	subs	r7, r4, #1
10002178:	053f      	lsls	r7, r7, #20
1000217a:	1bdb      	subs	r3, r3, r7
1000217c:	0ae7      	lsrs	r7, r4, #11
1000217e:	0564      	lsls	r4, r4, #21
10002180:	0d64      	lsrs	r4, r4, #21
10002182:	d002      	beq.n	1000218a <l13_1>
10002184:	1c65      	adds	r5, r4, #1
10002186:	0aed      	lsrs	r5, r5, #11
10002188:	d004      	beq.n	10002194 <l13_2>

1000218a <l13_1>:
1000218a:	2200      	movs	r2, #0
1000218c:	2301      	movs	r3, #1
1000218e:	051b      	lsls	r3, r3, #20
10002190:	3c80      	subs	r4, #128	@ 0x80
10002192:	0324      	lsls	r4, r4, #12

10002194 <l13_2>:
10002194:	4077      	eors	r7, r6
10002196:	4464      	add	r4, ip
10002198:	b497      	push	{r0, r1, r2, r4, r7}
1000219a:	b284      	uxth	r4, r0
1000219c:	b296      	uxth	r6, r2
1000219e:	4374      	muls	r4, r6
100021a0:	0c07      	lsrs	r7, r0, #16
100021a2:	437e      	muls	r6, r7
100021a4:	0c15      	lsrs	r5, r2, #16
100021a6:	436f      	muls	r7, r5
100021a8:	b280      	uxth	r0, r0
100021aa:	4368      	muls	r0, r5
100021ac:	1836      	adds	r6, r6, r0
100021ae:	d302      	bcc.n	100021b6 <l14_1>
100021b0:	2001      	movs	r0, #1
100021b2:	0400      	lsls	r0, r0, #16
100021b4:	183f      	adds	r7, r7, r0

100021b6 <l14_1>:
100021b6:	0430      	lsls	r0, r6, #16
100021b8:	0c35      	lsrs	r5, r6, #16
100021ba:	1900      	adds	r0, r0, r4
100021bc:	417d      	adcs	r5, r7
100021be:	4684      	mov	ip, r0
100021c0:	b288      	uxth	r0, r1
100021c2:	b29a      	uxth	r2, r3
100021c4:	4350      	muls	r0, r2
100021c6:	0c0c      	lsrs	r4, r1, #16
100021c8:	4362      	muls	r2, r4
100021ca:	0c1f      	lsrs	r7, r3, #16
100021cc:	437c      	muls	r4, r7
100021ce:	b28e      	uxth	r6, r1
100021d0:	437e      	muls	r6, r7
100021d2:	1992      	adds	r2, r2, r6
100021d4:	d302      	bcc.n	100021dc <l15_1>
100021d6:	2601      	movs	r6, #1
100021d8:	0436      	lsls	r6, r6, #16
100021da:	19a4      	adds	r4, r4, r6

100021dc <l15_1>:
100021dc:	0416      	lsls	r6, r2, #16
100021de:	0c17      	lsrs	r7, r2, #16
100021e0:	1836      	adds	r6, r6, r0
100021e2:	4167      	adcs	r7, r4
100021e4:	bc01      	pop	{r0}
100021e6:	b281      	uxth	r1, r0
100021e8:	b29a      	uxth	r2, r3
100021ea:	4351      	muls	r1, r2
100021ec:	0c04      	lsrs	r4, r0, #16
100021ee:	4362      	muls	r2, r4
100021f0:	0c1b      	lsrs	r3, r3, #16
100021f2:	435c      	muls	r4, r3
100021f4:	b280      	uxth	r0, r0
100021f6:	4358      	muls	r0, r3
100021f8:	1812      	adds	r2, r2, r0
100021fa:	d302      	bcc.n	10002202 <l16_1>
100021fc:	2001      	movs	r0, #1
100021fe:	0400      	lsls	r0, r0, #16
10002200:	1824      	adds	r4, r4, r0

10002202 <l16_1>:
10002202:	0410      	lsls	r0, r2, #16
10002204:	0c13      	lsrs	r3, r2, #16
10002206:	1840      	adds	r0, r0, r1
10002208:	4163      	adcs	r3, r4
1000220a:	182d      	adds	r5, r5, r0
1000220c:	415e      	adcs	r6, r3
1000220e:	2000      	movs	r0, #0
10002210:	4147      	adcs	r7, r0
10002212:	bc06      	pop	{r1, r2}
10002214:	b288      	uxth	r0, r1
10002216:	b293      	uxth	r3, r2
10002218:	4358      	muls	r0, r3
1000221a:	0c0c      	lsrs	r4, r1, #16
1000221c:	4363      	muls	r3, r4
1000221e:	0c12      	lsrs	r2, r2, #16
10002220:	4354      	muls	r4, r2
10002222:	b289      	uxth	r1, r1
10002224:	4351      	muls	r1, r2
10002226:	185b      	adds	r3, r3, r1
10002228:	d302      	bcc.n	10002230 <l17_1>
1000222a:	2101      	movs	r1, #1
1000222c:	0409      	lsls	r1, r1, #16
1000222e:	1864      	adds	r4, r4, r1

10002230 <l17_1>:
10002230:	0419      	lsls	r1, r3, #16
10002232:	0c1a      	lsrs	r2, r3, #16
10002234:	1809      	adds	r1, r1, r0
10002236:	4162      	adcs	r2, r4
10002238:	186d      	adds	r5, r5, r1
1000223a:	4156      	adcs	r6, r2
1000223c:	2000      	movs	r0, #0
1000223e:	4147      	adcs	r7, r0
10002240:	bc18      	pop	{r3, r4}
10002242:	02f9      	lsls	r1, r7, #11
10002244:	0d72      	lsrs	r2, r6, #21
10002246:	4311      	orrs	r1, r2
10002248:	02f0      	lsls	r0, r6, #11
1000224a:	0d6a      	lsrs	r2, r5, #21
1000224c:	4310      	orrs	r0, r2
1000224e:	02ed      	lsls	r5, r5, #11
10002250:	0d0a      	lsrs	r2, r1, #20
10002252:	d103      	bne.n	1000225c <l17_1+0x2c>
10002254:	196d      	adds	r5, r5, r5
10002256:	4140      	adcs	r0, r0
10002258:	4149      	adcs	r1, r1
1000225a:	3b01      	subs	r3, #1
1000225c:	4e12      	ldr	r6, [pc, #72]	@ (100022a8 <dm_1+0xa>)
1000225e:	1b9b      	subs	r3, r3, r6
10002260:	0076      	lsls	r6, r6, #1
10002262:	42b3      	cmp	r3, r6
10002264:	d20e      	bcs.n	10002284 <dm_0>
10002266:	006d      	lsls	r5, r5, #1
10002268:	d307      	bcc.n	1000227a <l17_1+0x4a>
1000226a:	3001      	adds	r0, #1
1000226c:	2600      	movs	r6, #0
1000226e:	4171      	adcs	r1, r6
10002270:	4666      	mov	r6, ip
10002272:	4335      	orrs	r5, r6
10002274:	d101      	bne.n	1000227a <l17_1+0x4a>
10002276:	0840      	lsrs	r0, r0, #1
10002278:	0040      	lsls	r0, r0, #1
1000227a:	051b      	lsls	r3, r3, #20
1000227c:	18c9      	adds	r1, r1, r3

1000227e <dm_2>:
1000227e:	07e4      	lsls	r4, r4, #31
10002280:	4421      	add	r1, r4
10002282:	bdf0      	pop	{r4, r5, r6, r7, pc}

10002284 <dm_0>:
10002284:	da0b      	bge.n	1000229e <dm_1>
10002286:	3301      	adds	r3, #1
10002288:	d106      	bne.n	10002298 <dm_0+0x14>
1000228a:	3001      	adds	r0, #1
1000228c:	d104      	bne.n	10002298 <dm_0+0x14>
1000228e:	3101      	adds	r1, #1
10002290:	0d4f      	lsrs	r7, r1, #21
10002292:	d001      	beq.n	10002298 <dm_0+0x14>
10002294:	0849      	lsrs	r1, r1, #1
10002296:	e7f2      	b.n	1000227e <dm_2>
10002298:	07e1      	lsls	r1, r4, #31
1000229a:	2000      	movs	r0, #0
1000229c:	bdf0      	pop	{r4, r5, r6, r7, pc}

1000229e <dm_1>:
1000229e:	3601      	adds	r6, #1
100022a0:	0531      	lsls	r1, r6, #20
100022a2:	2000      	movs	r0, #0
100022a4:	e7eb      	b.n	1000227e <dm_2>
100022a6:	0000      	.short	0x0000
100022a8:	000003ff 	.word	0x000003ff

100022ac <ddiv_shim>:
100022ac:	b5f0      	push	{r4, r5, r6, r7, lr}

100022ae <ddiv0>:
100022ae:	0d1c      	lsrs	r4, r3, #20
100022b0:	1e67      	subs	r7, r4, #1
100022b2:	053f      	lsls	r7, r7, #20
100022b4:	1bdb      	subs	r3, r3, r7
100022b6:	0ae7      	lsrs	r7, r4, #11
100022b8:	0564      	lsls	r4, r4, #21
100022ba:	0d64      	lsrs	r4, r4, #21
100022bc:	d002      	beq.n	100022c4 <l20_1>
100022be:	1c66      	adds	r6, r4, #1
100022c0:	0af6      	lsrs	r6, r6, #11
100022c2:	d004      	beq.n	100022ce <l20_2>

100022c4 <l20_1>:
100022c4:	2200      	movs	r2, #0
100022c6:	2301      	movs	r3, #1
100022c8:	051b      	lsls	r3, r3, #20
100022ca:	3c80      	subs	r4, #128	@ 0x80
100022cc:	0324      	lsls	r4, r4, #12

100022ce <l20_2>:
100022ce:	25d0      	movs	r5, #208	@ 0xd0
100022d0:	062d      	lsls	r5, r5, #24
100022d2:	2600      	movs	r6, #0
100022d4:	43f6      	mvns	r6, r6
100022d6:	662e      	str	r6, [r5, #96]	@ 0x60
100022d8:	091e      	lsrs	r6, r3, #4
100022da:	666e      	str	r6, [r5, #100]	@ 0x64
100022dc:	0fce      	lsrs	r6, r1, #31
100022de:	19f6      	adds	r6, r6, r7
100022e0:	46b4      	mov	ip, r6
100022e2:	0049      	lsls	r1, r1, #1
100022e4:	0d4f      	lsrs	r7, r1, #21
100022e6:	d002      	beq.n	100022ee <l20_2+0x20>
100022e8:	1c7e      	adds	r6, r7, #1
100022ea:	0af6      	lsrs	r6, r6, #11
100022ec:	d003      	beq.n	100022f6 <l20_2+0x28>
100022ee:	2000      	movs	r0, #0
100022f0:	2100      	movs	r1, #0
100022f2:	3f40      	subs	r7, #64	@ 0x40
100022f4:	033f      	lsls	r7, r7, #12
100022f6:	1b3e      	subs	r6, r7, r4
100022f8:	00b6      	lsls	r6, r6, #2
100022fa:	44b4      	add	ip, r6
100022fc:	3f01      	subs	r7, #1
100022fe:	057f      	lsls	r7, r7, #21
10002300:	1bc9      	subs	r1, r1, r7
10002302:	0849      	lsrs	r1, r1, #1
10002304:	6f2e      	ldr	r6, [r5, #112]	@ 0x70
10002306:	3601      	adds	r6, #1
10002308:	0876      	lsrs	r6, r6, #1
1000230a:	029c      	lsls	r4, r3, #10
1000230c:	0d95      	lsrs	r5, r2, #22
1000230e:	4325      	orrs	r5, r4
10002310:	4375      	muls	r5, r6
10002312:	13ed      	asrs	r5, r5, #15
10002314:	4375      	muls	r5, r6
10002316:	13ad      	asrs	r5, r5, #14
10002318:	3501      	adds	r5, #1
1000231a:	106d      	asrs	r5, r5, #1
1000231c:	03f6      	lsls	r6, r6, #15
1000231e:	1b76      	subs	r6, r6, r5
10002320:	b40c      	push	{r2, r3}
10002322:	02cc      	lsls	r4, r1, #11
10002324:	0d45      	lsrs	r5, r0, #21
10002326:	432c      	orrs	r4, r5
10002328:	b2a2      	uxth	r2, r4
1000232a:	b2b3      	uxth	r3, r6
1000232c:	435a      	muls	r2, r3
1000232e:	0c27      	lsrs	r7, r4, #16
10002330:	437b      	muls	r3, r7
10002332:	0c35      	lsrs	r5, r6, #16
10002334:	436f      	muls	r7, r5
10002336:	b2a4      	uxth	r4, r4
10002338:	436c      	muls	r4, r5
1000233a:	191b      	adds	r3, r3, r4
1000233c:	d302      	bcc.n	10002344 <l21_1>
1000233e:	2401      	movs	r4, #1
10002340:	0424      	lsls	r4, r4, #16
10002342:	193f      	adds	r7, r7, r4

10002344 <l21_1>:
10002344:	041c      	lsls	r4, r3, #16
10002346:	0c1d      	lsrs	r5, r3, #16
10002348:	18a4      	adds	r4, r4, r2
1000234a:	417d      	adcs	r5, r7
1000234c:	1924      	adds	r4, r4, r4
1000234e:	416d      	adcs	r5, r5
10002350:	9a00      	ldr	r2, [sp, #0]
10002352:	b291      	uxth	r1, r2
10002354:	b2ac      	uxth	r4, r5
10002356:	4361      	muls	r1, r4
10002358:	0c17      	lsrs	r7, r2, #16
1000235a:	437c      	muls	r4, r7
1000235c:	0c2b      	lsrs	r3, r5, #16
1000235e:	435f      	muls	r7, r3
10002360:	b292      	uxth	r2, r2
10002362:	435a      	muls	r2, r3
10002364:	18a4      	adds	r4, r4, r2
10002366:	d302      	bcc.n	1000236e <l22_1>
10002368:	2201      	movs	r2, #1
1000236a:	0412      	lsls	r2, r2, #16
1000236c:	18bf      	adds	r7, r7, r2

1000236e <l22_1>:
1000236e:	0422      	lsls	r2, r4, #16
10002370:	0c23      	lsrs	r3, r4, #16
10002372:	1852      	adds	r2, r2, r1
10002374:	417b      	adcs	r3, r7
10002376:	9c01      	ldr	r4, [sp, #4]
10002378:	436c      	muls	r4, r5
1000237a:	191b      	adds	r3, r3, r4
1000237c:	0e52      	lsrs	r2, r2, #25
1000237e:	01d9      	lsls	r1, r3, #7
10002380:	430a      	orrs	r2, r1
10002382:	0144      	lsls	r4, r0, #5
10002384:	1aa0      	subs	r0, r4, r2
10002386:	b281      	uxth	r1, r0
10002388:	b2b2      	uxth	r2, r6
1000238a:	4351      	muls	r1, r2
1000238c:	1403      	asrs	r3, r0, #16
1000238e:	435a      	muls	r2, r3
10002390:	0c36      	lsrs	r6, r6, #16
10002392:	4373      	muls	r3, r6
10002394:	b287      	uxth	r7, r0
10002396:	4377      	muls	r7, r6
10002398:	17d6      	asrs	r6, r2, #31
1000239a:	19d2      	adds	r2, r2, r7
1000239c:	2700      	movs	r7, #0
1000239e:	417e      	adcs	r6, r7
100023a0:	0436      	lsls	r6, r6, #16
100023a2:	199b      	adds	r3, r3, r6
100023a4:	0417      	lsls	r7, r2, #16
100023a6:	0c16      	lsrs	r6, r2, #16
100023a8:	187f      	adds	r7, r7, r1
100023aa:	415e      	adcs	r6, r3
100023ac:	1673      	asrs	r3, r6, #25
100023ae:	18ed      	adds	r5, r5, r3
100023b0:	01f3      	lsls	r3, r6, #7
100023b2:	2600      	movs	r6, #0
100023b4:	3380      	adds	r3, #128	@ 0x80
100023b6:	4175      	adcs	r5, r6
100023b8:	0fa9      	lsrs	r1, r5, #30
100023ba:	d106      	bne.n	100023ca <dd_0>
100023bc:	0064      	lsls	r4, r4, #1
100023be:	0a69      	lsrs	r1, r5, #9
100023c0:	05e8      	lsls	r0, r5, #23
100023c2:	0a5b      	lsrs	r3, r3, #9
100023c4:	4318      	orrs	r0, r3
100023c6:	d209      	bcs.n	100023dc <dd_1>
100023c8:	e02f      	b.n	1000242a <dd_2>

100023ca <dd_0>:
100023ca:	2204      	movs	r2, #4
100023cc:	4494      	add	ip, r2
100023ce:	3380      	adds	r3, #128	@ 0x80
100023d0:	4175      	adcs	r5, r6
100023d2:	0aa9      	lsrs	r1, r5, #10
100023d4:	05a8      	lsls	r0, r5, #22
100023d6:	0a9b      	lsrs	r3, r3, #10
100023d8:	4318      	orrs	r0, r3
100023da:	d326      	bcc.n	1000242a <dd_2>

100023dc <dd_1>:
100023dc:	4140      	adcs	r0, r0
100023de:	4149      	adcs	r1, r1
100023e0:	0424      	lsls	r4, r4, #16
100023e2:	9a00      	ldr	r2, [sp, #0]
100023e4:	9b01      	ldr	r3, [sp, #4]
100023e6:	000d      	movs	r5, r1
100023e8:	4355      	muls	r5, r2
100023ea:	1b64      	subs	r4, r4, r5
100023ec:	4343      	muls	r3, r0
100023ee:	1ae4      	subs	r4, r4, r3
100023f0:	b295      	uxth	r5, r2
100023f2:	b286      	uxth	r6, r0
100023f4:	4375      	muls	r5, r6
100023f6:	0c17      	lsrs	r7, r2, #16
100023f8:	437e      	muls	r6, r7
100023fa:	0c03      	lsrs	r3, r0, #16
100023fc:	435f      	muls	r7, r3
100023fe:	b292      	uxth	r2, r2
10002400:	435a      	muls	r2, r3
10002402:	18b6      	adds	r6, r6, r2
10002404:	d302      	bcc.n	1000240c <l24_1>
10002406:	2201      	movs	r2, #1
10002408:	0412      	lsls	r2, r2, #16
1000240a:	18bf      	adds	r7, r7, r2

1000240c <l24_1>:
1000240c:	0432      	lsls	r2, r6, #16
1000240e:	0c33      	lsrs	r3, r6, #16
10002410:	1952      	adds	r2, r2, r5
10002412:	417b      	adcs	r3, r7
10002414:	4252      	negs	r2, r2
10002416:	419c      	sbcs	r4, r3
10002418:	2c00      	cmp	r4, #0
1000241a:	d402      	bmi.n	10002422 <l24_1+0x16>
1000241c:	2200      	movs	r2, #0
1000241e:	3001      	adds	r0, #1
10002420:	4151      	adcs	r1, r2
10002422:	0840      	lsrs	r0, r0, #1
10002424:	07ca      	lsls	r2, r1, #31
10002426:	4310      	orrs	r0, r2
10002428:	0849      	lsrs	r1, r1, #1

1000242a <dd_2>:
1000242a:	b002      	add	sp, #8
1000242c:	4662      	mov	r2, ip
1000242e:	07d7      	lsls	r7, r2, #31
10002430:	1092      	asrs	r2, r2, #2
10002432:	4b08      	ldr	r3, [pc, #32]	@ (10002454 <dd_4+0x6>)
10002434:	18d2      	adds	r2, r2, r3
10002436:	4b08      	ldr	r3, [pc, #32]	@ (10002458 <dd_4+0xa>)
10002438:	429a      	cmp	r2, r3
1000243a:	d203      	bcs.n	10002444 <dd_3>
1000243c:	0512      	lsls	r2, r2, #20
1000243e:	1889      	adds	r1, r1, r2

10002440 <dd_5>:
10002440:	19c9      	adds	r1, r1, r7
10002442:	bdf0      	pop	{r4, r5, r6, r7, pc}

10002444 <dd_3>:
10002444:	2000      	movs	r0, #0
10002446:	2a00      	cmp	r2, #0
10002448:	dc01      	bgt.n	1000244e <dd_4>
1000244a:	0039      	movs	r1, r7
1000244c:	bdf0      	pop	{r4, r5, r6, r7, pc}

1000244e <dd_4>:
1000244e:	3301      	adds	r3, #1
10002450:	0519      	lsls	r1, r3, #20
10002452:	e7f5      	b.n	10002440 <dd_5>
10002454:	000003fd 	.word	0x000003fd
10002458:	000007fe 	.word	0x000007fe

1000245c <double2uint_shim>:
1000245c:	2200      	movs	r2, #0

1000245e <double2ufix_shim>:
1000245e:	b500      	push	{lr}
10002460:	3220      	adds	r2, #32
10002462:	f000 f804 	bl	1000246e <double2ufix64_shim>
10002466:	0008      	movs	r0, r1
10002468:	bd00      	pop	{pc}
	...

1000246c <double2uint64_shim>:
1000246c:	2200      	movs	r2, #0

1000246e <double2ufix64_shim>:
1000246e:	150b      	asrs	r3, r1, #20
10002470:	d40a      	bmi.n	10002488 <ret_dzero>

10002472 <d2fix>:
10002472:	b510      	push	{r4, lr}
10002474:	4694      	mov	ip, r2
10002476:	f000 f831 	bl	100024dc <dunpacks>
1000247a:	1414      	asrs	r4, r2, #16
1000247c:	3401      	adds	r4, #1
1000247e:	da00      	bge.n	10002482 <d2fix+0x10>
10002480:	2100      	movs	r1, #0
10002482:	17cb      	asrs	r3, r1, #31
10002484:	4c14      	ldr	r4, [pc, #80]	@ (100024d8 <d2fix_a+0x4a>)
10002486:	4720      	bx	r4

10002488 <ret_dzero>:
10002488:	2000      	movs	r0, #0
1000248a:	2100      	movs	r1, #0
1000248c:	4770      	bx	lr

1000248e <d2fix_a>:
1000248e:	4462      	add	r2, ip
10002490:	3a34      	subs	r2, #52	@ 0x34
10002492:	d40c      	bmi.n	100024ae <d2fix_a+0x20>
10002494:	2a0c      	cmp	r2, #12
10002496:	da07      	bge.n	100024a8 <d2fix_a+0x1a>
10002498:	0004      	movs	r4, r0
1000249a:	4091      	lsls	r1, r2
1000249c:	4090      	lsls	r0, r2
1000249e:	4252      	negs	r2, r2
100024a0:	3220      	adds	r2, #32
100024a2:	40d4      	lsrs	r4, r2
100024a4:	4321      	orrs	r1, r4
100024a6:	bd10      	pop	{r4, pc}
100024a8:	43d8      	mvns	r0, r3
100024aa:	43d9      	mvns	r1, r3
100024ac:	bd10      	pop	{r4, pc}
100024ae:	3220      	adds	r2, #32
100024b0:	d407      	bmi.n	100024c2 <d2fix_a+0x34>
100024b2:	460c      	mov	r4, r1
100024b4:	4094      	lsls	r4, r2
100024b6:	4252      	negs	r2, r2
100024b8:	3220      	adds	r2, #32
100024ba:	4111      	asrs	r1, r2
100024bc:	40d0      	lsrs	r0, r2
100024be:	4320      	orrs	r0, r4
100024c0:	bd10      	pop	{r4, pc}
100024c2:	0008      	movs	r0, r1
100024c4:	17c9      	asrs	r1, r1, #31
100024c6:	3220      	adds	r2, #32
100024c8:	d403      	bmi.n	100024d2 <d2fix_a+0x44>
100024ca:	4252      	negs	r2, r2
100024cc:	3220      	adds	r2, #32
100024ce:	4110      	asrs	r0, r2
100024d0:	bd10      	pop	{r4, pc}
100024d2:	0018      	movs	r0, r3
100024d4:	0019      	movs	r1, r3
100024d6:	bd10      	pop	{r4, pc}
100024d8:	1000248f 	.word	0x1000248f

100024dc <dunpacks>:
100024dc:	0d0a      	lsrs	r2, r1, #20
100024de:	0fcc      	lsrs	r4, r1, #31
100024e0:	1e53      	subs	r3, r2, #1
100024e2:	051b      	lsls	r3, r3, #20
100024e4:	1ac9      	subs	r1, r1, r3
100024e6:	0552      	lsls	r2, r2, #21
100024e8:	d303      	bcc.n	100024f2 <l60_1>
100024ea:	43c9      	mvns	r1, r1
100024ec:	4240      	negs	r0, r0
100024ee:	d300      	bcc.n	100024f2 <l60_1>
100024f0:	3101      	adds	r1, #1

100024f2 <l60_1>:
100024f2:	0d52      	lsrs	r2, r2, #21
100024f4:	d003      	beq.n	100024fe <l60_2>
100024f6:	1c53      	adds	r3, r2, #1
100024f8:	0adb      	lsrs	r3, r3, #11
100024fa:	d007      	beq.n	1000250c <l60_3>
100024fc:	1b12      	subs	r2, r2, r4

100024fe <l60_2>:
100024fe:	2000      	movs	r0, #0
10002500:	0064      	lsls	r4, r4, #1
10002502:	1c61      	adds	r1, r4, #1
10002504:	0789      	lsls	r1, r1, #30
10002506:	1289      	asrs	r1, r1, #10
10002508:	3a80      	subs	r2, #128	@ 0x80
1000250a:	0312      	lsls	r2, r2, #12

1000250c <l60_3>:
1000250c:	4b01      	ldr	r3, [pc, #4]	@ (10002514 <l60_3+0x8>)
1000250e:	1ad2      	subs	r2, r2, r3
10002510:	4770      	bx	lr
10002512:	0000      	.short	0x0000
10002514:	000003ff 	.word	0x000003ff

10002518 <__wrap___aeabi_lmul>:
10002518:	4351      	muls	r1, r2
1000251a:	4343      	muls	r3, r0
1000251c:	18c9      	adds	r1, r1, r3
1000251e:	468c      	mov	ip, r1
10002520:	0c11      	lsrs	r1, r2, #16
10002522:	b283      	uxth	r3, r0
10002524:	434b      	muls	r3, r1
10002526:	b410      	push	{r4}
10002528:	0c04      	lsrs	r4, r0, #16
1000252a:	4361      	muls	r1, r4
1000252c:	b292      	uxth	r2, r2
1000252e:	b280      	uxth	r0, r0
10002530:	4350      	muls	r0, r2
10002532:	4362      	muls	r2, r4
10002534:	041c      	lsls	r4, r3, #16
10002536:	0c1b      	lsrs	r3, r3, #16
10002538:	1900      	adds	r0, r0, r4
1000253a:	bc10      	pop	{r4}
1000253c:	4159      	adcs	r1, r3
1000253e:	0413      	lsls	r3, r2, #16
10002540:	0c12      	lsrs	r2, r2, #16
10002542:	18c0      	adds	r0, r0, r3
10002544:	4151      	adcs	r1, r2
10002546:	4461      	add	r1, ip
10002548:	4770      	bx	lr
	...

1000254c <__aeabi_float_init>:
1000254c:	2313      	movs	r3, #19
1000254e:	b510      	push	{r4, lr}
10002550:	4812      	ldr	r0, [pc, #72]	@ (1000259c <__aeabi_float_init+0x50>)
10002552:	781c      	ldrb	r4, [r3, #0]
10002554:	f7ff f962 	bl	1000181c <rom_data_lookup>
10002558:	0001      	movs	r1, r0
1000255a:	2c01      	cmp	r4, #1
1000255c:	d00a      	beq.n	10002574 <__aeabi_float_init+0x28>
1000255e:	dd03      	ble.n	10002568 <__aeabi_float_init+0x1c>
10002560:	2280      	movs	r2, #128	@ 0x80
10002562:	480f      	ldr	r0, [pc, #60]	@ (100025a0 <__aeabi_float_init+0x54>)
10002564:	f000 f848 	bl	100025f8 <__wrap___aeabi_memcpy>
10002568:	480e      	ldr	r0, [pc, #56]	@ (100025a4 <__aeabi_float_init+0x58>)
1000256a:	f7ff f94f 	bl	1000180c <rom_func_lookup>
1000256e:	4b0e      	ldr	r3, [pc, #56]	@ (100025a8 <__aeabi_float_init+0x5c>)
10002570:	6018      	str	r0, [r3, #0]
10002572:	bd10      	pop	{r4, pc}
10002574:	4c0a      	ldr	r4, [pc, #40]	@ (100025a0 <__aeabi_float_init+0x54>)
10002576:	2254      	movs	r2, #84	@ 0x54
10002578:	0020      	movs	r0, r4
1000257a:	f000 f83d 	bl	100025f8 <__wrap___aeabi_memcpy>
1000257e:	4b0b      	ldr	r3, [pc, #44]	@ (100025ac <__aeabi_float_init+0x60>)
10002580:	6563      	str	r3, [r4, #84]	@ 0x54
10002582:	65a3      	str	r3, [r4, #88]	@ 0x58
10002584:	65e3      	str	r3, [r4, #92]	@ 0x5c
10002586:	6623      	str	r3, [r4, #96]	@ 0x60
10002588:	6663      	str	r3, [r4, #100]	@ 0x64
1000258a:	66a3      	str	r3, [r4, #104]	@ 0x68
1000258c:	66e3      	str	r3, [r4, #108]	@ 0x6c
1000258e:	6723      	str	r3, [r4, #112]	@ 0x70
10002590:	6763      	str	r3, [r4, #116]	@ 0x74
10002592:	67a3      	str	r3, [r4, #120]	@ 0x78
10002594:	67e3      	str	r3, [r4, #124]	@ 0x7c
10002596:	6223      	str	r3, [r4, #32]
10002598:	61e3      	str	r3, [r4, #28]
1000259a:	e7e5      	b.n	10002568 <__aeabi_float_init+0x1c>
1000259c:	00004653 	.word	0x00004653
100025a0:	200015a8 	.word	0x200015a8
100025a4:	0000334c 	.word	0x0000334c
100025a8:	200020a0 	.word	0x200020a0
100025ac:	100025b1 	.word	0x100025b1

100025b0 <float_table_shim_on_use_helper>:
100025b0:	b507      	push	{r0, r1, r2, lr}
100025b2:	4660      	mov	r0, ip
100025b4:	8801      	ldrh	r1, [r0, #0]
100025b6:	0a0a      	lsrs	r2, r1, #8
100025b8:	3002      	adds	r0, #2
100025ba:	2adf      	cmp	r2, #223	@ 0xdf
100025bc:	d1fa      	bne.n	100025b4 <float_table_shim_on_use_helper+0x4>
100025be:	b2c9      	uxtb	r1, r1
100025c0:	0882      	lsrs	r2, r0, #2
100025c2:	d304      	bcc.n	100025ce <float_table_shim_on_use_helper+0x1e>
100025c4:	8802      	ldrh	r2, [r0, #0]
100025c6:	8840      	ldrh	r0, [r0, #2]
100025c8:	0400      	lsls	r0, r0, #16
100025ca:	4310      	orrs	r0, r2
100025cc:	e000      	b.n	100025d0 <float_table_shim_on_use_helper+0x20>
100025ce:	6800      	ldr	r0, [r0, #0]
100025d0:	4a01      	ldr	r2, [pc, #4]	@ (100025d8 <float_table_shim_on_use_helper+0x28>)
100025d2:	5050      	str	r0, [r2, r1]
100025d4:	9003      	str	r0, [sp, #12]
100025d6:	bd07      	pop	{r0, r1, r2, pc}
100025d8:	200015a8 	.word	0x200015a8

100025dc <__aeabi_mem_init>:
100025dc:	4801      	ldr	r0, [pc, #4]	@ (100025e4 <__aeabi_mem_init+0x8>)
100025de:	2104      	movs	r1, #4
100025e0:	4b01      	ldr	r3, [pc, #4]	@ (100025e8 <__aeabi_mem_init+0xc>)
100025e2:	4718      	bx	r3
100025e4:	20001010 	.word	0x20001010
100025e8:	1000182d 	.word	0x1000182d

100025ec <__wrap_memset>:
100025ec:	4b01      	ldr	r3, [pc, #4]	@ (100025f4 <__wrap_memset+0x8>)
100025ee:	681b      	ldr	r3, [r3, #0]
100025f0:	4718      	bx	r3
100025f2:	0000      	.short	0x0000
100025f4:	20001010 	.word	0x20001010

100025f8 <__wrap___aeabi_memcpy>:
100025f8:	4b01      	ldr	r3, [pc, #4]	@ (10002600 <__wrap___aeabi_memcpy+0x8>)
100025fa:	685b      	ldr	r3, [r3, #4]
100025fc:	4718      	bx	r3
100025fe:	0000      	.short	0x0000
10002600:	20001010 	.word	0x20001010

10002604 <_out_null>:
10002604:	4770      	bx	lr
10002606:	46c0      	nop			@ (mov r8, r8)

10002608 <_out_rev>:
10002608:	b5f8      	push	{r3, r4, r5, r6, r7, lr}
1000260a:	4657      	mov	r7, sl
1000260c:	46de      	mov	lr, fp
1000260e:	464e      	mov	r6, r9
10002610:	4645      	mov	r5, r8
10002612:	b5e0      	push	{r5, r6, r7, lr}
10002614:	4699      	mov	r9, r3
10002616:	9b0a      	ldr	r3, [sp, #40]	@ 0x28
10002618:	0007      	movs	r7, r0
1000261a:	469a      	mov	sl, r3
1000261c:	9b0d      	ldr	r3, [sp, #52]	@ 0x34
1000261e:	4688      	mov	r8, r1
10002620:	4693      	mov	fp, r2
10002622:	9c0b      	ldr	r4, [sp, #44]	@ 0x2c
10002624:	079b      	lsls	r3, r3, #30
10002626:	d13b      	bne.n	100026a0 <_out_rev+0x98>
10002628:	9b0c      	ldr	r3, [sp, #48]	@ 0x30
1000262a:	429c      	cmp	r4, r3
1000262c:	d23d      	bcs.n	100026aa <_out_rev+0xa2>
1000262e:	1b1e      	subs	r6, r3, r4
10002630:	940b      	str	r4, [sp, #44]	@ 0x2c
10002632:	0015      	movs	r5, r2
10002634:	000c      	movs	r4, r1
10002636:	445e      	add	r6, fp
10002638:	002a      	movs	r2, r5
1000263a:	464b      	mov	r3, r9
1000263c:	3501      	adds	r5, #1
1000263e:	0021      	movs	r1, r4
10002640:	2020      	movs	r0, #32
10002642:	47b8      	blx	r7
10002644:	42b5      	cmp	r5, r6
10002646:	d1f7      	bne.n	10002638 <_out_rev+0x30>
10002648:	46a0      	mov	r8, r4
1000264a:	9c0b      	ldr	r4, [sp, #44]	@ 0x2c
1000264c:	2c00      	cmp	r4, #0
1000264e:	d020      	beq.n	10002692 <_out_rev+0x8a>
10002650:	4645      	mov	r5, r8
10002652:	1936      	adds	r6, r6, r4
10002654:	4653      	mov	r3, sl
10002656:	1b32      	subs	r2, r6, r4
10002658:	3c01      	subs	r4, #1
1000265a:	5d18      	ldrb	r0, [r3, r4]
1000265c:	0029      	movs	r1, r5
1000265e:	464b      	mov	r3, r9
10002660:	47b8      	blx	r7
10002662:	2c00      	cmp	r4, #0
10002664:	d1f6      	bne.n	10002654 <_out_rev+0x4c>
10002666:	002b      	movs	r3, r5
10002668:	0035      	movs	r5, r6
1000266a:	4698      	mov	r8, r3
1000266c:	9b0d      	ldr	r3, [sp, #52]	@ 0x34
1000266e:	079b      	lsls	r3, r3, #30
10002670:	d50f      	bpl.n	10002692 <_out_rev+0x8a>
10002672:	465b      	mov	r3, fp
10002674:	1aec      	subs	r4, r5, r3
10002676:	9b0c      	ldr	r3, [sp, #48]	@ 0x30
10002678:	42a3      	cmp	r3, r4
1000267a:	d90a      	bls.n	10002692 <_out_rev+0x8a>
1000267c:	4646      	mov	r6, r8
1000267e:	4698      	mov	r8, r3
10002680:	002a      	movs	r2, r5
10002682:	464b      	mov	r3, r9
10002684:	0031      	movs	r1, r6
10002686:	2020      	movs	r0, #32
10002688:	3401      	adds	r4, #1
1000268a:	47b8      	blx	r7
1000268c:	3501      	adds	r5, #1
1000268e:	4544      	cmp	r4, r8
10002690:	d3f6      	bcc.n	10002680 <_out_rev+0x78>
10002692:	0028      	movs	r0, r5
10002694:	bcf0      	pop	{r4, r5, r6, r7}
10002696:	46bb      	mov	fp, r7
10002698:	46b2      	mov	sl, r6
1000269a:	46a9      	mov	r9, r5
1000269c:	46a0      	mov	r8, r4
1000269e:	bdf8      	pop	{r3, r4, r5, r6, r7, pc}
100026a0:	0016      	movs	r6, r2
100026a2:	0015      	movs	r5, r2
100026a4:	2c00      	cmp	r4, #0
100026a6:	d1d3      	bne.n	10002650 <_out_rev+0x48>
100026a8:	e7e0      	b.n	1000266c <_out_rev+0x64>
100026aa:	0016      	movs	r6, r2
100026ac:	2c00      	cmp	r4, #0
100026ae:	d1cf      	bne.n	10002650 <_out_rev+0x48>
100026b0:	0015      	movs	r5, r2
100026b2:	e7ee      	b.n	10002692 <_out_rev+0x8a>

100026b4 <_ntoa_format>:
100026b4:	b5f0      	push	{r4, r5, r6, r7, lr}
100026b6:	464f      	mov	r7, r9
100026b8:	4646      	mov	r6, r8
100026ba:	46d6      	mov	lr, sl
100026bc:	b5c0      	push	{r6, r7, lr}
100026be:	b084      	sub	sp, #16
100026c0:	4698      	mov	r8, r3
100026c2:	ab0e      	add	r3, sp, #56	@ 0x38
100026c4:	781b      	ldrb	r3, [r3, #0]
100026c6:	4694      	mov	ip, r2
100026c8:	4699      	mov	r9, r3
100026ca:	9b12      	ldr	r3, [sp, #72]	@ 0x48
100026cc:	9c0d      	ldr	r4, [sp, #52]	@ 0x34
100026ce:	9f10      	ldr	r7, [sp, #64]	@ 0x40
100026d0:	9e11      	ldr	r6, [sp, #68]	@ 0x44
100026d2:	079a      	lsls	r2, r3, #30
100026d4:	d425      	bmi.n	10002722 <_ntoa_format+0x6e>
100026d6:	2e00      	cmp	r6, #0
100026d8:	d165      	bne.n	100027a6 <_ntoa_format+0xf2>
100026da:	42bc      	cmp	r4, r7
100026dc:	d221      	bcs.n	10002722 <_ntoa_format+0x6e>
100026de:	2201      	movs	r2, #1
100026e0:	401a      	ands	r2, r3
100026e2:	4692      	mov	sl, r2
100026e4:	2c20      	cmp	r4, #32
100026e6:	d100      	bne.n	100026ea <_ntoa_format+0x36>
100026e8:	e0e9      	b.n	100028be <_ntoa_format+0x20a>
100026ea:	9a0c      	ldr	r2, [sp, #48]	@ 0x30
100026ec:	1e55      	subs	r5, r2, #1
100026ee:	2230      	movs	r2, #48	@ 0x30
100026f0:	e002      	b.n	100026f8 <_ntoa_format+0x44>
100026f2:	2c20      	cmp	r4, #32
100026f4:	d100      	bne.n	100026f8 <_ntoa_format+0x44>
100026f6:	e07b      	b.n	100027f0 <_ntoa_format+0x13c>
100026f8:	3401      	adds	r4, #1
100026fa:	552a      	strb	r2, [r5, r4]
100026fc:	42a7      	cmp	r7, r4
100026fe:	d8f8      	bhi.n	100026f2 <_ntoa_format+0x3e>
10002700:	4652      	mov	r2, sl
10002702:	2a00      	cmp	r2, #0
10002704:	d00d      	beq.n	10002722 <_ntoa_format+0x6e>
10002706:	42b4      	cmp	r4, r6
10002708:	d20b      	bcs.n	10002722 <_ntoa_format+0x6e>
1000270a:	9a0c      	ldr	r2, [sp, #48]	@ 0x30
1000270c:	1e55      	subs	r5, r2, #1
1000270e:	2230      	movs	r2, #48	@ 0x30
10002710:	2c20      	cmp	r4, #32
10002712:	d102      	bne.n	1000271a <_ntoa_format+0x66>
10002714:	e071      	b.n	100027fa <_ntoa_format+0x146>
10002716:	2c20      	cmp	r4, #32
10002718:	d02d      	beq.n	10002776 <_ntoa_format+0xc2>
1000271a:	3401      	adds	r4, #1
1000271c:	552a      	strb	r2, [r5, r4]
1000271e:	42b4      	cmp	r4, r6
10002720:	d1f9      	bne.n	10002716 <_ntoa_format+0x62>
10002722:	06da      	lsls	r2, r3, #27
10002724:	d53c      	bpl.n	100027a0 <_ntoa_format+0xec>
10002726:	055a      	lsls	r2, r3, #21
10002728:	d42e      	bmi.n	10002788 <_ntoa_format+0xd4>
1000272a:	2c00      	cmp	r4, #0
1000272c:	d128      	bne.n	10002780 <_ntoa_format+0xcc>
1000272e:	9a0f      	ldr	r2, [sp, #60]	@ 0x3c
10002730:	2a10      	cmp	r2, #16
10002732:	d100      	bne.n	10002736 <_ntoa_format+0x82>
10002734:	e0b6      	b.n	100028a4 <_ntoa_format+0x1f0>
10002736:	2a02      	cmp	r2, #2
10002738:	d100      	bne.n	1000273c <_ntoa_format+0x88>
1000273a:	e0bc      	b.n	100028b6 <_ntoa_format+0x202>
1000273c:	2230      	movs	r2, #48	@ 0x30
1000273e:	9c0c      	ldr	r4, [sp, #48]	@ 0x30
10002740:	7022      	strb	r2, [r4, #0]
10002742:	2401      	movs	r4, #1
10002744:	464a      	mov	r2, r9
10002746:	2a00      	cmp	r2, #0
10002748:	d165      	bne.n	10002816 <_ntoa_format+0x162>
1000274a:	075a      	lsls	r2, r3, #29
1000274c:	d400      	bmi.n	10002750 <_ntoa_format+0x9c>
1000274e:	e099      	b.n	10002884 <_ntoa_format+0x1d0>
10002750:	222b      	movs	r2, #43	@ 0x2b
10002752:	9d0c      	ldr	r5, [sp, #48]	@ 0x30
10002754:	552a      	strb	r2, [r5, r4]
10002756:	3401      	adds	r4, #1
10002758:	9303      	str	r3, [sp, #12]
1000275a:	9b0c      	ldr	r3, [sp, #48]	@ 0x30
1000275c:	4662      	mov	r2, ip
1000275e:	9300      	str	r3, [sp, #0]
10002760:	9602      	str	r6, [sp, #8]
10002762:	4643      	mov	r3, r8
10002764:	9401      	str	r4, [sp, #4]
10002766:	f7ff ff4f 	bl	10002608 <_out_rev>
1000276a:	b004      	add	sp, #16
1000276c:	bce0      	pop	{r5, r6, r7}
1000276e:	46ba      	mov	sl, r7
10002770:	46b1      	mov	r9, r6
10002772:	46a8      	mov	r8, r5
10002774:	bdf0      	pop	{r4, r5, r6, r7, pc}
10002776:	2420      	movs	r4, #32
10002778:	06da      	lsls	r2, r3, #27
1000277a:	d5ed      	bpl.n	10002758 <_ntoa_format+0xa4>
1000277c:	055a      	lsls	r2, r3, #21
1000277e:	d403      	bmi.n	10002788 <_ntoa_format+0xd4>
10002780:	42a7      	cmp	r7, r4
10002782:	d066      	beq.n	10002852 <_ntoa_format+0x19e>
10002784:	42b4      	cmp	r4, r6
10002786:	d064      	beq.n	10002852 <_ntoa_format+0x19e>
10002788:	9a0f      	ldr	r2, [sp, #60]	@ 0x3c
1000278a:	2a10      	cmp	r2, #16
1000278c:	d071      	beq.n	10002872 <_ntoa_format+0x1be>
1000278e:	2a02      	cmp	r2, #2
10002790:	d057      	beq.n	10002842 <_ntoa_format+0x18e>
10002792:	2c20      	cmp	r4, #32
10002794:	d0e0      	beq.n	10002758 <_ntoa_format+0xa4>
10002796:	0022      	movs	r2, r4
10002798:	3401      	adds	r4, #1
1000279a:	2530      	movs	r5, #48	@ 0x30
1000279c:	9f0c      	ldr	r7, [sp, #48]	@ 0x30
1000279e:	54bd      	strb	r5, [r7, r2]
100027a0:	2c20      	cmp	r4, #32
100027a2:	d0d9      	beq.n	10002758 <_ntoa_format+0xa4>
100027a4:	e7ce      	b.n	10002744 <_ntoa_format+0x90>
100027a6:	2201      	movs	r2, #1
100027a8:	0015      	movs	r5, r2
100027aa:	401d      	ands	r5, r3
100027ac:	46aa      	mov	sl, r5
100027ae:	421a      	tst	r2, r3
100027b0:	d036      	beq.n	10002820 <_ntoa_format+0x16c>
100027b2:	464a      	mov	r2, r9
100027b4:	2a00      	cmp	r2, #0
100027b6:	d14a      	bne.n	1000284e <_ntoa_format+0x19a>
100027b8:	320c      	adds	r2, #12
100027ba:	421a      	tst	r2, r3
100027bc:	d147      	bne.n	1000284e <_ntoa_format+0x19a>
100027be:	42bc      	cmp	r4, r7
100027c0:	d2a1      	bcs.n	10002706 <_ntoa_format+0x52>
100027c2:	2c20      	cmp	r4, #32
100027c4:	d191      	bne.n	100026ea <_ntoa_format+0x36>
100027c6:	2e20      	cmp	r6, #32
100027c8:	d817      	bhi.n	100027fa <_ntoa_format+0x146>
100027ca:	2420      	movs	r4, #32
100027cc:	06da      	lsls	r2, r3, #27
100027ce:	d5c3      	bpl.n	10002758 <_ntoa_format+0xa4>
100027d0:	055a      	lsls	r2, r3, #21
100027d2:	d41b      	bmi.n	1000280c <_ntoa_format+0x158>
100027d4:	2f20      	cmp	r7, #32
100027d6:	d001      	beq.n	100027dc <_ntoa_format+0x128>
100027d8:	2e20      	cmp	r6, #32
100027da:	d1d5      	bne.n	10002788 <_ntoa_format+0xd4>
100027dc:	221f      	movs	r2, #31
100027de:	9d0f      	ldr	r5, [sp, #60]	@ 0x3c
100027e0:	2d10      	cmp	r5, #16
100027e2:	d06f      	beq.n	100028c4 <_ntoa_format+0x210>
100027e4:	2d02      	cmp	r5, #2
100027e6:	d1d8      	bne.n	1000279a <_ntoa_format+0xe6>
100027e8:	2562      	movs	r5, #98	@ 0x62
100027ea:	9f0c      	ldr	r7, [sp, #48]	@ 0x30
100027ec:	54bd      	strb	r5, [r7, r2]
100027ee:	e7d0      	b.n	10002792 <_ntoa_format+0xde>
100027f0:	4652      	mov	r2, sl
100027f2:	2a00      	cmp	r2, #0
100027f4:	d079      	beq.n	100028ea <_ntoa_format+0x236>
100027f6:	2e20      	cmp	r6, #32
100027f8:	d9bd      	bls.n	10002776 <_ntoa_format+0xc2>
100027fa:	2420      	movs	r4, #32
100027fc:	06da      	lsls	r2, r3, #27
100027fe:	d5ab      	bpl.n	10002758 <_ntoa_format+0xa4>
10002800:	055a      	lsls	r2, r3, #21
10002802:	d403      	bmi.n	1000280c <_ntoa_format+0x158>
10002804:	2f20      	cmp	r7, #32
10002806:	d0e9      	beq.n	100027dc <_ntoa_format+0x128>
10002808:	2e20      	cmp	r6, #32
1000280a:	d0e7      	beq.n	100027dc <_ntoa_format+0x128>
1000280c:	9a0f      	ldr	r2, [sp, #60]	@ 0x3c
1000280e:	2a10      	cmp	r2, #16
10002810:	d1a2      	bne.n	10002758 <_ntoa_format+0xa4>
10002812:	2420      	movs	r4, #32
10002814:	e7a0      	b.n	10002758 <_ntoa_format+0xa4>
10002816:	222d      	movs	r2, #45	@ 0x2d
10002818:	9d0c      	ldr	r5, [sp, #48]	@ 0x30
1000281a:	552a      	strb	r2, [r5, r4]
1000281c:	3401      	adds	r4, #1
1000281e:	e79b      	b.n	10002758 <_ntoa_format+0xa4>
10002820:	42bc      	cmp	r4, r7
10002822:	d300      	bcc.n	10002826 <_ntoa_format+0x172>
10002824:	e77d      	b.n	10002722 <_ntoa_format+0x6e>
10002826:	2c20      	cmp	r4, #32
10002828:	d000      	beq.n	1000282c <_ntoa_format+0x178>
1000282a:	e75e      	b.n	100026ea <_ntoa_format+0x36>
1000282c:	06da      	lsls	r2, r3, #27
1000282e:	d5f0      	bpl.n	10002812 <_ntoa_format+0x15e>
10002830:	055a      	lsls	r2, r3, #21
10002832:	d4ee      	bmi.n	10002812 <_ntoa_format+0x15e>
10002834:	2f20      	cmp	r7, #32
10002836:	d062      	beq.n	100028fe <_ntoa_format+0x24a>
10002838:	2e20      	cmp	r6, #32
1000283a:	d1ea      	bne.n	10002812 <_ntoa_format+0x15e>
1000283c:	0034      	movs	r4, r6
1000283e:	221f      	movs	r2, #31
10002840:	e7cd      	b.n	100027de <_ntoa_format+0x12a>
10002842:	2c20      	cmp	r4, #32
10002844:	d100      	bne.n	10002848 <_ntoa_format+0x194>
10002846:	e787      	b.n	10002758 <_ntoa_format+0xa4>
10002848:	0022      	movs	r2, r4
1000284a:	3401      	adds	r4, #1
1000284c:	e7cc      	b.n	100027e8 <_ntoa_format+0x134>
1000284e:	3e01      	subs	r6, #1
10002850:	e7b5      	b.n	100027be <_ntoa_format+0x10a>
10002852:	1e62      	subs	r2, r4, #1
10002854:	2c01      	cmp	r4, #1
10002856:	d1c2      	bne.n	100027de <_ntoa_format+0x12a>
10002858:	9a0f      	ldr	r2, [sp, #60]	@ 0x3c
1000285a:	2a10      	cmp	r2, #16
1000285c:	d000      	beq.n	10002860 <_ntoa_format+0x1ac>
1000285e:	e76a      	b.n	10002736 <_ntoa_format+0x82>
10002860:	069a      	lsls	r2, r3, #26
10002862:	d53b      	bpl.n	100028dc <_ntoa_format+0x228>
10002864:	2258      	movs	r2, #88	@ 0x58
10002866:	9c0c      	ldr	r4, [sp, #48]	@ 0x30
10002868:	7022      	strb	r2, [r4, #0]
1000286a:	3a28      	subs	r2, #40	@ 0x28
1000286c:	7062      	strb	r2, [r4, #1]
1000286e:	2402      	movs	r4, #2
10002870:	e768      	b.n	10002744 <_ntoa_format+0x90>
10002872:	069a      	lsls	r2, r3, #26
10002874:	d40e      	bmi.n	10002894 <_ntoa_format+0x1e0>
10002876:	2c20      	cmp	r4, #32
10002878:	d0cb      	beq.n	10002812 <_ntoa_format+0x15e>
1000287a:	2278      	movs	r2, #120	@ 0x78
1000287c:	9d0c      	ldr	r5, [sp, #48]	@ 0x30
1000287e:	552a      	strb	r2, [r5, r4]
10002880:	3401      	adds	r4, #1
10002882:	e786      	b.n	10002792 <_ntoa_format+0xde>
10002884:	071a      	lsls	r2, r3, #28
10002886:	d400      	bmi.n	1000288a <_ntoa_format+0x1d6>
10002888:	e766      	b.n	10002758 <_ntoa_format+0xa4>
1000288a:	2220      	movs	r2, #32
1000288c:	9d0c      	ldr	r5, [sp, #48]	@ 0x30
1000288e:	552a      	strb	r2, [r5, r4]
10002890:	3401      	adds	r4, #1
10002892:	e761      	b.n	10002758 <_ntoa_format+0xa4>
10002894:	2c20      	cmp	r4, #32
10002896:	d0bc      	beq.n	10002812 <_ntoa_format+0x15e>
10002898:	2558      	movs	r5, #88	@ 0x58
1000289a:	9a0c      	ldr	r2, [sp, #48]	@ 0x30
1000289c:	1912      	adds	r2, r2, r4
1000289e:	7015      	strb	r5, [r2, #0]
100028a0:	3401      	adds	r4, #1
100028a2:	e776      	b.n	10002792 <_ntoa_format+0xde>
100028a4:	069a      	lsls	r2, r3, #26
100028a6:	d508      	bpl.n	100028ba <_ntoa_format+0x206>
100028a8:	2258      	movs	r2, #88	@ 0x58
100028aa:	9c0c      	ldr	r4, [sp, #48]	@ 0x30
100028ac:	7022      	strb	r2, [r4, #0]
100028ae:	2230      	movs	r2, #48	@ 0x30
100028b0:	7062      	strb	r2, [r4, #1]
100028b2:	2402      	movs	r4, #2
100028b4:	e746      	b.n	10002744 <_ntoa_format+0x90>
100028b6:	3260      	adds	r2, #96	@ 0x60
100028b8:	e7f7      	b.n	100028aa <_ntoa_format+0x1f6>
100028ba:	2278      	movs	r2, #120	@ 0x78
100028bc:	e7f5      	b.n	100028aa <_ntoa_format+0x1f6>
100028be:	2a00      	cmp	r2, #0
100028c0:	d183      	bne.n	100027ca <_ntoa_format+0x116>
100028c2:	e7b3      	b.n	1000282c <_ntoa_format+0x178>
100028c4:	1ea2      	subs	r2, r4, #2
100028c6:	3c01      	subs	r4, #1
100028c8:	069d      	lsls	r5, r3, #26
100028ca:	d403      	bmi.n	100028d4 <_ntoa_format+0x220>
100028cc:	2578      	movs	r5, #120	@ 0x78
100028ce:	9f0c      	ldr	r7, [sp, #48]	@ 0x30
100028d0:	54bd      	strb	r5, [r7, r2]
100028d2:	e760      	b.n	10002796 <_ntoa_format+0xe2>
100028d4:	2558      	movs	r5, #88	@ 0x58
100028d6:	9f0c      	ldr	r7, [sp, #48]	@ 0x30
100028d8:	54bd      	strb	r5, [r7, r2]
100028da:	e75c      	b.n	10002796 <_ntoa_format+0xe2>
100028dc:	2278      	movs	r2, #120	@ 0x78
100028de:	9c0c      	ldr	r4, [sp, #48]	@ 0x30
100028e0:	7022      	strb	r2, [r4, #0]
100028e2:	3a48      	subs	r2, #72	@ 0x48
100028e4:	7062      	strb	r2, [r4, #1]
100028e6:	2402      	movs	r4, #2
100028e8:	e72c      	b.n	10002744 <_ntoa_format+0x90>
100028ea:	06da      	lsls	r2, r3, #27
100028ec:	d400      	bmi.n	100028f0 <_ntoa_format+0x23c>
100028ee:	e733      	b.n	10002758 <_ntoa_format+0xa4>
100028f0:	055a      	lsls	r2, r3, #21
100028f2:	d48b      	bmi.n	1000280c <_ntoa_format+0x158>
100028f4:	2f20      	cmp	r7, #32
100028f6:	d000      	beq.n	100028fa <_ntoa_format+0x246>
100028f8:	e744      	b.n	10002784 <_ntoa_format+0xd0>
100028fa:	221f      	movs	r2, #31
100028fc:	e76f      	b.n	100027de <_ntoa_format+0x12a>
100028fe:	003c      	movs	r4, r7
10002900:	221f      	movs	r2, #31
10002902:	e76c      	b.n	100027de <_ntoa_format+0x12a>

10002904 <_out_char>:
10002904:	b510      	push	{r4, lr}
10002906:	2800      	cmp	r0, #0
10002908:	d100      	bne.n	1000290c <_out_char+0x8>
1000290a:	bd10      	pop	{r4, pc}
1000290c:	f001 fb64 	bl	10003fd8 <__wrap_putchar>
10002910:	e7fb      	b.n	1000290a <_out_char+0x6>
10002912:	46c0      	nop			@ (mov r8, r8)

10002914 <_out_fct>:
10002914:	000b      	movs	r3, r1
10002916:	b510      	push	{r4, lr}
10002918:	2800      	cmp	r0, #0
1000291a:	d002      	beq.n	10002922 <_out_fct+0xe>
1000291c:	6849      	ldr	r1, [r1, #4]
1000291e:	681b      	ldr	r3, [r3, #0]
10002920:	4798      	blx	r3
10002922:	bd10      	pop	{r4, pc}

10002924 <_etoa>:
10002924:	b5f0      	push	{r4, r5, r6, r7, lr}
10002926:	4657      	mov	r7, sl
10002928:	464e      	mov	r6, r9
1000292a:	4645      	mov	r5, r8
1000292c:	46de      	mov	lr, fp
1000292e:	b5e0      	push	{r5, r6, r7, lr}
10002930:	b099      	sub	sp, #100	@ 0x64
10002932:	4682      	mov	sl, r0
10002934:	4689      	mov	r9, r1
10002936:	4690      	mov	r8, r2
10002938:	9308      	str	r3, [sp, #32]
1000293a:	9a22      	ldr	r2, [sp, #136]	@ 0x88
1000293c:	9b23      	ldr	r3, [sp, #140]	@ 0x8c
1000293e:	0010      	movs	r0, r2
10002940:	0019      	movs	r1, r3
10002942:	f7ff fa8e 	bl	10001e62 <__wrap___aeabi_dcmpun>
10002946:	2800      	cmp	r0, #0
10002948:	d000      	beq.n	1000294c <_etoa+0x28>
1000294a:	e0cd      	b.n	10002ae8 <_etoa+0x1c4>
1000294c:	9822      	ldr	r0, [sp, #136]	@ 0x88
1000294e:	9923      	ldr	r1, [sp, #140]	@ 0x8c
10002950:	2201      	movs	r2, #1
10002952:	4bd9      	ldr	r3, [pc, #868]	@ (10002cb8 <_etoa+0x394>)
10002954:	4252      	negs	r2, r2
10002956:	f7ff fa7f 	bl	10001e58 <__wrap___aeabi_dcmpgt>
1000295a:	2800      	cmp	r0, #0
1000295c:	d000      	beq.n	10002960 <_etoa+0x3c>
1000295e:	e0c3      	b.n	10002ae8 <_etoa+0x1c4>
10002960:	9822      	ldr	r0, [sp, #136]	@ 0x88
10002962:	9923      	ldr	r1, [sp, #140]	@ 0x8c
10002964:	2201      	movs	r2, #1
10002966:	4bd5      	ldr	r3, [pc, #852]	@ (10002cbc <_etoa+0x398>)
10002968:	4252      	negs	r2, r2
1000296a:	f7ff fa67 	bl	10001e3c <__wrap___aeabi_dcmplt>
1000296e:	2800      	cmp	r0, #0
10002970:	d000      	beq.n	10002974 <_etoa+0x50>
10002972:	e0b9      	b.n	10002ae8 <_etoa+0x1c4>
10002974:	9822      	ldr	r0, [sp, #136]	@ 0x88
10002976:	9923      	ldr	r1, [sp, #140]	@ 0x8c
10002978:	2200      	movs	r2, #0
1000297a:	2300      	movs	r3, #0
1000297c:	f7ff fa5e 	bl	10001e3c <__wrap___aeabi_dcmplt>
10002980:	2800      	cmp	r0, #0
10002982:	d000      	beq.n	10002986 <_etoa+0x62>
10002984:	e1f1      	b.n	10002d6a <_etoa+0x446>
10002986:	9e22      	ldr	r6, [sp, #136]	@ 0x88
10002988:	9f23      	ldr	r7, [sp, #140]	@ 0x8c
1000298a:	2380      	movs	r3, #128	@ 0x80
1000298c:	9a26      	ldr	r2, [sp, #152]	@ 0x98
1000298e:	00db      	lsls	r3, r3, #3
10002990:	401a      	ands	r2, r3
10002992:	920d      	str	r2, [sp, #52]	@ 0x34
10002994:	9a26      	ldr	r2, [sp, #152]	@ 0x98
10002996:	421a      	tst	r2, r3
10002998:	d101      	bne.n	1000299e <_etoa+0x7a>
1000299a:	2306      	movs	r3, #6
1000299c:	9324      	str	r3, [sp, #144]	@ 0x90
1000299e:	2380      	movs	r3, #128	@ 0x80
100029a0:	9a26      	ldr	r2, [sp, #152]	@ 0x98
100029a2:	011b      	lsls	r3, r3, #4
100029a4:	401a      	ands	r2, r3
100029a6:	003b      	movs	r3, r7
100029a8:	4693      	mov	fp, r2
100029aa:	9609      	str	r6, [sp, #36]	@ 0x24
100029ac:	4333      	orrs	r3, r6
100029ae:	d000      	beq.n	100029b2 <_etoa+0x8e>
100029b0:	e0b3      	b.n	10002b1a <_etoa+0x1f6>
100029b2:	2a00      	cmp	r2, #0
100029b4:	d000      	beq.n	100029b8 <_etoa+0x94>
100029b6:	e1c2      	b.n	10002d3e <_etoa+0x41a>
100029b8:	2300      	movs	r3, #0
100029ba:	2400      	movs	r4, #0
100029bc:	930a      	str	r3, [sp, #40]	@ 0x28
100029be:	940b      	str	r4, [sp, #44]	@ 0x2c
100029c0:	2300      	movs	r3, #0
100029c2:	2504      	movs	r5, #4
100029c4:	9309      	str	r3, [sp, #36]	@ 0x24
100029c6:	9b25      	ldr	r3, [sp, #148]	@ 0x94
100029c8:	2400      	movs	r4, #0
100029ca:	42ab      	cmp	r3, r5
100029cc:	d900      	bls.n	100029d0 <_etoa+0xac>
100029ce:	1b5c      	subs	r4, r3, r5
100029d0:	2302      	movs	r3, #2
100029d2:	9a26      	ldr	r2, [sp, #152]	@ 0x98
100029d4:	401a      	ands	r2, r3
100029d6:	920c      	str	r2, [sp, #48]	@ 0x30
100029d8:	9a26      	ldr	r2, [sp, #152]	@ 0x98
100029da:	4213      	tst	r3, r2
100029dc:	d003      	beq.n	100029e6 <_etoa+0xc2>
100029de:	426b      	negs	r3, r5
100029e0:	416b      	adcs	r3, r5
100029e2:	425b      	negs	r3, r3
100029e4:	401c      	ands	r4, r3
100029e6:	9b09      	ldr	r3, [sp, #36]	@ 0x24
100029e8:	2b00      	cmp	r3, #0
100029ea:	d007      	beq.n	100029fc <_etoa+0xd8>
100029ec:	9a0a      	ldr	r2, [sp, #40]	@ 0x28
100029ee:	9b0b      	ldr	r3, [sp, #44]	@ 0x2c
100029f0:	0030      	movs	r0, r6
100029f2:	0039      	movs	r1, r7
100029f4:	f7ff f9c1 	bl	10001d7a <__wrap___aeabi_ddiv>
100029f8:	0006      	movs	r6, r0
100029fa:	000f      	movs	r7, r1
100029fc:	9822      	ldr	r0, [sp, #136]	@ 0x88
100029fe:	9923      	ldr	r1, [sp, #140]	@ 0x8c
10002a00:	2200      	movs	r2, #0
10002a02:	2300      	movs	r3, #0
10002a04:	f7ff fa1a 	bl	10001e3c <__wrap___aeabi_dcmplt>
10002a08:	2800      	cmp	r0, #0
10002a0a:	d003      	beq.n	10002a14 <_etoa+0xf0>
10002a0c:	2180      	movs	r1, #128	@ 0x80
10002a0e:	0609      	lsls	r1, r1, #24
10002a10:	187b      	adds	r3, r7, r1
10002a12:	001f      	movs	r7, r3
10002a14:	9a26      	ldr	r2, [sp, #152]	@ 0x98
10002a16:	4baa      	ldr	r3, [pc, #680]	@ (10002cc0 <_etoa+0x39c>)
10002a18:	9600      	str	r6, [sp, #0]
10002a1a:	9701      	str	r7, [sp, #4]
10002a1c:	4013      	ands	r3, r2
10002a1e:	9e08      	ldr	r6, [sp, #32]
10002a20:	9304      	str	r3, [sp, #16]
10002a22:	9b24      	ldr	r3, [sp, #144]	@ 0x90
10002a24:	9403      	str	r4, [sp, #12]
10002a26:	9302      	str	r3, [sp, #8]
10002a28:	4642      	mov	r2, r8
10002a2a:	0033      	movs	r3, r6
10002a2c:	4649      	mov	r1, r9
10002a2e:	4650      	mov	r0, sl
10002a30:	f000 f9aa 	bl	10002d88 <_ftoa>
10002a34:	0004      	movs	r4, r0
10002a36:	2d00      	cmp	r5, #0
10002a38:	d067      	beq.n	10002b0a <_etoa+0x1e6>
10002a3a:	2020      	movs	r0, #32
10002a3c:	9a26      	ldr	r2, [sp, #152]	@ 0x98
10002a3e:	4649      	mov	r1, r9
10002a40:	4002      	ands	r2, r0
10002a42:	0013      	movs	r3, r2
10002a44:	425a      	negs	r2, r3
10002a46:	4153      	adcs	r3, r2
10002a48:	425b      	negs	r3, r3
10002a4a:	1c62      	adds	r2, r4, #1
10002a4c:	4018      	ands	r0, r3
10002a4e:	920a      	str	r2, [sp, #40]	@ 0x28
10002a50:	0033      	movs	r3, r6
10002a52:	0022      	movs	r2, r4
10002a54:	3045      	adds	r0, #69	@ 0x45
10002a56:	47d0      	blx	sl
10002a58:	9a09      	ldr	r2, [sp, #36]	@ 0x24
10002a5a:	1e6f      	subs	r7, r5, #1
10002a5c:	17d3      	asrs	r3, r2, #31
10002a5e:	18d4      	adds	r4, r2, r3
10002a60:	405c      	eors	r4, r3
10002a62:	0fd3      	lsrs	r3, r2, #31
10002a64:	469b      	mov	fp, r3
10002a66:	2500      	movs	r5, #0
10002a68:	e001      	b.n	10002a6e <_etoa+0x14a>
10002a6a:	2d20      	cmp	r5, #32
10002a6c:	d013      	beq.n	10002a96 <_etoa+0x172>
10002a6e:	aa08      	add	r2, sp, #32
10002a70:	4694      	mov	ip, r2
10002a72:	231f      	movs	r3, #31
10002a74:	0020      	movs	r0, r4
10002a76:	4463      	add	r3, ip
10002a78:	210a      	movs	r1, #10
10002a7a:	3501      	adds	r5, #1
10002a7c:	195e      	adds	r6, r3, r5
10002a7e:	f7fe ff2f 	bl	100018e0 <__wrap___aeabi_uidiv>
10002a82:	3130      	adds	r1, #48	@ 0x30
10002a84:	7031      	strb	r1, [r6, #0]
10002a86:	0020      	movs	r0, r4
10002a88:	210a      	movs	r1, #10
10002a8a:	f7fe ff29 	bl	100018e0 <__wrap___aeabi_uidiv>
10002a8e:	0026      	movs	r6, r4
10002a90:	0004      	movs	r4, r0
10002a92:	2e09      	cmp	r6, #9
10002a94:	d8e9      	bhi.n	10002a6a <_etoa+0x146>
10002a96:	2305      	movs	r3, #5
10002a98:	9306      	str	r3, [sp, #24]
10002a9a:	2300      	movs	r3, #0
10002a9c:	9304      	str	r3, [sp, #16]
10002a9e:	330a      	adds	r3, #10
10002aa0:	9303      	str	r3, [sp, #12]
10002aa2:	465b      	mov	r3, fp
10002aa4:	9e08      	ldr	r6, [sp, #32]
10002aa6:	9302      	str	r3, [sp, #8]
10002aa8:	ab10      	add	r3, sp, #64	@ 0x40
10002aaa:	9a0a      	ldr	r2, [sp, #40]	@ 0x28
10002aac:	9300      	str	r3, [sp, #0]
10002aae:	4649      	mov	r1, r9
10002ab0:	0033      	movs	r3, r6
10002ab2:	4650      	mov	r0, sl
10002ab4:	9705      	str	r7, [sp, #20]
10002ab6:	9501      	str	r5, [sp, #4]
10002ab8:	f7ff fdfc 	bl	100026b4 <_ntoa_format>
10002abc:	9a0c      	ldr	r2, [sp, #48]	@ 0x30
10002abe:	0004      	movs	r4, r0
10002ac0:	2a00      	cmp	r2, #0
10002ac2:	d022      	beq.n	10002b0a <_etoa+0x1e6>
10002ac4:	4642      	mov	r2, r8
10002ac6:	1a85      	subs	r5, r0, r2
10002ac8:	9a25      	ldr	r2, [sp, #148]	@ 0x94
10002aca:	42aa      	cmp	r2, r5
10002acc:	d91d      	bls.n	10002b0a <_etoa+0x1e6>
10002ace:	46b0      	mov	r8, r6
10002ad0:	4657      	mov	r7, sl
10002ad2:	0016      	movs	r6, r2
10002ad4:	0022      	movs	r2, r4
10002ad6:	4643      	mov	r3, r8
10002ad8:	4649      	mov	r1, r9
10002ada:	2020      	movs	r0, #32
10002adc:	3501      	adds	r5, #1
10002ade:	47b8      	blx	r7
10002ae0:	3401      	adds	r4, #1
10002ae2:	42ae      	cmp	r6, r5
10002ae4:	d8f6      	bhi.n	10002ad4 <_etoa+0x1b0>
10002ae6:	e010      	b.n	10002b0a <_etoa+0x1e6>
10002ae8:	9b26      	ldr	r3, [sp, #152]	@ 0x98
10002aea:	4642      	mov	r2, r8
10002aec:	9304      	str	r3, [sp, #16]
10002aee:	9b25      	ldr	r3, [sp, #148]	@ 0x94
10002af0:	4649      	mov	r1, r9
10002af2:	9303      	str	r3, [sp, #12]
10002af4:	9b24      	ldr	r3, [sp, #144]	@ 0x90
10002af6:	4650      	mov	r0, sl
10002af8:	9302      	str	r3, [sp, #8]
10002afa:	9b22      	ldr	r3, [sp, #136]	@ 0x88
10002afc:	9c23      	ldr	r4, [sp, #140]	@ 0x8c
10002afe:	9300      	str	r3, [sp, #0]
10002b00:	9401      	str	r4, [sp, #4]
10002b02:	9b08      	ldr	r3, [sp, #32]
10002b04:	f000 f940 	bl	10002d88 <_ftoa>
10002b08:	0004      	movs	r4, r0
10002b0a:	0020      	movs	r0, r4
10002b0c:	b019      	add	sp, #100	@ 0x64
10002b0e:	bcf0      	pop	{r4, r5, r6, r7}
10002b10:	46bb      	mov	fp, r7
10002b12:	46b2      	mov	sl, r6
10002b14:	46a9      	mov	r9, r5
10002b16:	46a0      	mov	r8, r4
10002b18:	bdf0      	pop	{r4, r5, r6, r7, pc}
10002b1a:	4b6a      	ldr	r3, [pc, #424]	@ (10002cc4 <_etoa+0x3a0>)
10002b1c:	0078      	lsls	r0, r7, #1
10002b1e:	469c      	mov	ip, r3
10002b20:	0d40      	lsrs	r0, r0, #21
10002b22:	4460      	add	r0, ip
10002b24:	f7ff f9ae 	bl	10001e84 <__wrap___aeabi_i2d>
10002b28:	4a67      	ldr	r2, [pc, #412]	@ (10002cc8 <_etoa+0x3a4>)
10002b2a:	4b68      	ldr	r3, [pc, #416]	@ (10002ccc <_etoa+0x3a8>)
10002b2c:	f7ff f943 	bl	10001db6 <__wrap___aeabi_dmul>
10002b30:	4a67      	ldr	r2, [pc, #412]	@ (10002cd0 <_etoa+0x3ac>)
10002b32:	4b68      	ldr	r3, [pc, #416]	@ (10002cd4 <_etoa+0x3b0>)
10002b34:	f7ff f918 	bl	10001d68 <__wrap___aeabi_dadd>
10002b38:	4a67      	ldr	r2, [pc, #412]	@ (10002cd8 <_etoa+0x3b4>)
10002b3a:	033b      	lsls	r3, r7, #12
10002b3c:	0b1b      	lsrs	r3, r3, #12
10002b3e:	431a      	orrs	r2, r3
10002b40:	0004      	movs	r4, r0
10002b42:	000d      	movs	r5, r1
10002b44:	9809      	ldr	r0, [sp, #36]	@ 0x24
10002b46:	0011      	movs	r1, r2
10002b48:	4b64      	ldr	r3, [pc, #400]	@ (10002cdc <_etoa+0x3b8>)
10002b4a:	2200      	movs	r2, #0
10002b4c:	f7ff f903 	bl	10001d56 <__wrap___aeabi_dsub>
10002b50:	4a63      	ldr	r2, [pc, #396]	@ (10002ce0 <_etoa+0x3bc>)
10002b52:	4b64      	ldr	r3, [pc, #400]	@ (10002ce4 <_etoa+0x3c0>)
10002b54:	f7ff f92f 	bl	10001db6 <__wrap___aeabi_dmul>
10002b58:	0002      	movs	r2, r0
10002b5a:	000b      	movs	r3, r1
10002b5c:	0020      	movs	r0, r4
10002b5e:	0029      	movs	r1, r5
10002b60:	f7ff f902 	bl	10001d68 <__wrap___aeabi_dadd>
10002b64:	f7ff f9a6 	bl	10001eb4 <__wrap___aeabi_d2iz>
10002b68:	9009      	str	r0, [sp, #36]	@ 0x24
10002b6a:	f7ff f98b 	bl	10001e84 <__wrap___aeabi_i2d>
10002b6e:	4a5e      	ldr	r2, [pc, #376]	@ (10002ce8 <_etoa+0x3c4>)
10002b70:	4b5e      	ldr	r3, [pc, #376]	@ (10002cec <_etoa+0x3c8>)
10002b72:	0004      	movs	r4, r0
10002b74:	000d      	movs	r5, r1
10002b76:	f7ff f91e 	bl	10001db6 <__wrap___aeabi_dmul>
10002b7a:	2200      	movs	r2, #0
10002b7c:	4b5c      	ldr	r3, [pc, #368]	@ (10002cf0 <_etoa+0x3cc>)
10002b7e:	f7ff f8f3 	bl	10001d68 <__wrap___aeabi_dadd>
10002b82:	f7ff f997 	bl	10001eb4 <__wrap___aeabi_d2iz>
10002b86:	4a5b      	ldr	r2, [pc, #364]	@ (10002cf4 <_etoa+0x3d0>)
10002b88:	4b5b      	ldr	r3, [pc, #364]	@ (10002cf8 <_etoa+0x3d4>)
10002b8a:	0029      	movs	r1, r5
10002b8c:	900c      	str	r0, [sp, #48]	@ 0x30
10002b8e:	0020      	movs	r0, r4
10002b90:	f7ff f911 	bl	10001db6 <__wrap___aeabi_dmul>
10002b94:	0004      	movs	r4, r0
10002b96:	980c      	ldr	r0, [sp, #48]	@ 0x30
10002b98:	000d      	movs	r5, r1
10002b9a:	f7ff f973 	bl	10001e84 <__wrap___aeabi_i2d>
10002b9e:	4a57      	ldr	r2, [pc, #348]	@ (10002cfc <_etoa+0x3d8>)
10002ba0:	4b57      	ldr	r3, [pc, #348]	@ (10002d00 <_etoa+0x3dc>)
10002ba2:	f7ff f908 	bl	10001db6 <__wrap___aeabi_dmul>
10002ba6:	0002      	movs	r2, r0
10002ba8:	000b      	movs	r3, r1
10002baa:	0020      	movs	r0, r4
10002bac:	0029      	movs	r1, r5
10002bae:	f7ff f8d2 	bl	10001d56 <__wrap___aeabi_dsub>
10002bb2:	0004      	movs	r4, r0
10002bb4:	000d      	movs	r5, r1
10002bb6:	0002      	movs	r2, r0
10002bb8:	000b      	movs	r3, r1
10002bba:	940a      	str	r4, [sp, #40]	@ 0x28
10002bbc:	950b      	str	r5, [sp, #44]	@ 0x2c
10002bbe:	f7ff f8fa 	bl	10001db6 <__wrap___aeabi_dmul>
10002bc2:	0004      	movs	r4, r0
10002bc4:	000d      	movs	r5, r1
10002bc6:	980a      	ldr	r0, [sp, #40]	@ 0x28
10002bc8:	990b      	ldr	r1, [sp, #44]	@ 0x2c
10002bca:	0002      	movs	r2, r0
10002bcc:	000b      	movs	r3, r1
10002bce:	f7ff f8cb 	bl	10001d68 <__wrap___aeabi_dadd>
10002bd2:	2200      	movs	r2, #0
10002bd4:	900e      	str	r0, [sp, #56]	@ 0x38
10002bd6:	910f      	str	r1, [sp, #60]	@ 0x3c
10002bd8:	4b4a      	ldr	r3, [pc, #296]	@ (10002d04 <_etoa+0x3e0>)
10002bda:	0020      	movs	r0, r4
10002bdc:	0029      	movs	r1, r5
10002bde:	f7ff f8cc 	bl	10001d7a <__wrap___aeabi_ddiv>
10002be2:	2200      	movs	r2, #0
10002be4:	4b48      	ldr	r3, [pc, #288]	@ (10002d08 <_etoa+0x3e4>)
10002be6:	f7ff f8bf 	bl	10001d68 <__wrap___aeabi_dadd>
10002bea:	0002      	movs	r2, r0
10002bec:	000b      	movs	r3, r1
10002bee:	0020      	movs	r0, r4
10002bf0:	0029      	movs	r1, r5
10002bf2:	f7ff f8c2 	bl	10001d7a <__wrap___aeabi_ddiv>
10002bf6:	2200      	movs	r2, #0
10002bf8:	4b44      	ldr	r3, [pc, #272]	@ (10002d0c <_etoa+0x3e8>)
10002bfa:	f7ff f8b5 	bl	10001d68 <__wrap___aeabi_dadd>
10002bfe:	0002      	movs	r2, r0
10002c00:	000b      	movs	r3, r1
10002c02:	0020      	movs	r0, r4
10002c04:	0029      	movs	r1, r5
10002c06:	f7ff f8b8 	bl	10001d7a <__wrap___aeabi_ddiv>
10002c0a:	9a0a      	ldr	r2, [sp, #40]	@ 0x28
10002c0c:	9b0b      	ldr	r3, [sp, #44]	@ 0x2c
10002c0e:	000d      	movs	r5, r1
10002c10:	2180      	movs	r1, #128	@ 0x80
10002c12:	0004      	movs	r4, r0
10002c14:	05c9      	lsls	r1, r1, #23
10002c16:	2000      	movs	r0, #0
10002c18:	f7ff f89d 	bl	10001d56 <__wrap___aeabi_dsub>
10002c1c:	0002      	movs	r2, r0
10002c1e:	000b      	movs	r3, r1
10002c20:	0020      	movs	r0, r4
10002c22:	0029      	movs	r1, r5
10002c24:	f7ff f8a0 	bl	10001d68 <__wrap___aeabi_dadd>
10002c28:	0002      	movs	r2, r0
10002c2a:	000b      	movs	r3, r1
10002c2c:	980e      	ldr	r0, [sp, #56]	@ 0x38
10002c2e:	990f      	ldr	r1, [sp, #60]	@ 0x3c
10002c30:	f7ff f8a3 	bl	10001d7a <__wrap___aeabi_ddiv>
10002c34:	2200      	movs	r2, #0
10002c36:	4b28      	ldr	r3, [pc, #160]	@ (10002cd8 <_etoa+0x3b4>)
10002c38:	f7ff f896 	bl	10001d68 <__wrap___aeabi_dadd>
10002c3c:	4b34      	ldr	r3, [pc, #208]	@ (10002d10 <_etoa+0x3ec>)
10002c3e:	9c0c      	ldr	r4, [sp, #48]	@ 0x30
10002c40:	469c      	mov	ip, r3
10002c42:	4464      	add	r4, ip
10002c44:	0523      	lsls	r3, r4, #20
10002c46:	2200      	movs	r2, #0
10002c48:	f7ff f8b5 	bl	10001db6 <__wrap___aeabi_dmul>
10002c4c:	0004      	movs	r4, r0
10002c4e:	000d      	movs	r5, r1
10002c50:	0002      	movs	r2, r0
10002c52:	000b      	movs	r3, r1
10002c54:	0030      	movs	r0, r6
10002c56:	0039      	movs	r1, r7
10002c58:	940a      	str	r4, [sp, #40]	@ 0x28
10002c5a:	950b      	str	r5, [sp, #44]	@ 0x2c
10002c5c:	f7ff f8ee 	bl	10001e3c <__wrap___aeabi_dcmplt>
10002c60:	2800      	cmp	r0, #0
10002c62:	d15d      	bne.n	10002d20 <_etoa+0x3fc>
10002c64:	0023      	movs	r3, r4
10002c66:	002a      	movs	r2, r5
10002c68:	25c6      	movs	r5, #198	@ 0xc6
10002c6a:	9909      	ldr	r1, [sp, #36]	@ 0x24
10002c6c:	3163      	adds	r1, #99	@ 0x63
10002c6e:	428d      	cmp	r5, r1
10002c70:	41ad      	sbcs	r5, r5
10002c72:	4659      	mov	r1, fp
10002c74:	426d      	negs	r5, r5
10002c76:	3504      	adds	r5, #4
10002c78:	2900      	cmp	r1, #0
10002c7a:	d100      	bne.n	10002c7e <_etoa+0x35a>
10002c7c:	e6a3      	b.n	100029c6 <_etoa+0xa2>
10002c7e:	4313      	orrs	r3, r2
10002c80:	d063      	beq.n	10002d4a <_etoa+0x426>
10002c82:	0030      	movs	r0, r6
10002c84:	0039      	movs	r1, r7
10002c86:	4a23      	ldr	r2, [pc, #140]	@ (10002d14 <_etoa+0x3f0>)
10002c88:	4b23      	ldr	r3, [pc, #140]	@ (10002d18 <_etoa+0x3f4>)
10002c8a:	f7ff f8dd 	bl	10001e48 <__wrap___aeabi_dcmpge>
10002c8e:	2800      	cmp	r0, #0
10002c90:	d007      	beq.n	10002ca2 <_etoa+0x37e>
10002c92:	2200      	movs	r2, #0
10002c94:	0030      	movs	r0, r6
10002c96:	0039      	movs	r1, r7
10002c98:	4b20      	ldr	r3, [pc, #128]	@ (10002d1c <_etoa+0x3f8>)
10002c9a:	f7ff f8cf 	bl	10001e3c <__wrap___aeabi_dcmplt>
10002c9e:	2800      	cmp	r0, #0
10002ca0:	d153      	bne.n	10002d4a <_etoa+0x426>
10002ca2:	9b24      	ldr	r3, [sp, #144]	@ 0x90
10002ca4:	2b00      	cmp	r3, #0
10002ca6:	d100      	bne.n	10002caa <_etoa+0x386>
10002ca8:	e68d      	b.n	100029c6 <_etoa+0xa2>
10002caa:	9b0d      	ldr	r3, [sp, #52]	@ 0x34
10002cac:	1e5a      	subs	r2, r3, #1
10002cae:	4193      	sbcs	r3, r2
10002cb0:	9a24      	ldr	r2, [sp, #144]	@ 0x90
10002cb2:	1ad3      	subs	r3, r2, r3
10002cb4:	9324      	str	r3, [sp, #144]	@ 0x90
10002cb6:	e686      	b.n	100029c6 <_etoa+0xa2>
10002cb8:	7fefffff 	.word	0x7fefffff
10002cbc:	ffefffff 	.word	0xffefffff
10002cc0:	fffff7ff 	.word	0xfffff7ff
10002cc4:	fffffc01 	.word	0xfffffc01
10002cc8:	509f79fb 	.word	0x509f79fb
10002ccc:	3fd34413 	.word	0x3fd34413
10002cd0:	8b60c8b3 	.word	0x8b60c8b3
10002cd4:	3fc68a28 	.word	0x3fc68a28
10002cd8:	3ff00000 	.word	0x3ff00000
10002cdc:	3ff80000 	.word	0x3ff80000
10002ce0:	636f4361 	.word	0x636f4361
10002ce4:	3fd287a7 	.word	0x3fd287a7
10002ce8:	0979a371 	.word	0x0979a371
10002cec:	400a934f 	.word	0x400a934f
10002cf0:	3fe00000 	.word	0x3fe00000
10002cf4:	bbb55516 	.word	0xbbb55516
10002cf8:	40026bb1 	.word	0x40026bb1
10002cfc:	fefa39ef 	.word	0xfefa39ef
10002d00:	3fe62e42 	.word	0x3fe62e42
10002d04:	402c0000 	.word	0x402c0000
10002d08:	40240000 	.word	0x40240000
10002d0c:	40180000 	.word	0x40180000
10002d10:	000003ff 	.word	0x000003ff
10002d14:	eb1c432d 	.word	0xeb1c432d
10002d18:	3f1a36e2 	.word	0x3f1a36e2
10002d1c:	412e8480 	.word	0x412e8480
10002d20:	9b09      	ldr	r3, [sp, #36]	@ 0x24
10002d22:	2200      	movs	r2, #0
10002d24:	3b01      	subs	r3, #1
10002d26:	9309      	str	r3, [sp, #36]	@ 0x24
10002d28:	0020      	movs	r0, r4
10002d2a:	4b16      	ldr	r3, [pc, #88]	@ (10002d84 <_etoa+0x460>)
10002d2c:	0029      	movs	r1, r5
10002d2e:	f7ff f824 	bl	10001d7a <__wrap___aeabi_ddiv>
10002d32:	000a      	movs	r2, r1
10002d34:	0001      	movs	r1, r0
10002d36:	0003      	movs	r3, r0
10002d38:	910a      	str	r1, [sp, #40]	@ 0x28
10002d3a:	920b      	str	r2, [sp, #44]	@ 0x2c
10002d3c:	e794      	b.n	10002c68 <_etoa+0x344>
10002d3e:	2300      	movs	r3, #0
10002d40:	2400      	movs	r4, #0
10002d42:	930a      	str	r3, [sp, #40]	@ 0x28
10002d44:	940b      	str	r4, [sp, #44]	@ 0x2c
10002d46:	2300      	movs	r3, #0
10002d48:	9309      	str	r3, [sp, #36]	@ 0x24
10002d4a:	9a24      	ldr	r2, [sp, #144]	@ 0x90
10002d4c:	9b09      	ldr	r3, [sp, #36]	@ 0x24
10002d4e:	429a      	cmp	r2, r3
10002d50:	dd14      	ble.n	10002d7c <_etoa+0x458>
10002d52:	1ad3      	subs	r3, r2, r3
10002d54:	3b01      	subs	r3, #1
10002d56:	9324      	str	r3, [sp, #144]	@ 0x90
10002d58:	2380      	movs	r3, #128	@ 0x80
10002d5a:	9a26      	ldr	r2, [sp, #152]	@ 0x98
10002d5c:	00db      	lsls	r3, r3, #3
10002d5e:	431a      	orrs	r2, r3
10002d60:	2300      	movs	r3, #0
10002d62:	2500      	movs	r5, #0
10002d64:	9226      	str	r2, [sp, #152]	@ 0x98
10002d66:	9309      	str	r3, [sp, #36]	@ 0x24
10002d68:	e62d      	b.n	100029c6 <_etoa+0xa2>
10002d6a:	2280      	movs	r2, #128	@ 0x80
10002d6c:	0612      	lsls	r2, r2, #24
10002d6e:	4694      	mov	ip, r2
10002d70:	9b22      	ldr	r3, [sp, #136]	@ 0x88
10002d72:	001e      	movs	r6, r3
10002d74:	9b23      	ldr	r3, [sp, #140]	@ 0x8c
10002d76:	4463      	add	r3, ip
10002d78:	001f      	movs	r7, r3
10002d7a:	e606      	b.n	1000298a <_etoa+0x66>
10002d7c:	2300      	movs	r3, #0
10002d7e:	9324      	str	r3, [sp, #144]	@ 0x90
10002d80:	e7ea      	b.n	10002d58 <_etoa+0x434>
10002d82:	46c0      	nop			@ (mov r8, r8)
10002d84:	40240000 	.word	0x40240000

10002d88 <_ftoa>:
10002d88:	b5f0      	push	{r4, r5, r6, r7, lr}
10002d8a:	4645      	mov	r5, r8
10002d8c:	46de      	mov	lr, fp
10002d8e:	464e      	mov	r6, r9
10002d90:	4657      	mov	r7, sl
10002d92:	b5e0      	push	{r5, r6, r7, lr}
10002d94:	b095      	sub	sp, #84	@ 0x54
10002d96:	468b      	mov	fp, r1
10002d98:	4690      	mov	r8, r2
10002d9a:	4699      	mov	r9, r3
10002d9c:	9a1e      	ldr	r2, [sp, #120]	@ 0x78
10002d9e:	9b1f      	ldr	r3, [sp, #124]	@ 0x7c
10002da0:	900a      	str	r0, [sp, #40]	@ 0x28
10002da2:	0019      	movs	r1, r3
10002da4:	0010      	movs	r0, r2
10002da6:	9d20      	ldr	r5, [sp, #128]	@ 0x80
10002da8:	f7ff f85b 	bl	10001e62 <__wrap___aeabi_dcmpun>
10002dac:	2800      	cmp	r0, #0
10002dae:	d000      	beq.n	10002db2 <_ftoa+0x2a>
10002db0:	e1b0      	b.n	10003114 <_ftoa+0x38c>
10002db2:	981e      	ldr	r0, [sp, #120]	@ 0x78
10002db4:	991f      	ldr	r1, [sp, #124]	@ 0x7c
10002db6:	2201      	movs	r2, #1
10002db8:	4bc7      	ldr	r3, [pc, #796]	@ (100030d8 <_ftoa+0x350>)
10002dba:	4252      	negs	r2, r2
10002dbc:	f7ff f83e 	bl	10001e3c <__wrap___aeabi_dcmplt>
10002dc0:	2800      	cmp	r0, #0
10002dc2:	d000      	beq.n	10002dc6 <_ftoa+0x3e>
10002dc4:	e137      	b.n	10003036 <_ftoa+0x2ae>
10002dc6:	981e      	ldr	r0, [sp, #120]	@ 0x78
10002dc8:	991f      	ldr	r1, [sp, #124]	@ 0x7c
10002dca:	2201      	movs	r2, #1
10002dcc:	4bc3      	ldr	r3, [pc, #780]	@ (100030dc <_ftoa+0x354>)
10002dce:	4252      	negs	r2, r2
10002dd0:	f7ff f842 	bl	10001e58 <__wrap___aeabi_dcmpgt>
10002dd4:	2800      	cmp	r0, #0
10002dd6:	d000      	beq.n	10002dda <_ftoa+0x52>
10002dd8:	e0a7      	b.n	10002f2a <_ftoa+0x1a2>
10002dda:	981e      	ldr	r0, [sp, #120]	@ 0x78
10002ddc:	991f      	ldr	r1, [sp, #124]	@ 0x7c
10002dde:	2200      	movs	r2, #0
10002de0:	4bbf      	ldr	r3, [pc, #764]	@ (100030e0 <_ftoa+0x358>)
10002de2:	f7ff f839 	bl	10001e58 <__wrap___aeabi_dcmpgt>
10002de6:	2800      	cmp	r0, #0
10002de8:	d000      	beq.n	10002dec <_ftoa+0x64>
10002dea:	e088      	b.n	10002efe <_ftoa+0x176>
10002dec:	981e      	ldr	r0, [sp, #120]	@ 0x78
10002dee:	991f      	ldr	r1, [sp, #124]	@ 0x7c
10002df0:	2200      	movs	r2, #0
10002df2:	4bbc      	ldr	r3, [pc, #752]	@ (100030e4 <_ftoa+0x35c>)
10002df4:	f7ff f822 	bl	10001e3c <__wrap___aeabi_dcmplt>
10002df8:	2800      	cmp	r0, #0
10002dfa:	d000      	beq.n	10002dfe <_ftoa+0x76>
10002dfc:	e07f      	b.n	10002efe <_ftoa+0x176>
10002dfe:	981e      	ldr	r0, [sp, #120]	@ 0x78
10002e00:	991f      	ldr	r1, [sp, #124]	@ 0x7c
10002e02:	2200      	movs	r2, #0
10002e04:	2300      	movs	r3, #0
10002e06:	f7ff f819 	bl	10001e3c <__wrap___aeabi_dcmplt>
10002e0a:	2800      	cmp	r0, #0
10002e0c:	d000      	beq.n	10002e10 <_ftoa+0x88>
10002e0e:	e0fa      	b.n	10003006 <_ftoa+0x27e>
10002e10:	2300      	movs	r3, #0
10002e12:	930b      	str	r3, [sp, #44]	@ 0x2c
10002e14:	2380      	movs	r3, #128	@ 0x80
10002e16:	9c22      	ldr	r4, [sp, #136]	@ 0x88
10002e18:	9a22      	ldr	r2, [sp, #136]	@ 0x88
10002e1a:	00db      	lsls	r3, r3, #3
10002e1c:	401c      	ands	r4, r3
10002e1e:	421a      	tst	r2, r3
10002e20:	d100      	bne.n	10002e24 <_ftoa+0x9c>
10002e22:	e102      	b.n	1000302a <_ftoa+0x2a2>
10002e24:	2d09      	cmp	r5, #9
10002e26:	d800      	bhi.n	10002e2a <_ftoa+0xa2>
10002e28:	e17c      	b.n	10003124 <_ftoa+0x39c>
10002e2a:	a906      	add	r1, sp, #24
10002e2c:	468c      	mov	ip, r1
10002e2e:	002c      	movs	r4, r5
10002e30:	2217      	movs	r2, #23
10002e32:	2300      	movs	r3, #0
10002e34:	2130      	movs	r1, #48	@ 0x30
10002e36:	3c09      	subs	r4, #9
10002e38:	4462      	add	r2, ip
10002e3a:	3301      	adds	r3, #1
10002e3c:	54d1      	strb	r1, [r2, r3]
10002e3e:	1aef      	subs	r7, r5, r3
10002e40:	2b20      	cmp	r3, #32
10002e42:	d100      	bne.n	10002e46 <_ftoa+0xbe>
10002e44:	e132      	b.n	100030ac <_ftoa+0x324>
10002e46:	42a3      	cmp	r3, r4
10002e48:	d1f7      	bne.n	10002e3a <_ftoa+0xb2>
10002e4a:	2200      	movs	r2, #0
10002e4c:	4ba4      	ldr	r3, [pc, #656]	@ (100030e0 <_ftoa+0x358>)
10002e4e:	9206      	str	r2, [sp, #24]
10002e50:	9307      	str	r3, [sp, #28]
10002e52:	981e      	ldr	r0, [sp, #120]	@ 0x78
10002e54:	991f      	ldr	r1, [sp, #124]	@ 0x7c
10002e56:	f7ff f82d 	bl	10001eb4 <__wrap___aeabi_d2iz>
10002e5a:	0005      	movs	r5, r0
10002e5c:	f7ff f812 	bl	10001e84 <__wrap___aeabi_i2d>
10002e60:	0002      	movs	r2, r0
10002e62:	000b      	movs	r3, r1
10002e64:	981e      	ldr	r0, [sp, #120]	@ 0x78
10002e66:	991f      	ldr	r1, [sp, #124]	@ 0x7c
10002e68:	f7fe ff75 	bl	10001d56 <__wrap___aeabi_dsub>
10002e6c:	9a06      	ldr	r2, [sp, #24]
10002e6e:	9b07      	ldr	r3, [sp, #28]
10002e70:	f7fe ffa1 	bl	10001db6 <__wrap___aeabi_dmul>
10002e74:	9008      	str	r0, [sp, #32]
10002e76:	9109      	str	r1, [sp, #36]	@ 0x24
10002e78:	f7ff f840 	bl	10001efc <__wrap___aeabi_d2uiz>
10002e7c:	0006      	movs	r6, r0
10002e7e:	f7fe fffd 	bl	10001e7c <__wrap___aeabi_ui2d>
10002e82:	0002      	movs	r2, r0
10002e84:	000b      	movs	r3, r1
10002e86:	9808      	ldr	r0, [sp, #32]
10002e88:	9909      	ldr	r1, [sp, #36]	@ 0x24
10002e8a:	f7fe ff64 	bl	10001d56 <__wrap___aeabi_dsub>
10002e8e:	2200      	movs	r2, #0
10002e90:	4b95      	ldr	r3, [pc, #596]	@ (100030e8 <_ftoa+0x360>)
10002e92:	9008      	str	r0, [sp, #32]
10002e94:	9109      	str	r1, [sp, #36]	@ 0x24
10002e96:	f7fe ffdf 	bl	10001e58 <__wrap___aeabi_dcmpgt>
10002e9a:	2800      	cmp	r0, #0
10002e9c:	d100      	bne.n	10002ea0 <_ftoa+0x118>
10002e9e:	e0d2      	b.n	10003046 <_ftoa+0x2be>
10002ea0:	3601      	adds	r6, #1
10002ea2:	0030      	movs	r0, r6
10002ea4:	f7fe ffea 	bl	10001e7c <__wrap___aeabi_ui2d>
10002ea8:	9a06      	ldr	r2, [sp, #24]
10002eaa:	9b07      	ldr	r3, [sp, #28]
10002eac:	f7fe ffcc 	bl	10001e48 <__wrap___aeabi_dcmpge>
10002eb0:	2800      	cmp	r0, #0
10002eb2:	d001      	beq.n	10002eb8 <_ftoa+0x130>
10002eb4:	2600      	movs	r6, #0
10002eb6:	3501      	adds	r5, #1
10002eb8:	46aa      	mov	sl, r5
10002eba:	2f00      	cmp	r7, #0
10002ebc:	d000      	beq.n	10002ec0 <_ftoa+0x138>
10002ebe:	e098      	b.n	10002ff2 <_ftoa+0x26a>
10002ec0:	0028      	movs	r0, r5
10002ec2:	f7fe ffdf 	bl	10001e84 <__wrap___aeabi_i2d>
10002ec6:	0002      	movs	r2, r0
10002ec8:	000b      	movs	r3, r1
10002eca:	981e      	ldr	r0, [sp, #120]	@ 0x78
10002ecc:	991f      	ldr	r1, [sp, #124]	@ 0x7c
10002ece:	f7fe ff42 	bl	10001d56 <__wrap___aeabi_dsub>
10002ed2:	4b85      	ldr	r3, [pc, #532]	@ (100030e8 <_ftoa+0x360>)
10002ed4:	2200      	movs	r2, #0
10002ed6:	0006      	movs	r6, r0
10002ed8:	000f      	movs	r7, r1
10002eda:	f7fe ffaf 	bl	10001e3c <__wrap___aeabi_dcmplt>
10002ede:	ab0c      	add	r3, sp, #48	@ 0x30
10002ee0:	469a      	mov	sl, r3
10002ee2:	2800      	cmp	r0, #0
10002ee4:	d145      	bne.n	10002f72 <_ftoa+0x1ea>
10002ee6:	2200      	movs	r2, #0
10002ee8:	0030      	movs	r0, r6
10002eea:	0039      	movs	r1, r7
10002eec:	4b7e      	ldr	r3, [pc, #504]	@ (100030e8 <_ftoa+0x360>)
10002eee:	f7fe ffb3 	bl	10001e58 <__wrap___aeabi_dcmpgt>
10002ef2:	2800      	cmp	r0, #0
10002ef4:	d13d      	bne.n	10002f72 <_ftoa+0x1ea>
10002ef6:	07eb      	lsls	r3, r5, #31
10002ef8:	d53b      	bpl.n	10002f72 <_ftoa+0x1ea>
10002efa:	3501      	adds	r5, #1
10002efc:	e039      	b.n	10002f72 <_ftoa+0x1ea>
10002efe:	9b22      	ldr	r3, [sp, #136]	@ 0x88
10002f00:	4642      	mov	r2, r8
10002f02:	9304      	str	r3, [sp, #16]
10002f04:	9b21      	ldr	r3, [sp, #132]	@ 0x84
10002f06:	4659      	mov	r1, fp
10002f08:	9303      	str	r3, [sp, #12]
10002f0a:	980a      	ldr	r0, [sp, #40]	@ 0x28
10002f0c:	9b1e      	ldr	r3, [sp, #120]	@ 0x78
10002f0e:	9c1f      	ldr	r4, [sp, #124]	@ 0x7c
10002f10:	9502      	str	r5, [sp, #8]
10002f12:	9300      	str	r3, [sp, #0]
10002f14:	9401      	str	r4, [sp, #4]
10002f16:	464b      	mov	r3, r9
10002f18:	f7ff fd04 	bl	10002924 <_etoa>
10002f1c:	b015      	add	sp, #84	@ 0x54
10002f1e:	bcf0      	pop	{r4, r5, r6, r7}
10002f20:	46bb      	mov	fp, r7
10002f22:	46b2      	mov	sl, r6
10002f24:	46a9      	mov	r9, r5
10002f26:	46a0      	mov	r8, r4
10002f28:	bdf0      	pop	{r4, r5, r6, r7, pc}
10002f2a:	9b22      	ldr	r3, [sp, #136]	@ 0x88
10002f2c:	075b      	lsls	r3, r3, #29
10002f2e:	d467      	bmi.n	10003000 <_ftoa+0x278>
10002f30:	2203      	movs	r2, #3
10002f32:	4b6e      	ldr	r3, [pc, #440]	@ (100030ec <_ftoa+0x364>)
10002f34:	9922      	ldr	r1, [sp, #136]	@ 0x88
10002f36:	9201      	str	r2, [sp, #4]
10002f38:	9103      	str	r1, [sp, #12]
10002f3a:	9921      	ldr	r1, [sp, #132]	@ 0x84
10002f3c:	9102      	str	r1, [sp, #8]
10002f3e:	9300      	str	r3, [sp, #0]
10002f40:	4642      	mov	r2, r8
10002f42:	464b      	mov	r3, r9
10002f44:	4659      	mov	r1, fp
10002f46:	980a      	ldr	r0, [sp, #40]	@ 0x28
10002f48:	f7ff fb5e 	bl	10002608 <_out_rev>
10002f4c:	e7e6      	b.n	10002f1c <_ftoa+0x194>
10002f4e:	aa06      	add	r2, sp, #24
10002f50:	4694      	mov	ip, r2
10002f52:	2317      	movs	r3, #23
10002f54:	0028      	movs	r0, r5
10002f56:	4463      	add	r3, ip
10002f58:	210a      	movs	r1, #10
10002f5a:	3401      	adds	r4, #1
10002f5c:	191e      	adds	r6, r3, r4
10002f5e:	f7fe fc97 	bl	10001890 <__wrap___aeabi_idiv>
10002f62:	3130      	adds	r1, #48	@ 0x30
10002f64:	0028      	movs	r0, r5
10002f66:	7031      	strb	r1, [r6, #0]
10002f68:	210a      	movs	r1, #10
10002f6a:	f7fe fc91 	bl	10001890 <__wrap___aeabi_idiv>
10002f6e:	1e05      	subs	r5, r0, #0
10002f70:	d076      	beq.n	10003060 <_ftoa+0x2d8>
10002f72:	2c20      	cmp	r4, #32
10002f74:	d1eb      	bne.n	10002f4e <_ftoa+0x1c6>
10002f76:	2303      	movs	r3, #3
10002f78:	9a22      	ldr	r2, [sp, #136]	@ 0x88
10002f7a:	4013      	ands	r3, r2
10002f7c:	2b01      	cmp	r3, #1
10002f7e:	d11d      	bne.n	10002fbc <_ftoa+0x234>
10002f80:	9b21      	ldr	r3, [sp, #132]	@ 0x84
10002f82:	2b00      	cmp	r3, #0
10002f84:	d01a      	beq.n	10002fbc <_ftoa+0x234>
10002f86:	9b0b      	ldr	r3, [sp, #44]	@ 0x2c
10002f88:	2b00      	cmp	r3, #0
10002f8a:	d000      	beq.n	10002f8e <_ftoa+0x206>
10002f8c:	e0bb      	b.n	10003106 <_ftoa+0x37e>
10002f8e:	9a22      	ldr	r2, [sp, #136]	@ 0x88
10002f90:	330c      	adds	r3, #12
10002f92:	4213      	tst	r3, r2
10002f94:	d000      	beq.n	10002f98 <_ftoa+0x210>
10002f96:	e0b6      	b.n	10003106 <_ftoa+0x37e>
10002f98:	9b21      	ldr	r3, [sp, #132]	@ 0x84
10002f9a:	42a3      	cmp	r3, r4
10002f9c:	d800      	bhi.n	10002fa0 <_ftoa+0x218>
10002f9e:	e087      	b.n	100030b0 <_ftoa+0x328>
10002fa0:	ab06      	add	r3, sp, #24
10002fa2:	469c      	mov	ip, r3
10002fa4:	2217      	movs	r2, #23
10002fa6:	2330      	movs	r3, #48	@ 0x30
10002fa8:	4462      	add	r2, ip
10002faa:	e004      	b.n	10002fb6 <_ftoa+0x22e>
10002fac:	9921      	ldr	r1, [sp, #132]	@ 0x84
10002fae:	3401      	adds	r4, #1
10002fb0:	5513      	strb	r3, [r2, r4]
10002fb2:	428c      	cmp	r4, r1
10002fb4:	d059      	beq.n	1000306a <_ftoa+0x2e2>
10002fb6:	2c20      	cmp	r4, #32
10002fb8:	d1f8      	bne.n	10002fac <_ftoa+0x224>
10002fba:	2420      	movs	r4, #32
10002fbc:	9b22      	ldr	r3, [sp, #136]	@ 0x88
10002fbe:	9401      	str	r4, [sp, #4]
10002fc0:	9303      	str	r3, [sp, #12]
10002fc2:	9b21      	ldr	r3, [sp, #132]	@ 0x84
10002fc4:	9302      	str	r3, [sp, #8]
10002fc6:	4653      	mov	r3, sl
10002fc8:	e7b9      	b.n	10002f3e <_ftoa+0x1b6>
10002fca:	aa06      	add	r2, sp, #24
10002fcc:	4694      	mov	ip, r2
10002fce:	2317      	movs	r3, #23
10002fd0:	210a      	movs	r1, #10
10002fd2:	4463      	add	r3, ip
10002fd4:	0030      	movs	r0, r6
10002fd6:	3401      	adds	r4, #1
10002fd8:	191d      	adds	r5, r3, r4
10002fda:	f7fe fc81 	bl	100018e0 <__wrap___aeabi_uidiv>
10002fde:	3130      	adds	r1, #48	@ 0x30
10002fe0:	7029      	strb	r1, [r5, #0]
10002fe2:	0030      	movs	r0, r6
10002fe4:	210a      	movs	r1, #10
10002fe6:	3f01      	subs	r7, #1
10002fe8:	f7fe fc7a 	bl	100018e0 <__wrap___aeabi_uidiv>
10002fec:	2e09      	cmp	r6, #9
10002fee:	d946      	bls.n	1000307e <_ftoa+0x2f6>
10002ff0:	0006      	movs	r6, r0
10002ff2:	2c20      	cmp	r4, #32
10002ff4:	d1e9      	bne.n	10002fca <_ftoa+0x242>
10002ff6:	4655      	mov	r5, sl
10002ff8:	ab0c      	add	r3, sp, #48	@ 0x30
10002ffa:	2420      	movs	r4, #32
10002ffc:	469a      	mov	sl, r3
10002ffe:	e7b8      	b.n	10002f72 <_ftoa+0x1ea>
10003000:	2204      	movs	r2, #4
10003002:	4b3b      	ldr	r3, [pc, #236]	@ (100030f0 <_ftoa+0x368>)
10003004:	e796      	b.n	10002f34 <_ftoa+0x1ac>
10003006:	9a1e      	ldr	r2, [sp, #120]	@ 0x78
10003008:	9b1f      	ldr	r3, [sp, #124]	@ 0x7c
1000300a:	2000      	movs	r0, #0
1000300c:	2100      	movs	r1, #0
1000300e:	f7fe fea2 	bl	10001d56 <__wrap___aeabi_dsub>
10003012:	2301      	movs	r3, #1
10003014:	930b      	str	r3, [sp, #44]	@ 0x2c
10003016:	2380      	movs	r3, #128	@ 0x80
10003018:	9c22      	ldr	r4, [sp, #136]	@ 0x88
1000301a:	9a22      	ldr	r2, [sp, #136]	@ 0x88
1000301c:	00db      	lsls	r3, r3, #3
1000301e:	901e      	str	r0, [sp, #120]	@ 0x78
10003020:	911f      	str	r1, [sp, #124]	@ 0x7c
10003022:	401c      	ands	r4, r3
10003024:	421a      	tst	r2, r3
10003026:	d000      	beq.n	1000302a <_ftoa+0x2a2>
10003028:	e6fc      	b.n	10002e24 <_ftoa+0x9c>
1000302a:	2200      	movs	r2, #0
1000302c:	4b31      	ldr	r3, [pc, #196]	@ (100030f4 <_ftoa+0x36c>)
1000302e:	2706      	movs	r7, #6
10003030:	9206      	str	r2, [sp, #24]
10003032:	9307      	str	r3, [sp, #28]
10003034:	e70d      	b.n	10002e52 <_ftoa+0xca>
10003036:	9b22      	ldr	r3, [sp, #136]	@ 0x88
10003038:	9303      	str	r3, [sp, #12]
1000303a:	9b21      	ldr	r3, [sp, #132]	@ 0x84
1000303c:	9302      	str	r3, [sp, #8]
1000303e:	2304      	movs	r3, #4
10003040:	9301      	str	r3, [sp, #4]
10003042:	4b2d      	ldr	r3, [pc, #180]	@ (100030f8 <_ftoa+0x370>)
10003044:	e77b      	b.n	10002f3e <_ftoa+0x1b6>
10003046:	2200      	movs	r2, #0
10003048:	9808      	ldr	r0, [sp, #32]
1000304a:	9909      	ldr	r1, [sp, #36]	@ 0x24
1000304c:	4b26      	ldr	r3, [pc, #152]	@ (100030e8 <_ftoa+0x360>)
1000304e:	f7fe fef5 	bl	10001e3c <__wrap___aeabi_dcmplt>
10003052:	2800      	cmp	r0, #0
10003054:	d000      	beq.n	10003058 <_ftoa+0x2d0>
10003056:	e72f      	b.n	10002eb8 <_ftoa+0x130>
10003058:	2e00      	cmp	r6, #0
1000305a:	d14f      	bne.n	100030fc <_ftoa+0x374>
1000305c:	3601      	adds	r6, #1
1000305e:	e72b      	b.n	10002eb8 <_ftoa+0x130>
10003060:	2303      	movs	r3, #3
10003062:	9a22      	ldr	r2, [sp, #136]	@ 0x88
10003064:	4013      	ands	r3, r2
10003066:	2b01      	cmp	r3, #1
10003068:	d066      	beq.n	10003138 <_ftoa+0x3b0>
1000306a:	2c20      	cmp	r4, #32
1000306c:	d0a6      	beq.n	10002fbc <_ftoa+0x234>
1000306e:	9b0b      	ldr	r3, [sp, #44]	@ 0x2c
10003070:	2b00      	cmp	r3, #0
10003072:	d01f      	beq.n	100030b4 <_ftoa+0x32c>
10003074:	232d      	movs	r3, #45	@ 0x2d
10003076:	4652      	mov	r2, sl
10003078:	5513      	strb	r3, [r2, r4]
1000307a:	3401      	adds	r4, #1
1000307c:	e79e      	b.n	10002fbc <_ftoa+0x234>
1000307e:	4655      	mov	r5, sl
10003080:	2c20      	cmp	r4, #32
10003082:	d0b9      	beq.n	10002ff8 <_ftoa+0x270>
10003084:	2330      	movs	r3, #48	@ 0x30
10003086:	193a      	adds	r2, r7, r4
10003088:	2f00      	cmp	r7, #0
1000308a:	d008      	beq.n	1000309e <_ftoa+0x316>
1000308c:	2017      	movs	r0, #23
1000308e:	a906      	add	r1, sp, #24
10003090:	3401      	adds	r4, #1
10003092:	1809      	adds	r1, r1, r0
10003094:	550b      	strb	r3, [r1, r4]
10003096:	2c20      	cmp	r4, #32
10003098:	d0ae      	beq.n	10002ff8 <_ftoa+0x270>
1000309a:	4294      	cmp	r4, r2
1000309c:	d1f6      	bne.n	1000308c <_ftoa+0x304>
1000309e:	ab0c      	add	r3, sp, #48	@ 0x30
100030a0:	469a      	mov	sl, r3
100030a2:	232e      	movs	r3, #46	@ 0x2e
100030a4:	4652      	mov	r2, sl
100030a6:	5513      	strb	r3, [r2, r4]
100030a8:	3401      	adds	r4, #1
100030aa:	e762      	b.n	10002f72 <_ftoa+0x1ea>
100030ac:	2420      	movs	r4, #32
100030ae:	e6cc      	b.n	10002e4a <_ftoa+0xc2>
100030b0:	2c20      	cmp	r4, #32
100030b2:	d083      	beq.n	10002fbc <_ftoa+0x234>
100030b4:	9b22      	ldr	r3, [sp, #136]	@ 0x88
100030b6:	075b      	lsls	r3, r3, #29
100030b8:	d408      	bmi.n	100030cc <_ftoa+0x344>
100030ba:	9b22      	ldr	r3, [sp, #136]	@ 0x88
100030bc:	071b      	lsls	r3, r3, #28
100030be:	d400      	bmi.n	100030c2 <_ftoa+0x33a>
100030c0:	e77c      	b.n	10002fbc <_ftoa+0x234>
100030c2:	2320      	movs	r3, #32
100030c4:	4652      	mov	r2, sl
100030c6:	5513      	strb	r3, [r2, r4]
100030c8:	3401      	adds	r4, #1
100030ca:	e777      	b.n	10002fbc <_ftoa+0x234>
100030cc:	232b      	movs	r3, #43	@ 0x2b
100030ce:	4652      	mov	r2, sl
100030d0:	5513      	strb	r3, [r2, r4]
100030d2:	3401      	adds	r4, #1
100030d4:	e772      	b.n	10002fbc <_ftoa+0x234>
100030d6:	46c0      	nop			@ (mov r8, r8)
100030d8:	ffefffff 	.word	0xffefffff
100030dc:	7fefffff 	.word	0x7fefffff
100030e0:	41cdcd65 	.word	0x41cdcd65
100030e4:	c1cdcd65 	.word	0xc1cdcd65
100030e8:	3fe00000 	.word	0x3fe00000
100030ec:	10006a14 	.word	0x10006a14
100030f0:	10006a0c 	.word	0x10006a0c
100030f4:	412e8480 	.word	0x412e8480
100030f8:	10006a1c 	.word	0x10006a1c
100030fc:	07f3      	lsls	r3, r6, #31
100030fe:	d400      	bmi.n	10003102 <_ftoa+0x37a>
10003100:	e6da      	b.n	10002eb8 <_ftoa+0x130>
10003102:	3601      	adds	r6, #1
10003104:	e6d8      	b.n	10002eb8 <_ftoa+0x130>
10003106:	9b21      	ldr	r3, [sp, #132]	@ 0x84
10003108:	3b01      	subs	r3, #1
1000310a:	9321      	str	r3, [sp, #132]	@ 0x84
1000310c:	42a3      	cmp	r3, r4
1000310e:	d900      	bls.n	10003112 <_ftoa+0x38a>
10003110:	e746      	b.n	10002fa0 <_ftoa+0x218>
10003112:	e7aa      	b.n	1000306a <_ftoa+0x2e2>
10003114:	9b22      	ldr	r3, [sp, #136]	@ 0x88
10003116:	9303      	str	r3, [sp, #12]
10003118:	9b21      	ldr	r3, [sp, #132]	@ 0x84
1000311a:	9302      	str	r3, [sp, #8]
1000311c:	2303      	movs	r3, #3
1000311e:	9301      	str	r3, [sp, #4]
10003120:	4b07      	ldr	r3, [pc, #28]	@ (10003140 <_ftoa+0x3b8>)
10003122:	e70c      	b.n	10002f3e <_ftoa+0x1b6>
10003124:	4b07      	ldr	r3, [pc, #28]	@ (10003144 <_ftoa+0x3bc>)
10003126:	00ea      	lsls	r2, r5, #3
10003128:	189b      	adds	r3, r3, r2
1000312a:	685c      	ldr	r4, [r3, #4]
1000312c:	681b      	ldr	r3, [r3, #0]
1000312e:	002f      	movs	r7, r5
10003130:	9306      	str	r3, [sp, #24]
10003132:	9407      	str	r4, [sp, #28]
10003134:	2400      	movs	r4, #0
10003136:	e68c      	b.n	10002e52 <_ftoa+0xca>
10003138:	9b21      	ldr	r3, [sp, #132]	@ 0x84
1000313a:	2b00      	cmp	r3, #0
1000313c:	d095      	beq.n	1000306a <_ftoa+0x2e2>
1000313e:	e722      	b.n	10002f86 <_ftoa+0x1fe>
10003140:	10006a18 	.word	0x10006a18
10003144:	10006cb0 	.word	0x10006cb0

10003148 <_vsnprintf>:
10003148:	b5f0      	push	{r4, r5, r6, r7, lr}
1000314a:	4657      	mov	r7, sl
1000314c:	46de      	mov	lr, fp
1000314e:	464e      	mov	r6, r9
10003150:	4645      	mov	r5, r8
10003152:	b5e0      	push	{r5, r6, r7, lr}
10003154:	b0a5      	sub	sp, #148	@ 0x94
10003156:	001f      	movs	r7, r3
10003158:	9b2e      	ldr	r3, [sp, #184]	@ 0xb8
1000315a:	4691      	mov	r9, r2
1000315c:	930d      	str	r3, [sp, #52]	@ 0x34
1000315e:	4aca      	ldr	r2, [pc, #808]	@ (10003488 <_vsnprintf+0x340>)
10003160:	4bca      	ldr	r3, [pc, #808]	@ (1000348c <_vsnprintf+0x344>)
10003162:	4682      	mov	sl, r0
10003164:	468b      	mov	fp, r1
10003166:	601a      	str	r2, [r3, #0]
10003168:	2900      	cmp	r1, #0
1000316a:	d100      	bne.n	1000316e <_vsnprintf+0x26>
1000316c:	e229      	b.n	100035c2 <_vsnprintf+0x47a>
1000316e:	2300      	movs	r3, #0
10003170:	7838      	ldrb	r0, [r7, #0]
10003172:	4698      	mov	r8, r3
10003174:	2800      	cmp	r0, #0
10003176:	d100      	bne.n	1000317a <_vsnprintf+0x32>
10003178:	e22b      	b.n	100035d2 <_vsnprintf+0x48a>
1000317a:	4bc5      	ldr	r3, [pc, #788]	@ (10003490 <_vsnprintf+0x348>)
1000317c:	4644      	mov	r4, r8
1000317e:	930c      	str	r3, [sp, #48]	@ 0x30
10003180:	4bc4      	ldr	r3, [pc, #784]	@ (10003494 <_vsnprintf+0x34c>)
10003182:	4655      	mov	r5, sl
10003184:	464e      	mov	r6, r9
10003186:	930e      	str	r3, [sp, #56]	@ 0x38
10003188:	e00a      	b.n	100031a0 <_vsnprintf+0x58>
1000318a:	1c63      	adds	r3, r4, #1
1000318c:	4698      	mov	r8, r3
1000318e:	0022      	movs	r2, r4
10003190:	0033      	movs	r3, r6
10003192:	4659      	mov	r1, fp
10003194:	47a8      	blx	r5
10003196:	4644      	mov	r4, r8
10003198:	7838      	ldrb	r0, [r7, #0]
1000319a:	2800      	cmp	r0, #0
1000319c:	d100      	bne.n	100031a0 <_vsnprintf+0x58>
1000319e:	e087      	b.n	100032b0 <_vsnprintf+0x168>
100031a0:	3701      	adds	r7, #1
100031a2:	2825      	cmp	r0, #37	@ 0x25
100031a4:	d1f1      	bne.n	1000318a <_vsnprintf+0x42>
100031a6:	2308      	movs	r3, #8
100031a8:	469a      	mov	sl, r3
100031aa:	3b04      	subs	r3, #4
100031ac:	4699      	mov	r9, r3
100031ae:	3b02      	subs	r3, #2
100031b0:	4698      	mov	r8, r3
100031b2:	3b01      	subs	r3, #1
100031b4:	2200      	movs	r2, #0
100031b6:	469c      	mov	ip, r3
100031b8:	940b      	str	r4, [sp, #44]	@ 0x2c
100031ba:	7838      	ldrb	r0, [r7, #0]
100031bc:	1c79      	adds	r1, r7, #1
100031be:	0003      	movs	r3, r0
100031c0:	3b20      	subs	r3, #32
100031c2:	b2db      	uxtb	r3, r3
100031c4:	2b10      	cmp	r3, #16
100031c6:	d803      	bhi.n	100031d0 <_vsnprintf+0x88>
100031c8:	9c0c      	ldr	r4, [sp, #48]	@ 0x30
100031ca:	009b      	lsls	r3, r3, #2
100031cc:	58e3      	ldr	r3, [r4, r3]
100031ce:	469f      	mov	pc, r3
100031d0:	0003      	movs	r3, r0
100031d2:	3b30      	subs	r3, #48	@ 0x30
100031d4:	9c0b      	ldr	r4, [sp, #44]	@ 0x2c
100031d6:	920b      	str	r2, [sp, #44]	@ 0x2c
100031d8:	2b09      	cmp	r3, #9
100031da:	d93a      	bls.n	10003252 <_vsnprintf+0x10a>
100031dc:	2300      	movs	r3, #0
100031de:	4698      	mov	r8, r3
100031e0:	282a      	cmp	r0, #42	@ 0x2a
100031e2:	d100      	bne.n	100031e6 <_vsnprintf+0x9e>
100031e4:	e0dd      	b.n	100033a2 <_vsnprintf+0x25a>
100031e6:	2300      	movs	r3, #0
100031e8:	469a      	mov	sl, r3
100031ea:	282e      	cmp	r0, #46	@ 0x2e
100031ec:	d04b      	beq.n	10003286 <_vsnprintf+0x13e>
100031ee:	0003      	movs	r3, r0
100031f0:	3b68      	subs	r3, #104	@ 0x68
100031f2:	b2db      	uxtb	r3, r3
100031f4:	2b12      	cmp	r3, #18
100031f6:	d81e      	bhi.n	10003236 <_vsnprintf+0xee>
100031f8:	9a0e      	ldr	r2, [sp, #56]	@ 0x38
100031fa:	009b      	lsls	r3, r3, #2
100031fc:	58d3      	ldr	r3, [r2, r3]
100031fe:	469f      	mov	pc, r3
10003200:	4663      	mov	r3, ip
10003202:	000f      	movs	r7, r1
10003204:	431a      	orrs	r2, r3
10003206:	e7d8      	b.n	100031ba <_vsnprintf+0x72>
10003208:	4643      	mov	r3, r8
1000320a:	000f      	movs	r7, r1
1000320c:	431a      	orrs	r2, r3
1000320e:	e7d4      	b.n	100031ba <_vsnprintf+0x72>
10003210:	464b      	mov	r3, r9
10003212:	000f      	movs	r7, r1
10003214:	431a      	orrs	r2, r3
10003216:	e7d0      	b.n	100031ba <_vsnprintf+0x72>
10003218:	2310      	movs	r3, #16
1000321a:	000f      	movs	r7, r1
1000321c:	431a      	orrs	r2, r3
1000321e:	e7cc      	b.n	100031ba <_vsnprintf+0x72>
10003220:	4653      	mov	r3, sl
10003222:	000f      	movs	r7, r1
10003224:	431a      	orrs	r2, r3
10003226:	e7c8      	b.n	100031ba <_vsnprintf+0x72>
10003228:	2380      	movs	r3, #128	@ 0x80
1000322a:	005b      	lsls	r3, r3, #1
1000322c:	9a0b      	ldr	r2, [sp, #44]	@ 0x2c
1000322e:	7878      	ldrb	r0, [r7, #1]
10003230:	431a      	orrs	r2, r3
10003232:	920b      	str	r2, [sp, #44]	@ 0x2c
10003234:	3101      	adds	r1, #1
10003236:	000f      	movs	r7, r1
10003238:	2867      	cmp	r0, #103	@ 0x67
1000323a:	d84f      	bhi.n	100032dc <_vsnprintf+0x194>
1000323c:	2824      	cmp	r0, #36	@ 0x24
1000323e:	d9a4      	bls.n	1000318a <_vsnprintf+0x42>
10003240:	0003      	movs	r3, r0
10003242:	3b25      	subs	r3, #37	@ 0x25
10003244:	b2db      	uxtb	r3, r3
10003246:	2b42      	cmp	r3, #66	@ 0x42
10003248:	d89f      	bhi.n	1000318a <_vsnprintf+0x42>
1000324a:	4993      	ldr	r1, [pc, #588]	@ (10003498 <_vsnprintf+0x350>)
1000324c:	009b      	lsls	r3, r3, #2
1000324e:	58cb      	ldr	r3, [r1, r3]
10003250:	469f      	mov	pc, r3
10003252:	2300      	movs	r3, #0
10003254:	4698      	mov	r8, r3
10003256:	9b0b      	ldr	r3, [sp, #44]	@ 0x2c
10003258:	4647      	mov	r7, r8
1000325a:	469c      	mov	ip, r3
1000325c:	e000      	b.n	10003260 <_vsnprintf+0x118>
1000325e:	3101      	adds	r1, #1
10003260:	00bb      	lsls	r3, r7, #2
10003262:	19db      	adds	r3, r3, r7
10003264:	005b      	lsls	r3, r3, #1
10003266:	181f      	adds	r7, r3, r0
10003268:	7808      	ldrb	r0, [r1, #0]
1000326a:	3f30      	subs	r7, #48	@ 0x30
1000326c:	0003      	movs	r3, r0
1000326e:	3b30      	subs	r3, #48	@ 0x30
10003270:	2b09      	cmp	r3, #9
10003272:	d9f4      	bls.n	1000325e <_vsnprintf+0x116>
10003274:	4663      	mov	r3, ip
10003276:	930b      	str	r3, [sp, #44]	@ 0x2c
10003278:	2300      	movs	r3, #0
1000327a:	46b8      	mov	r8, r7
1000327c:	469a      	mov	sl, r3
1000327e:	000f      	movs	r7, r1
10003280:	3101      	adds	r1, #1
10003282:	282e      	cmp	r0, #46	@ 0x2e
10003284:	d1b3      	bne.n	100031ee <_vsnprintf+0xa6>
10003286:	2080      	movs	r0, #128	@ 0x80
10003288:	9a0b      	ldr	r2, [sp, #44]	@ 0x2c
1000328a:	00c0      	lsls	r0, r0, #3
1000328c:	4302      	orrs	r2, r0
1000328e:	920b      	str	r2, [sp, #44]	@ 0x2c
10003290:	2230      	movs	r2, #48	@ 0x30
10003292:	4252      	negs	r2, r2
10003294:	4694      	mov	ip, r2
10003296:	7878      	ldrb	r0, [r7, #1]
10003298:	000b      	movs	r3, r1
1000329a:	4484      	add	ip, r0
1000329c:	4662      	mov	r2, ip
1000329e:	2a09      	cmp	r2, #9
100032a0:	d800      	bhi.n	100032a4 <_vsnprintf+0x15c>
100032a2:	e1aa      	b.n	100035fa <_vsnprintf+0x4b2>
100032a4:	282a      	cmp	r0, #42	@ 0x2a
100032a6:	d100      	bne.n	100032aa <_vsnprintf+0x162>
100032a8:	e1b9      	b.n	1000361e <_vsnprintf+0x4d6>
100032aa:	000f      	movs	r7, r1
100032ac:	3101      	adds	r1, #1
100032ae:	e79e      	b.n	100031ee <_vsnprintf+0xa6>
100032b0:	46a0      	mov	r8, r4
100032b2:	46aa      	mov	sl, r5
100032b4:	46b1      	mov	r9, r6
100032b6:	45c8      	cmp	r8, r9
100032b8:	d303      	bcc.n	100032c2 <_vsnprintf+0x17a>
100032ba:	2301      	movs	r3, #1
100032bc:	425b      	negs	r3, r3
100032be:	444b      	add	r3, r9
100032c0:	4698      	mov	r8, r3
100032c2:	464b      	mov	r3, r9
100032c4:	4642      	mov	r2, r8
100032c6:	4659      	mov	r1, fp
100032c8:	2000      	movs	r0, #0
100032ca:	47d0      	blx	sl
100032cc:	0020      	movs	r0, r4
100032ce:	b025      	add	sp, #148	@ 0x94
100032d0:	bcf0      	pop	{r4, r5, r6, r7}
100032d2:	46bb      	mov	fp, r7
100032d4:	46b2      	mov	sl, r6
100032d6:	46a9      	mov	r9, r5
100032d8:	46a0      	mov	r8, r4
100032da:	bdf0      	pop	{r4, r5, r6, r7, pc}
100032dc:	0001      	movs	r1, r0
100032de:	3969      	subs	r1, #105	@ 0x69
100032e0:	b2c9      	uxtb	r1, r1
100032e2:	290f      	cmp	r1, #15
100032e4:	d900      	bls.n	100032e8 <_vsnprintf+0x1a0>
100032e6:	e750      	b.n	1000318a <_vsnprintf+0x42>
100032e8:	2301      	movs	r3, #1
100032ea:	408b      	lsls	r3, r1
100032ec:	469c      	mov	ip, r3
100032ee:	4b6b      	ldr	r3, [pc, #428]	@ (1000349c <_vsnprintf+0x354>)
100032f0:	4699      	mov	r9, r3
100032f2:	4663      	mov	r3, ip
100032f4:	464a      	mov	r2, r9
100032f6:	4013      	ands	r3, r2
100032f8:	930f      	str	r3, [sp, #60]	@ 0x3c
100032fa:	4662      	mov	r2, ip
100032fc:	464b      	mov	r3, r9
100032fe:	421a      	tst	r2, r3
10003300:	d000      	beq.n	10003304 <_vsnprintf+0x1bc>
10003302:	e168      	b.n	100035d6 <_vsnprintf+0x48e>
10003304:	290a      	cmp	r1, #10
10003306:	d056      	beq.n	100033b6 <_vsnprintf+0x26e>
10003308:	2907      	cmp	r1, #7
1000330a:	d000      	beq.n	1000330e <_vsnprintf+0x1c6>
1000330c:	e73d      	b.n	1000318a <_vsnprintf+0x42>
1000330e:	9b0d      	ldr	r3, [sp, #52]	@ 0x34
10003310:	cb02      	ldmia	r3!, {r1}
10003312:	4698      	mov	r8, r3
10003314:	2900      	cmp	r1, #0
10003316:	d000      	beq.n	1000331a <_vsnprintf+0x1d2>
10003318:	e192      	b.n	10003640 <_vsnprintf+0x4f8>
1000331a:	9b0b      	ldr	r3, [sp, #44]	@ 0x2c
1000331c:	2110      	movs	r1, #16
1000331e:	001a      	movs	r2, r3
10003320:	438a      	bics	r2, r1
10003322:	0010      	movs	r0, r2
10003324:	3111      	adds	r1, #17
10003326:	4308      	orrs	r0, r1
10003328:	4681      	mov	r9, r0
1000332a:	2080      	movs	r0, #128	@ 0x80
1000332c:	001a      	movs	r2, r3
1000332e:	00c0      	lsls	r0, r0, #3
10003330:	4002      	ands	r2, r0
10003332:	0011      	movs	r1, r2
10003334:	4203      	tst	r3, r0
10003336:	d11c      	bne.n	10003372 <_vsnprintf+0x22a>
10003338:	ab14      	add	r3, sp, #80	@ 0x50
1000333a:	469c      	mov	ip, r3
1000333c:	221f      	movs	r2, #31
1000333e:	230f      	movs	r3, #15
10003340:	4462      	add	r2, ip
10003342:	950d      	str	r5, [sp, #52]	@ 0x34
10003344:	469c      	mov	ip, r3
10003346:	0015      	movs	r5, r2
10003348:	9b0f      	ldr	r3, [sp, #60]	@ 0x3c
1000334a:	940b      	str	r4, [sp, #44]	@ 0x2c
1000334c:	e002      	b.n	10003354 <_vsnprintf+0x20c>
1000334e:	2b20      	cmp	r3, #32
10003350:	d00c      	beq.n	1000336c <_vsnprintf+0x224>
10003352:	0011      	movs	r1, r2
10003354:	4664      	mov	r4, ip
10003356:	400c      	ands	r4, r1
10003358:	0020      	movs	r0, r4
1000335a:	3037      	adds	r0, #55	@ 0x37
1000335c:	2c09      	cmp	r4, #9
1000335e:	d800      	bhi.n	10003362 <_vsnprintf+0x21a>
10003360:	3807      	subs	r0, #7
10003362:	3301      	adds	r3, #1
10003364:	54e8      	strb	r0, [r5, r3]
10003366:	090a      	lsrs	r2, r1, #4
10003368:	290f      	cmp	r1, #15
1000336a:	d8f0      	bhi.n	1000334e <_vsnprintf+0x206>
1000336c:	9c0b      	ldr	r4, [sp, #44]	@ 0x2c
1000336e:	9d0d      	ldr	r5, [sp, #52]	@ 0x34
10003370:	930f      	str	r3, [sp, #60]	@ 0x3c
10003372:	464b      	mov	r3, r9
10003374:	2208      	movs	r2, #8
10003376:	9306      	str	r3, [sp, #24]
10003378:	4653      	mov	r3, sl
1000337a:	9205      	str	r2, [sp, #20]
1000337c:	3208      	adds	r2, #8
1000337e:	9203      	str	r2, [sp, #12]
10003380:	2200      	movs	r2, #0
10003382:	9304      	str	r3, [sp, #16]
10003384:	9b0f      	ldr	r3, [sp, #60]	@ 0x3c
10003386:	9202      	str	r2, [sp, #8]
10003388:	9301      	str	r3, [sp, #4]
1000338a:	ab1c      	add	r3, sp, #112	@ 0x70
1000338c:	0022      	movs	r2, r4
1000338e:	9300      	str	r3, [sp, #0]
10003390:	4659      	mov	r1, fp
10003392:	0033      	movs	r3, r6
10003394:	0028      	movs	r0, r5
10003396:	f7ff f98d 	bl	100026b4 <_ntoa_format>
1000339a:	4643      	mov	r3, r8
1000339c:	0004      	movs	r4, r0
1000339e:	930d      	str	r3, [sp, #52]	@ 0x34
100033a0:	e6fa      	b.n	10003198 <_vsnprintf+0x50>
100033a2:	9b0d      	ldr	r3, [sp, #52]	@ 0x34
100033a4:	cb04      	ldmia	r3!, {r2}
100033a6:	4690      	mov	r8, r2
100033a8:	2a00      	cmp	r2, #0
100033aa:	db79      	blt.n	100034a0 <_vsnprintf+0x358>
100033ac:	7878      	ldrb	r0, [r7, #1]
100033ae:	930d      	str	r3, [sp, #52]	@ 0x34
100033b0:	000f      	movs	r7, r1
100033b2:	3101      	adds	r1, #1
100033b4:	e717      	b.n	100031e6 <_vsnprintf+0x9e>
100033b6:	9b0d      	ldr	r3, [sp, #52]	@ 0x34
100033b8:	cb02      	ldmia	r3!, {r1}
100033ba:	9314      	str	r3, [sp, #80]	@ 0x50
100033bc:	780b      	ldrb	r3, [r1, #0]
100033be:	469c      	mov	ip, r3
100033c0:	0018      	movs	r0, r3
100033c2:	4653      	mov	r3, sl
100033c4:	2b00      	cmp	r3, #0
100033c6:	d100      	bne.n	100033ca <_vsnprintf+0x282>
100033c8:	e134      	b.n	10003634 <_vsnprintf+0x4ec>
100033ca:	2800      	cmp	r0, #0
100033cc:	d015      	beq.n	100033fa <_vsnprintf+0x2b2>
100033ce:	4653      	mov	r3, sl
100033d0:	3b01      	subs	r3, #1
100033d2:	3301      	adds	r3, #1
100033d4:	4699      	mov	r9, r3
100033d6:	940d      	str	r4, [sp, #52]	@ 0x34
100033d8:	9c0b      	ldr	r4, [sp, #44]	@ 0x2c
100033da:	4489      	add	r9, r1
100033dc:	464a      	mov	r2, r9
100033de:	000b      	movs	r3, r1
100033e0:	46a1      	mov	r9, r4
100033e2:	e001      	b.n	100033e8 <_vsnprintf+0x2a0>
100033e4:	4293      	cmp	r3, r2
100033e6:	d003      	beq.n	100033f0 <_vsnprintf+0x2a8>
100033e8:	785c      	ldrb	r4, [r3, #1]
100033ea:	3301      	adds	r3, #1
100033ec:	2c00      	cmp	r4, #0
100033ee:	d1f9      	bne.n	100033e4 <_vsnprintf+0x29c>
100033f0:	464a      	mov	r2, r9
100033f2:	1a5b      	subs	r3, r3, r1
100033f4:	9c0d      	ldr	r4, [sp, #52]	@ 0x34
100033f6:	920b      	str	r2, [sp, #44]	@ 0x2c
100033f8:	930f      	str	r3, [sp, #60]	@ 0x3c
100033fa:	2380      	movs	r3, #128	@ 0x80
100033fc:	00db      	lsls	r3, r3, #3
100033fe:	4699      	mov	r9, r3
10003400:	9a0b      	ldr	r2, [sp, #44]	@ 0x2c
10003402:	4013      	ands	r3, r2
10003404:	930d      	str	r3, [sp, #52]	@ 0x34
10003406:	464b      	mov	r3, r9
10003408:	421a      	tst	r2, r3
1000340a:	d004      	beq.n	10003416 <_vsnprintf+0x2ce>
1000340c:	9b0f      	ldr	r3, [sp, #60]	@ 0x3c
1000340e:	4553      	cmp	r3, sl
10003410:	d901      	bls.n	10003416 <_vsnprintf+0x2ce>
10003412:	4653      	mov	r3, sl
10003414:	930f      	str	r3, [sp, #60]	@ 0x3c
10003416:	2302      	movs	r3, #2
10003418:	4699      	mov	r9, r3
1000341a:	9a0b      	ldr	r2, [sp, #44]	@ 0x2c
1000341c:	4013      	ands	r3, r2
1000341e:	930b      	str	r3, [sp, #44]	@ 0x2c
10003420:	464b      	mov	r3, r9
10003422:	4213      	tst	r3, r2
10003424:	d100      	bne.n	10003428 <_vsnprintf+0x2e0>
10003426:	e1f5      	b.n	10003814 <_vsnprintf+0x6cc>
10003428:	4663      	mov	r3, ip
1000342a:	2b00      	cmp	r3, #0
1000342c:	d100      	bne.n	10003430 <_vsnprintf+0x2e8>
1000342e:	e1d6      	b.n	100037de <_vsnprintf+0x696>
10003430:	9b0d      	ldr	r3, [sp, #52]	@ 0x34
10003432:	2b00      	cmp	r3, #0
10003434:	d100      	bne.n	10003438 <_vsnprintf+0x2f0>
10003436:	e182      	b.n	1000373e <_vsnprintf+0x5f6>
10003438:	1b0b      	subs	r3, r1, r4
1000343a:	46d1      	mov	r9, sl
1000343c:	0031      	movs	r1, r6
1000343e:	469a      	mov	sl, r3
10003440:	003b      	movs	r3, r7
10003442:	44a1      	add	r9, r4
10003444:	002e      	movs	r6, r5
10003446:	465f      	mov	r7, fp
10003448:	464d      	mov	r5, r9
1000344a:	0022      	movs	r2, r4
1000344c:	469b      	mov	fp, r3
1000344e:	4689      	mov	r9, r1
10003450:	e009      	b.n	10003466 <_vsnprintf+0x31e>
10003452:	464b      	mov	r3, r9
10003454:	0039      	movs	r1, r7
10003456:	1c54      	adds	r4, r2, #1
10003458:	47b0      	blx	r6
1000345a:	4653      	mov	r3, sl
1000345c:	5d18      	ldrb	r0, [r3, r4]
1000345e:	2800      	cmp	r0, #0
10003460:	d100      	bne.n	10003464 <_vsnprintf+0x31c>
10003462:	e192      	b.n	1000378a <_vsnprintf+0x642>
10003464:	0022      	movs	r2, r4
10003466:	4295      	cmp	r5, r2
10003468:	d1f3      	bne.n	10003452 <_vsnprintf+0x30a>
1000346a:	464b      	mov	r3, r9
1000346c:	465a      	mov	r2, fp
1000346e:	46a9      	mov	r9, r5
10003470:	46bb      	mov	fp, r7
10003472:	0035      	movs	r5, r6
10003474:	0017      	movs	r7, r2
10003476:	001e      	movs	r6, r3
10003478:	464c      	mov	r4, r9
1000347a:	9b0b      	ldr	r3, [sp, #44]	@ 0x2c
1000347c:	2b00      	cmp	r3, #0
1000347e:	d000      	beq.n	10003482 <_vsnprintf+0x33a>
10003480:	e1ad      	b.n	100037de <_vsnprintf+0x696>
10003482:	9b14      	ldr	r3, [sp, #80]	@ 0x50
10003484:	930d      	str	r3, [sp, #52]	@ 0x34
10003486:	e687      	b.n	10003198 <_vsnprintf+0x50>
10003488:	10003149 	.word	0x10003149
1000348c:	2000205c 	.word	0x2000205c
10003490:	10006b14 	.word	0x10006b14
10003494:	10006b58 	.word	0x10006b58
10003498:	10006ba4 	.word	0x10006ba4
1000349c:	00009041 	.word	0x00009041
100034a0:	9a0b      	ldr	r2, [sp, #44]	@ 0x2c
100034a2:	3828      	subs	r0, #40	@ 0x28
100034a4:	4302      	orrs	r2, r0
100034a6:	920b      	str	r2, [sp, #44]	@ 0x2c
100034a8:	4642      	mov	r2, r8
100034aa:	4252      	negs	r2, r2
100034ac:	7878      	ldrb	r0, [r7, #1]
100034ae:	4690      	mov	r8, r2
100034b0:	000f      	movs	r7, r1
100034b2:	930d      	str	r3, [sp, #52]	@ 0x34
100034b4:	3101      	adds	r1, #1
100034b6:	e696      	b.n	100031e6 <_vsnprintf+0x9e>
100034b8:	7878      	ldrb	r0, [r7, #1]
100034ba:	286c      	cmp	r0, #108	@ 0x6c
100034bc:	d100      	bne.n	100034c0 <_vsnprintf+0x378>
100034be:	e15d      	b.n	1000377c <_vsnprintf+0x634>
100034c0:	2380      	movs	r3, #128	@ 0x80
100034c2:	9a0b      	ldr	r2, [sp, #44]	@ 0x2c
100034c4:	005b      	lsls	r3, r3, #1
100034c6:	431a      	orrs	r2, r3
100034c8:	920b      	str	r2, [sp, #44]	@ 0x2c
100034ca:	3101      	adds	r1, #1
100034cc:	e6b3      	b.n	10003236 <_vsnprintf+0xee>
100034ce:	2380      	movs	r3, #128	@ 0x80
100034d0:	009b      	lsls	r3, r3, #2
100034d2:	e6ab      	b.n	1000322c <_vsnprintf+0xe4>
100034d4:	7878      	ldrb	r0, [r7, #1]
100034d6:	2868      	cmp	r0, #104	@ 0x68
100034d8:	d100      	bne.n	100034dc <_vsnprintf+0x394>
100034da:	e148      	b.n	1000376e <_vsnprintf+0x626>
100034dc:	2380      	movs	r3, #128	@ 0x80
100034de:	9a0b      	ldr	r2, [sp, #44]	@ 0x2c
100034e0:	3101      	adds	r1, #1
100034e2:	431a      	orrs	r2, r3
100034e4:	920b      	str	r2, [sp, #44]	@ 0x2c
100034e6:	e6a6      	b.n	10003236 <_vsnprintf+0xee>
100034e8:	2867      	cmp	r0, #103	@ 0x67
100034ea:	d100      	bne.n	100034ee <_vsnprintf+0x3a6>
100034ec:	e0b2      	b.n	10003654 <_vsnprintf+0x50c>
100034ee:	2847      	cmp	r0, #71	@ 0x47
100034f0:	d100      	bne.n	100034f4 <_vsnprintf+0x3ac>
100034f2:	e11a      	b.n	1000372a <_vsnprintf+0x5e2>
100034f4:	2845      	cmp	r0, #69	@ 0x45
100034f6:	d100      	bne.n	100034fa <_vsnprintf+0x3b2>
100034f8:	e11c      	b.n	10003734 <_vsnprintf+0x5ec>
100034fa:	9a0b      	ldr	r2, [sp, #44]	@ 0x2c
100034fc:	2107      	movs	r1, #7
100034fe:	9204      	str	r2, [sp, #16]
10003500:	4642      	mov	r2, r8
10003502:	9b0d      	ldr	r3, [sp, #52]	@ 0x34
10003504:	9203      	str	r2, [sp, #12]
10003506:	3307      	adds	r3, #7
10003508:	4652      	mov	r2, sl
1000350a:	438b      	bics	r3, r1
1000350c:	0019      	movs	r1, r3
1000350e:	9202      	str	r2, [sp, #8]
10003510:	c90c      	ldmia	r1!, {r2, r3}
10003512:	0028      	movs	r0, r5
10003514:	9200      	str	r2, [sp, #0]
10003516:	9301      	str	r3, [sp, #4]
10003518:	910d      	str	r1, [sp, #52]	@ 0x34
1000351a:	0022      	movs	r2, r4
1000351c:	0033      	movs	r3, r6
1000351e:	4659      	mov	r1, fp
10003520:	f7ff fa00 	bl	10002924 <_etoa>
10003524:	0004      	movs	r4, r0
10003526:	e637      	b.n	10003198 <_vsnprintf+0x50>
10003528:	2846      	cmp	r0, #70	@ 0x46
1000352a:	d100      	bne.n	1000352e <_vsnprintf+0x3e6>
1000352c:	e08d      	b.n	1000364a <_vsnprintf+0x502>
1000352e:	9a0b      	ldr	r2, [sp, #44]	@ 0x2c
10003530:	2107      	movs	r1, #7
10003532:	9204      	str	r2, [sp, #16]
10003534:	4642      	mov	r2, r8
10003536:	9b0d      	ldr	r3, [sp, #52]	@ 0x34
10003538:	9203      	str	r2, [sp, #12]
1000353a:	3307      	adds	r3, #7
1000353c:	4652      	mov	r2, sl
1000353e:	438b      	bics	r3, r1
10003540:	0019      	movs	r1, r3
10003542:	9202      	str	r2, [sp, #8]
10003544:	c90c      	ldmia	r1!, {r2, r3}
10003546:	0028      	movs	r0, r5
10003548:	9200      	str	r2, [sp, #0]
1000354a:	9301      	str	r3, [sp, #4]
1000354c:	910d      	str	r1, [sp, #52]	@ 0x34
1000354e:	0022      	movs	r2, r4
10003550:	0033      	movs	r3, r6
10003552:	4659      	mov	r1, fp
10003554:	f7ff fc18 	bl	10002d88 <_ftoa>
10003558:	0004      	movs	r4, r0
1000355a:	e61d      	b.n	10003198 <_vsnprintf+0x50>
1000355c:	1c63      	adds	r3, r4, #1
1000355e:	4698      	mov	r8, r3
10003560:	0022      	movs	r2, r4
10003562:	0033      	movs	r3, r6
10003564:	4659      	mov	r1, fp
10003566:	2025      	movs	r0, #37	@ 0x25
10003568:	47a8      	blx	r5
1000356a:	4644      	mov	r4, r8
1000356c:	e614      	b.n	10003198 <_vsnprintf+0x50>
1000356e:	9b0d      	ldr	r3, [sp, #52]	@ 0x34
10003570:	3304      	adds	r3, #4
10003572:	930f      	str	r3, [sp, #60]	@ 0x3c
10003574:	1c63      	adds	r3, r4, #1
10003576:	4699      	mov	r9, r3
10003578:	9b0b      	ldr	r3, [sp, #44]	@ 0x2c
1000357a:	079a      	lsls	r2, r3, #30
1000357c:	d400      	bmi.n	10003580 <_vsnprintf+0x438>
1000357e:	e10a      	b.n	10003796 <_vsnprintf+0x64e>
10003580:	9b0d      	ldr	r3, [sp, #52]	@ 0x34
10003582:	0022      	movs	r2, r4
10003584:	7818      	ldrb	r0, [r3, #0]
10003586:	4659      	mov	r1, fp
10003588:	0033      	movs	r3, r6
1000358a:	47a8      	blx	r5
1000358c:	4643      	mov	r3, r8
1000358e:	4444      	add	r4, r8
10003590:	2b01      	cmp	r3, #1
10003592:	d800      	bhi.n	10003596 <_vsnprintf+0x44e>
10003594:	e16f      	b.n	10003876 <_vsnprintf+0x72e>
10003596:	46b0      	mov	r8, r6
10003598:	002e      	movs	r6, r5
1000359a:	0025      	movs	r5, r4
1000359c:	464c      	mov	r4, r9
1000359e:	46b9      	mov	r9, r7
100035a0:	465f      	mov	r7, fp
100035a2:	0022      	movs	r2, r4
100035a4:	4643      	mov	r3, r8
100035a6:	3401      	adds	r4, #1
100035a8:	0039      	movs	r1, r7
100035aa:	2020      	movs	r0, #32
100035ac:	47b0      	blx	r6
100035ae:	42ac      	cmp	r4, r5
100035b0:	d1f7      	bne.n	100035a2 <_vsnprintf+0x45a>
100035b2:	002c      	movs	r4, r5
100035b4:	46bb      	mov	fp, r7
100035b6:	0035      	movs	r5, r6
100035b8:	464f      	mov	r7, r9
100035ba:	4646      	mov	r6, r8
100035bc:	9b0f      	ldr	r3, [sp, #60]	@ 0x3c
100035be:	930d      	str	r3, [sp, #52]	@ 0x34
100035c0:	e5ea      	b.n	10003198 <_vsnprintf+0x50>
100035c2:	4bd6      	ldr	r3, [pc, #856]	@ (1000391c <_vsnprintf+0x7d4>)
100035c4:	7838      	ldrb	r0, [r7, #0]
100035c6:	469a      	mov	sl, r3
100035c8:	2300      	movs	r3, #0
100035ca:	4698      	mov	r8, r3
100035cc:	2800      	cmp	r0, #0
100035ce:	d000      	beq.n	100035d2 <_vsnprintf+0x48a>
100035d0:	e5d3      	b.n	1000317a <_vsnprintf+0x32>
100035d2:	2400      	movs	r4, #0
100035d4:	e66f      	b.n	100032b6 <_vsnprintf+0x16e>
100035d6:	286f      	cmp	r0, #111	@ 0x6f
100035d8:	d042      	beq.n	10003660 <_vsnprintf+0x518>
100035da:	d800      	bhi.n	100035de <_vsnprintf+0x496>
100035dc:	e1fd      	b.n	100039da <_vsnprintf+0x892>
100035de:	2310      	movs	r3, #16
100035e0:	2878      	cmp	r0, #120	@ 0x78
100035e2:	d100      	bne.n	100035e6 <_vsnprintf+0x49e>
100035e4:	e09b      	b.n	1000371e <_vsnprintf+0x5d6>
100035e6:	9a0b      	ldr	r2, [sp, #44]	@ 0x2c
100035e8:	439a      	bics	r2, r3
100035ea:	920b      	str	r2, [sp, #44]	@ 0x2c
100035ec:	230a      	movs	r3, #10
100035ee:	469c      	mov	ip, r3
100035f0:	2300      	movs	r3, #0
100035f2:	9314      	str	r3, [sp, #80]	@ 0x50
100035f4:	330a      	adds	r3, #10
100035f6:	930f      	str	r3, [sp, #60]	@ 0x3c
100035f8:	e038      	b.n	1000366c <_vsnprintf+0x524>
100035fa:	4657      	mov	r7, sl
100035fc:	9a0b      	ldr	r2, [sp, #44]	@ 0x2c
100035fe:	00b9      	lsls	r1, r7, #2
10003600:	19c9      	adds	r1, r1, r7
10003602:	0049      	lsls	r1, r1, #1
10003604:	3301      	adds	r3, #1
10003606:	180f      	adds	r7, r1, r0
10003608:	7818      	ldrb	r0, [r3, #0]
1000360a:	3f30      	subs	r7, #48	@ 0x30
1000360c:	0001      	movs	r1, r0
1000360e:	3930      	subs	r1, #48	@ 0x30
10003610:	2909      	cmp	r1, #9
10003612:	d9f4      	bls.n	100035fe <_vsnprintf+0x4b6>
10003614:	46ba      	mov	sl, r7
10003616:	920b      	str	r2, [sp, #44]	@ 0x2c
10003618:	001f      	movs	r7, r3
1000361a:	1c59      	adds	r1, r3, #1
1000361c:	e5e7      	b.n	100031ee <_vsnprintf+0xa6>
1000361e:	9b0d      	ldr	r3, [sp, #52]	@ 0x34
10003620:	78b8      	ldrb	r0, [r7, #2]
10003622:	cb04      	ldmia	r3!, {r2}
10003624:	3702      	adds	r7, #2
10003626:	43d1      	mvns	r1, r2
10003628:	17c9      	asrs	r1, r1, #31
1000362a:	400a      	ands	r2, r1
1000362c:	4692      	mov	sl, r2
1000362e:	930d      	str	r3, [sp, #52]	@ 0x34
10003630:	1c79      	adds	r1, r7, #1
10003632:	e5dc      	b.n	100031ee <_vsnprintf+0xa6>
10003634:	2800      	cmp	r0, #0
10003636:	d100      	bne.n	1000363a <_vsnprintf+0x4f2>
10003638:	e6df      	b.n	100033fa <_vsnprintf+0x2b2>
1000363a:	2302      	movs	r3, #2
1000363c:	425b      	negs	r3, r3
1000363e:	e6c8      	b.n	100033d2 <_vsnprintf+0x28a>
10003640:	2021      	movs	r0, #33	@ 0x21
10003642:	9a0b      	ldr	r2, [sp, #44]	@ 0x2c
10003644:	4302      	orrs	r2, r0
10003646:	4691      	mov	r9, r2
10003648:	e676      	b.n	10003338 <_vsnprintf+0x1f0>
1000364a:	2320      	movs	r3, #32
1000364c:	9a0b      	ldr	r2, [sp, #44]	@ 0x2c
1000364e:	431a      	orrs	r2, r3
10003650:	920b      	str	r2, [sp, #44]	@ 0x2c
10003652:	e76c      	b.n	1000352e <_vsnprintf+0x3e6>
10003654:	2380      	movs	r3, #128	@ 0x80
10003656:	9a0b      	ldr	r2, [sp, #44]	@ 0x2c
10003658:	011b      	lsls	r3, r3, #4
1000365a:	431a      	orrs	r2, r3
1000365c:	920b      	str	r2, [sp, #44]	@ 0x2c
1000365e:	e74c      	b.n	100034fa <_vsnprintf+0x3b2>
10003660:	2308      	movs	r3, #8
10003662:	469c      	mov	ip, r3
10003664:	2300      	movs	r3, #0
10003666:	9314      	str	r3, [sp, #80]	@ 0x50
10003668:	3308      	adds	r3, #8
1000366a:	930f      	str	r3, [sp, #60]	@ 0x3c
1000366c:	980b      	ldr	r0, [sp, #44]	@ 0x2c
1000366e:	2380      	movs	r3, #128	@ 0x80
10003670:	0002      	movs	r2, r0
10003672:	00db      	lsls	r3, r3, #3
10003674:	401a      	ands	r2, r3
10003676:	0011      	movs	r1, r2
10003678:	0002      	movs	r2, r0
1000367a:	4218      	tst	r0, r3
1000367c:	d000      	beq.n	10003680 <_vsnprintf+0x538>
1000367e:	e080      	b.n	10003782 <_vsnprintf+0x63a>
10003680:	230c      	movs	r3, #12
10003682:	439a      	bics	r2, r3
10003684:	0010      	movs	r0, r2
10003686:	2380      	movs	r3, #128	@ 0x80
10003688:	0002      	movs	r2, r0
1000368a:	009b      	lsls	r3, r3, #2
1000368c:	401a      	ands	r2, r3
1000368e:	920b      	str	r2, [sp, #44]	@ 0x2c
10003690:	4218      	tst	r0, r3
10003692:	d000      	beq.n	10003696 <_vsnprintf+0x54e>
10003694:	e0f1      	b.n	1000387a <_vsnprintf+0x732>
10003696:	2380      	movs	r3, #128	@ 0x80
10003698:	0002      	movs	r2, r0
1000369a:	005b      	lsls	r3, r3, #1
1000369c:	401a      	ands	r2, r3
1000369e:	4691      	mov	r9, r2
100036a0:	9a0d      	ldr	r2, [sp, #52]	@ 0x34
100036a2:	3204      	adds	r2, #4
100036a4:	9214      	str	r2, [sp, #80]	@ 0x50
100036a6:	4218      	tst	r0, r3
100036a8:	d000      	beq.n	100036ac <_vsnprintf+0x564>
100036aa:	e2c3      	b.n	10003c34 <_vsnprintf+0xaec>
100036ac:	0643      	lsls	r3, r0, #25
100036ae:	d500      	bpl.n	100036b2 <_vsnprintf+0x56a>
100036b0:	e0d7      	b.n	10003862 <_vsnprintf+0x71a>
100036b2:	0603      	lsls	r3, r0, #24
100036b4:	d400      	bmi.n	100036b8 <_vsnprintf+0x570>
100036b6:	e321      	b.n	10003cfc <_vsnprintf+0xbb4>
100036b8:	9b0d      	ldr	r3, [sp, #52]	@ 0x34
100036ba:	881b      	ldrh	r3, [r3, #0]
100036bc:	9309      	str	r3, [sp, #36]	@ 0x24
100036be:	2b00      	cmp	r3, #0
100036c0:	d000      	beq.n	100036c4 <_vsnprintf+0x57c>
100036c2:	e12d      	b.n	10003920 <_vsnprintf+0x7d8>
100036c4:	3310      	adds	r3, #16
100036c6:	4398      	bics	r0, r3
100036c8:	2900      	cmp	r1, #0
100036ca:	d100      	bne.n	100036ce <_vsnprintf+0x586>
100036cc:	e128      	b.n	10003920 <_vsnprintf+0x7d8>
100036ce:	2300      	movs	r3, #0
100036d0:	4699      	mov	r9, r3
100036d2:	4643      	mov	r3, r8
100036d4:	9305      	str	r3, [sp, #20]
100036d6:	4653      	mov	r3, sl
100036d8:	9304      	str	r3, [sp, #16]
100036da:	9b0f      	ldr	r3, [sp, #60]	@ 0x3c
100036dc:	9006      	str	r0, [sp, #24]
100036de:	9303      	str	r3, [sp, #12]
100036e0:	2300      	movs	r3, #0
100036e2:	9302      	str	r3, [sp, #8]
100036e4:	464b      	mov	r3, r9
100036e6:	9301      	str	r3, [sp, #4]
100036e8:	ab1c      	add	r3, sp, #112	@ 0x70
100036ea:	0022      	movs	r2, r4
100036ec:	9300      	str	r3, [sp, #0]
100036ee:	4659      	mov	r1, fp
100036f0:	0033      	movs	r3, r6
100036f2:	0028      	movs	r0, r5
100036f4:	f7fe ffde 	bl	100026b4 <_ntoa_format>
100036f8:	0004      	movs	r4, r0
100036fa:	e6c2      	b.n	10003482 <_vsnprintf+0x33a>
100036fc:	2858      	cmp	r0, #88	@ 0x58
100036fe:	d009      	beq.n	10003714 <_vsnprintf+0x5cc>
10003700:	2862      	cmp	r0, #98	@ 0x62
10003702:	d000      	beq.n	10003706 <_vsnprintf+0x5be>
10003704:	e2e3      	b.n	10003cce <_vsnprintf+0xb86>
10003706:	2302      	movs	r3, #2
10003708:	469c      	mov	ip, r3
1000370a:	2300      	movs	r3, #0
1000370c:	9314      	str	r3, [sp, #80]	@ 0x50
1000370e:	3302      	adds	r3, #2
10003710:	930f      	str	r3, [sp, #60]	@ 0x3c
10003712:	e7ab      	b.n	1000366c <_vsnprintf+0x524>
10003714:	2320      	movs	r3, #32
10003716:	9a0b      	ldr	r2, [sp, #44]	@ 0x2c
10003718:	431a      	orrs	r2, r3
1000371a:	920b      	str	r2, [sp, #44]	@ 0x2c
1000371c:	3b10      	subs	r3, #16
1000371e:	469c      	mov	ip, r3
10003720:	2300      	movs	r3, #0
10003722:	9314      	str	r3, [sp, #80]	@ 0x50
10003724:	3310      	adds	r3, #16
10003726:	930f      	str	r3, [sp, #60]	@ 0x3c
10003728:	e7a0      	b.n	1000366c <_vsnprintf+0x524>
1000372a:	2380      	movs	r3, #128	@ 0x80
1000372c:	9a0b      	ldr	r2, [sp, #44]	@ 0x2c
1000372e:	011b      	lsls	r3, r3, #4
10003730:	431a      	orrs	r2, r3
10003732:	920b      	str	r2, [sp, #44]	@ 0x2c
10003734:	2320      	movs	r3, #32
10003736:	9a0b      	ldr	r2, [sp, #44]	@ 0x2c
10003738:	431a      	orrs	r2, r3
1000373a:	920b      	str	r2, [sp, #44]	@ 0x2c
1000373c:	e6dd      	b.n	100034fa <_vsnprintf+0x3b2>
1000373e:	1b0b      	subs	r3, r1, r4
10003740:	469a      	mov	sl, r3
10003742:	9b0f      	ldr	r3, [sp, #60]	@ 0x3c
10003744:	4699      	mov	r9, r3
10003746:	003b      	movs	r3, r7
10003748:	0037      	movs	r7, r6
1000374a:	465e      	mov	r6, fp
1000374c:	469b      	mov	fp, r3
1000374e:	0022      	movs	r2, r4
10003750:	003b      	movs	r3, r7
10003752:	0031      	movs	r1, r6
10003754:	47a8      	blx	r5
10003756:	4653      	mov	r3, sl
10003758:	3401      	adds	r4, #1
1000375a:	5d18      	ldrb	r0, [r3, r4]
1000375c:	2800      	cmp	r0, #0
1000375e:	d1f6      	bne.n	1000374e <_vsnprintf+0x606>
10003760:	464b      	mov	r3, r9
10003762:	930f      	str	r3, [sp, #60]	@ 0x3c
10003764:	465b      	mov	r3, fp
10003766:	46b3      	mov	fp, r6
10003768:	003e      	movs	r6, r7
1000376a:	001f      	movs	r7, r3
1000376c:	e685      	b.n	1000347a <_vsnprintf+0x332>
1000376e:	23c0      	movs	r3, #192	@ 0xc0
10003770:	9a0b      	ldr	r2, [sp, #44]	@ 0x2c
10003772:	78b8      	ldrb	r0, [r7, #2]
10003774:	431a      	orrs	r2, r3
10003776:	920b      	str	r2, [sp, #44]	@ 0x2c
10003778:	1cf9      	adds	r1, r7, #3
1000377a:	e55c      	b.n	10003236 <_vsnprintf+0xee>
1000377c:	23c0      	movs	r3, #192	@ 0xc0
1000377e:	009b      	lsls	r3, r3, #2
10003780:	e7f6      	b.n	10003770 <_vsnprintf+0x628>
10003782:	230d      	movs	r3, #13
10003784:	439a      	bics	r2, r3
10003786:	0010      	movs	r0, r2
10003788:	e77d      	b.n	10003686 <_vsnprintf+0x53e>
1000378a:	465b      	mov	r3, fp
1000378c:	0035      	movs	r5, r6
1000378e:	46bb      	mov	fp, r7
10003790:	464e      	mov	r6, r9
10003792:	001f      	movs	r7, r3
10003794:	e671      	b.n	1000347a <_vsnprintf+0x332>
10003796:	4643      	mov	r3, r8
10003798:	2b01      	cmp	r3, #1
1000379a:	d966      	bls.n	1000386a <_vsnprintf+0x722>
1000379c:	1e63      	subs	r3, r4, #1
1000379e:	4443      	add	r3, r8
100037a0:	0032      	movs	r2, r6
100037a2:	002e      	movs	r6, r5
100037a4:	001d      	movs	r5, r3
100037a6:	003b      	movs	r3, r7
100037a8:	46a2      	mov	sl, r4
100037aa:	465f      	mov	r7, fp
100037ac:	4691      	mov	r9, r2
100037ae:	469b      	mov	fp, r3
100037b0:	0022      	movs	r2, r4
100037b2:	464b      	mov	r3, r9
100037b4:	3401      	adds	r4, #1
100037b6:	0039      	movs	r1, r7
100037b8:	2020      	movs	r0, #32
100037ba:	47b0      	blx	r6
100037bc:	42ac      	cmp	r4, r5
100037be:	d1f7      	bne.n	100037b0 <_vsnprintf+0x668>
100037c0:	465b      	mov	r3, fp
100037c2:	0035      	movs	r5, r6
100037c4:	46bb      	mov	fp, r7
100037c6:	464e      	mov	r6, r9
100037c8:	46a1      	mov	r9, r4
100037ca:	4654      	mov	r4, sl
100037cc:	001f      	movs	r7, r3
100037ce:	9b0d      	ldr	r3, [sp, #52]	@ 0x34
100037d0:	464a      	mov	r2, r9
100037d2:	7818      	ldrb	r0, [r3, #0]
100037d4:	4659      	mov	r1, fp
100037d6:	0033      	movs	r3, r6
100037d8:	4444      	add	r4, r8
100037da:	47a8      	blx	r5
100037dc:	e6ee      	b.n	100035bc <_vsnprintf+0x474>
100037de:	9b0f      	ldr	r3, [sp, #60]	@ 0x3c
100037e0:	46a1      	mov	r9, r4
100037e2:	4598      	cmp	r8, r3
100037e4:	d800      	bhi.n	100037e8 <_vsnprintf+0x6a0>
100037e6:	e64c      	b.n	10003482 <_vsnprintf+0x33a>
100037e8:	4444      	add	r4, r8
100037ea:	1ae4      	subs	r4, r4, r3
100037ec:	46b0      	mov	r8, r6
100037ee:	002e      	movs	r6, r5
100037f0:	0025      	movs	r5, r4
100037f2:	464c      	mov	r4, r9
100037f4:	46b9      	mov	r9, r7
100037f6:	465f      	mov	r7, fp
100037f8:	0022      	movs	r2, r4
100037fa:	4643      	mov	r3, r8
100037fc:	3401      	adds	r4, #1
100037fe:	0039      	movs	r1, r7
10003800:	2020      	movs	r0, #32
10003802:	47b0      	blx	r6
10003804:	42ac      	cmp	r4, r5
10003806:	d1f7      	bne.n	100037f8 <_vsnprintf+0x6b0>
10003808:	002c      	movs	r4, r5
1000380a:	46bb      	mov	fp, r7
1000380c:	0035      	movs	r5, r6
1000380e:	464f      	mov	r7, r9
10003810:	4646      	mov	r6, r8
10003812:	e636      	b.n	10003482 <_vsnprintf+0x33a>
10003814:	980f      	ldr	r0, [sp, #60]	@ 0x3c
10003816:	4580      	cmp	r8, r0
10003818:	d800      	bhi.n	1000381c <_vsnprintf+0x6d4>
1000381a:	e273      	b.n	10003d04 <_vsnprintf+0xbbc>
1000381c:	4643      	mov	r3, r8
1000381e:	18e2      	adds	r2, r4, r3
10003820:	1a13      	subs	r3, r2, r0
10003822:	0032      	movs	r2, r6
10003824:	002e      	movs	r6, r5
10003826:	001d      	movs	r5, r3
10003828:	003b      	movs	r3, r7
1000382a:	4691      	mov	r9, r2
1000382c:	465f      	mov	r7, fp
1000382e:	469b      	mov	fp, r3
10003830:	910f      	str	r1, [sp, #60]	@ 0x3c
10003832:	0022      	movs	r2, r4
10003834:	464b      	mov	r3, r9
10003836:	3401      	adds	r4, #1
10003838:	0039      	movs	r1, r7
1000383a:	2020      	movs	r0, #32
1000383c:	47b0      	blx	r6
1000383e:	42ac      	cmp	r4, r5
10003840:	d1f7      	bne.n	10003832 <_vsnprintf+0x6ea>
10003842:	465b      	mov	r3, fp
10003844:	46bb      	mov	fp, r7
10003846:	001f      	movs	r7, r3
10003848:	4643      	mov	r3, r8
1000384a:	990f      	ldr	r1, [sp, #60]	@ 0x3c
1000384c:	3301      	adds	r3, #1
1000384e:	930f      	str	r3, [sp, #60]	@ 0x3c
10003850:	780b      	ldrb	r3, [r1, #0]
10003852:	0035      	movs	r5, r6
10003854:	469c      	mov	ip, r3
10003856:	464e      	mov	r6, r9
10003858:	4660      	mov	r0, ip
1000385a:	2800      	cmp	r0, #0
1000385c:	d000      	beq.n	10003860 <_vsnprintf+0x718>
1000385e:	e5e7      	b.n	10003430 <_vsnprintf+0x2e8>
10003860:	e60f      	b.n	10003482 <_vsnprintf+0x33a>
10003862:	9b0d      	ldr	r3, [sp, #52]	@ 0x34
10003864:	781b      	ldrb	r3, [r3, #0]
10003866:	9309      	str	r3, [sp, #36]	@ 0x24
10003868:	e729      	b.n	100036be <_vsnprintf+0x576>
1000386a:	9b0d      	ldr	r3, [sp, #52]	@ 0x34
1000386c:	0022      	movs	r2, r4
1000386e:	7818      	ldrb	r0, [r3, #0]
10003870:	4659      	mov	r1, fp
10003872:	0033      	movs	r3, r6
10003874:	47a8      	blx	r5
10003876:	464c      	mov	r4, r9
10003878:	e6a0      	b.n	100035bc <_vsnprintf+0x474>
1000387a:	9a0d      	ldr	r2, [sp, #52]	@ 0x34
1000387c:	3bfa      	subs	r3, #250	@ 0xfa
1000387e:	3bff      	subs	r3, #255	@ 0xff
10003880:	3207      	adds	r2, #7
10003882:	439a      	bics	r2, r3
10003884:	3301      	adds	r3, #1
10003886:	4699      	mov	r9, r3
10003888:	4491      	add	r9, r2
1000388a:	464b      	mov	r3, r9
1000388c:	930d      	str	r3, [sp, #52]	@ 0x34
1000388e:	6813      	ldr	r3, [r2, #0]
10003890:	6852      	ldr	r2, [r2, #4]
10003892:	9215      	str	r2, [sp, #84]	@ 0x54
10003894:	431a      	orrs	r2, r3
10003896:	d106      	bne.n	100038a6 <_vsnprintf+0x75e>
10003898:	3210      	adds	r2, #16
1000389a:	4390      	bics	r0, r2
1000389c:	2200      	movs	r2, #0
1000389e:	9209      	str	r2, [sp, #36]	@ 0x24
100038a0:	2900      	cmp	r1, #0
100038a2:	d000      	beq.n	100038a6 <_vsnprintf+0x75e>
100038a4:	e083      	b.n	100039ae <_vsnprintf+0x866>
100038a6:	2261      	movs	r2, #97	@ 0x61
100038a8:	0681      	lsls	r1, r0, #26
100038aa:	d500      	bpl.n	100038ae <_vsnprintf+0x766>
100038ac:	2241      	movs	r2, #65	@ 0x41
100038ae:	b2d2      	uxtb	r2, r2
100038b0:	920a      	str	r2, [sp, #40]	@ 0x28
100038b2:	aa14      	add	r2, sp, #80	@ 0x50
100038b4:	4691      	mov	r9, r2
100038b6:	9a0a      	ldr	r2, [sp, #40]	@ 0x28
100038b8:	2100      	movs	r1, #0
100038ba:	3a0a      	subs	r2, #10
100038bc:	920b      	str	r2, [sp, #44]	@ 0x2c
100038be:	4642      	mov	r2, r8
100038c0:	9217      	str	r2, [sp, #92]	@ 0x5c
100038c2:	4652      	mov	r2, sl
100038c4:	9218      	str	r2, [sp, #96]	@ 0x60
100038c6:	465a      	mov	r2, fp
100038c8:	46b2      	mov	sl, r6
100038ca:	9109      	str	r1, [sp, #36]	@ 0x24
100038cc:	001e      	movs	r6, r3
100038ce:	311f      	adds	r1, #31
100038d0:	9b14      	ldr	r3, [sp, #80]	@ 0x50
100038d2:	4449      	add	r1, r9
100038d4:	46bb      	mov	fp, r7
100038d6:	9416      	str	r4, [sp, #88]	@ 0x58
100038d8:	951a      	str	r5, [sp, #104]	@ 0x68
100038da:	2400      	movs	r4, #0
100038dc:	4667      	mov	r7, ip
100038de:	4698      	mov	r8, r3
100038e0:	4689      	mov	r9, r1
100038e2:	9d15      	ldr	r5, [sp, #84]	@ 0x54
100038e4:	9019      	str	r0, [sp, #100]	@ 0x64
100038e6:	921b      	str	r2, [sp, #108]	@ 0x6c
100038e8:	e00a      	b.n	10003900 <_vsnprintf+0x7b8>
100038ea:	3230      	adds	r2, #48	@ 0x30
100038ec:	b2d2      	uxtb	r2, r2
100038ee:	464b      	mov	r3, r9
100038f0:	3401      	adds	r4, #1
100038f2:	551a      	strb	r2, [r3, r4]
100038f4:	45a8      	cmp	r8, r5
100038f6:	d04c      	beq.n	10003992 <_vsnprintf+0x84a>
100038f8:	2c20      	cmp	r4, #32
100038fa:	d04c      	beq.n	10003996 <_vsnprintf+0x84e>
100038fc:	0006      	movs	r6, r0
100038fe:	000d      	movs	r5, r1
10003900:	003a      	movs	r2, r7
10003902:	2300      	movs	r3, #0
10003904:	0030      	movs	r0, r6
10003906:	0029      	movs	r1, r5
10003908:	f7fe f828 	bl	1000195c <__wrap___aeabi_uldivmod>
1000390c:	b2d2      	uxtb	r2, r2
1000390e:	2a09      	cmp	r2, #9
10003910:	d9eb      	bls.n	100038ea <_vsnprintf+0x7a2>
10003912:	9b0b      	ldr	r3, [sp, #44]	@ 0x2c
10003914:	469c      	mov	ip, r3
10003916:	4462      	add	r2, ip
10003918:	b2d2      	uxtb	r2, r2
1000391a:	e7e8      	b.n	100038ee <_vsnprintf+0x7a6>
1000391c:	10002605 	.word	0x10002605
10003920:	2361      	movs	r3, #97	@ 0x61
10003922:	0682      	lsls	r2, r0, #26
10003924:	d500      	bpl.n	10003928 <_vsnprintf+0x7e0>
10003926:	2341      	movs	r3, #65	@ 0x41
10003928:	b2db      	uxtb	r3, r3
1000392a:	3b0a      	subs	r3, #10
1000392c:	930b      	str	r3, [sp, #44]	@ 0x2c
1000392e:	4643      	mov	r3, r8
10003930:	a914      	add	r1, sp, #80	@ 0x50
10003932:	221f      	movs	r2, #31
10003934:	468c      	mov	ip, r1
10003936:	9315      	str	r3, [sp, #84]	@ 0x54
10003938:	4653      	mov	r3, sl
1000393a:	4462      	add	r2, ip
1000393c:	46b2      	mov	sl, r6
1000393e:	940d      	str	r4, [sp, #52]	@ 0x34
10003940:	9717      	str	r7, [sp, #92]	@ 0x5c
10003942:	464c      	mov	r4, r9
10003944:	4680      	mov	r8, r0
10003946:	46a9      	mov	r9, r5
10003948:	0017      	movs	r7, r2
1000394a:	9d09      	ldr	r5, [sp, #36]	@ 0x24
1000394c:	9e0f      	ldr	r6, [sp, #60]	@ 0x3c
1000394e:	9316      	str	r3, [sp, #88]	@ 0x58
10003950:	e008      	b.n	10003964 <_vsnprintf+0x81c>
10003952:	3330      	adds	r3, #48	@ 0x30
10003954:	b2db      	uxtb	r3, r3
10003956:	3401      	adds	r4, #1
10003958:	553b      	strb	r3, [r7, r4]
1000395a:	42b5      	cmp	r5, r6
1000395c:	d30e      	bcc.n	1000397c <_vsnprintf+0x834>
1000395e:	2c20      	cmp	r4, #32
10003960:	d00c      	beq.n	1000397c <_vsnprintf+0x834>
10003962:	0005      	movs	r5, r0
10003964:	0031      	movs	r1, r6
10003966:	0028      	movs	r0, r5
10003968:	f7fd ffba 	bl	100018e0 <__wrap___aeabi_uidiv>
1000396c:	b2cb      	uxtb	r3, r1
1000396e:	2909      	cmp	r1, #9
10003970:	d9ef      	bls.n	10003952 <_vsnprintf+0x80a>
10003972:	9a0b      	ldr	r2, [sp, #44]	@ 0x2c
10003974:	4694      	mov	ip, r2
10003976:	4463      	add	r3, ip
10003978:	b2db      	uxtb	r3, r3
1000397a:	e7ec      	b.n	10003956 <_vsnprintf+0x80e>
1000397c:	9b15      	ldr	r3, [sp, #84]	@ 0x54
1000397e:	4640      	mov	r0, r8
10003980:	4698      	mov	r8, r3
10003982:	9b16      	ldr	r3, [sp, #88]	@ 0x58
10003984:	464d      	mov	r5, r9
10003986:	4656      	mov	r6, sl
10003988:	46a1      	mov	r9, r4
1000398a:	469a      	mov	sl, r3
1000398c:	9c0d      	ldr	r4, [sp, #52]	@ 0x34
1000398e:	9f17      	ldr	r7, [sp, #92]	@ 0x5c
10003990:	e69f      	b.n	100036d2 <_vsnprintf+0x58a>
10003992:	42b7      	cmp	r7, r6
10003994:	d9b0      	bls.n	100038f8 <_vsnprintf+0x7b0>
10003996:	9b17      	ldr	r3, [sp, #92]	@ 0x5c
10003998:	4656      	mov	r6, sl
1000399a:	4698      	mov	r8, r3
1000399c:	9b18      	ldr	r3, [sp, #96]	@ 0x60
1000399e:	465f      	mov	r7, fp
100039a0:	469a      	mov	sl, r3
100039a2:	9b1b      	ldr	r3, [sp, #108]	@ 0x6c
100039a4:	9409      	str	r4, [sp, #36]	@ 0x24
100039a6:	469b      	mov	fp, r3
100039a8:	9c16      	ldr	r4, [sp, #88]	@ 0x58
100039aa:	9819      	ldr	r0, [sp, #100]	@ 0x64
100039ac:	9d1a      	ldr	r5, [sp, #104]	@ 0x68
100039ae:	4643      	mov	r3, r8
100039b0:	9305      	str	r3, [sp, #20]
100039b2:	4653      	mov	r3, sl
100039b4:	9304      	str	r3, [sp, #16]
100039b6:	9b0f      	ldr	r3, [sp, #60]	@ 0x3c
100039b8:	9006      	str	r0, [sp, #24]
100039ba:	9303      	str	r3, [sp, #12]
100039bc:	2300      	movs	r3, #0
100039be:	9302      	str	r3, [sp, #8]
100039c0:	9b09      	ldr	r3, [sp, #36]	@ 0x24
100039c2:	9301      	str	r3, [sp, #4]
100039c4:	ab1c      	add	r3, sp, #112	@ 0x70
100039c6:	0022      	movs	r2, r4
100039c8:	9300      	str	r3, [sp, #0]
100039ca:	4659      	mov	r1, fp
100039cc:	0033      	movs	r3, r6
100039ce:	0028      	movs	r0, r5
100039d0:	f7fe fe70 	bl	100026b4 <_ntoa_format>
100039d4:	0004      	movs	r4, r0
100039d6:	f7ff fbdf 	bl	10003198 <_vsnprintf+0x50>
100039da:	2310      	movs	r3, #16
100039dc:	9a0b      	ldr	r2, [sp, #44]	@ 0x2c
100039de:	439a      	bics	r2, r3
100039e0:	920f      	str	r2, [sp, #60]	@ 0x3c
100039e2:	2869      	cmp	r0, #105	@ 0x69
100039e4:	d000      	beq.n	100039e8 <_vsnprintf+0x8a0>
100039e6:	e191      	b.n	10003d0c <_vsnprintf+0xbc4>
100039e8:	990b      	ldr	r1, [sp, #44]	@ 0x2c
100039ea:	2380      	movs	r3, #128	@ 0x80
100039ec:	000a      	movs	r2, r1
100039ee:	00db      	lsls	r3, r3, #3
100039f0:	401a      	ands	r2, r3
100039f2:	0010      	movs	r0, r2
100039f4:	000a      	movs	r2, r1
100039f6:	4219      	tst	r1, r3
100039f8:	d003      	beq.n	10003a02 <_vsnprintf+0x8ba>
100039fa:	2111      	movs	r1, #17
100039fc:	0018      	movs	r0, r3
100039fe:	438a      	bics	r2, r1
10003a00:	920f      	str	r2, [sp, #60]	@ 0x3c
10003a02:	9a0f      	ldr	r2, [sp, #60]	@ 0x3c
10003a04:	2380      	movs	r3, #128	@ 0x80
10003a06:	0011      	movs	r1, r2
10003a08:	009b      	lsls	r3, r3, #2
10003a0a:	4019      	ands	r1, r3
10003a0c:	468c      	mov	ip, r1
10003a0e:	421a      	tst	r2, r3
10003a10:	d15b      	bne.n	10003aca <_vsnprintf+0x982>
10003a12:	2380      	movs	r3, #128	@ 0x80
10003a14:	0011      	movs	r1, r2
10003a16:	005b      	lsls	r3, r3, #1
10003a18:	4019      	ands	r1, r3
10003a1a:	4689      	mov	r9, r1
10003a1c:	990d      	ldr	r1, [sp, #52]	@ 0x34
10003a1e:	3104      	adds	r1, #4
10003a20:	910b      	str	r1, [sp, #44]	@ 0x2c
10003a22:	421a      	tst	r2, r3
10003a24:	d000      	beq.n	10003a28 <_vsnprintf+0x8e0>
10003a26:	e0b2      	b.n	10003b8e <_vsnprintf+0xa46>
10003a28:	0013      	movs	r3, r2
10003a2a:	065b      	lsls	r3, r3, #25
10003a2c:	d400      	bmi.n	10003a30 <_vsnprintf+0x8e8>
10003a2e:	e0ed      	b.n	10003c0c <_vsnprintf+0xac4>
10003a30:	9b0d      	ldr	r3, [sp, #52]	@ 0x34
10003a32:	781b      	ldrb	r3, [r3, #0]
10003a34:	001a      	movs	r2, r3
10003a36:	0fd9      	lsrs	r1, r3, #31
10003a38:	910d      	str	r1, [sp, #52]	@ 0x34
10003a3a:	2b00      	cmp	r3, #0
10003a3c:	d100      	bne.n	10003a40 <_vsnprintf+0x8f8>
10003a3e:	e0a3      	b.n	10003b88 <_vsnprintf+0xa40>
10003a40:	0010      	movs	r0, r2
10003a42:	aa14      	add	r2, sp, #80	@ 0x50
10003a44:	4694      	mov	ip, r2
10003a46:	4642      	mov	r2, r8
10003a48:	231f      	movs	r3, #31
10003a4a:	9215      	str	r2, [sp, #84]	@ 0x54
10003a4c:	4652      	mov	r2, sl
10003a4e:	4463      	add	r3, ip
10003a50:	46a8      	mov	r8, r5
10003a52:	46ba      	mov	sl, r7
10003a54:	464d      	mov	r5, r9
10003a56:	9414      	str	r4, [sp, #80]	@ 0x50
10003a58:	46b1      	mov	r9, r6
10003a5a:	0004      	movs	r4, r0
10003a5c:	001f      	movs	r7, r3
10003a5e:	9216      	str	r2, [sp, #88]	@ 0x58
10003a60:	e001      	b.n	10003a66 <_vsnprintf+0x91e>
10003a62:	2d20      	cmp	r5, #32
10003a64:	d00f      	beq.n	10003a86 <_vsnprintf+0x93e>
10003a66:	0020      	movs	r0, r4
10003a68:	210a      	movs	r1, #10
10003a6a:	f7fd ff39 	bl	100018e0 <__wrap___aeabi_uidiv>
10003a6e:	3501      	adds	r5, #1
10003a70:	197e      	adds	r6, r7, r5
10003a72:	3130      	adds	r1, #48	@ 0x30
10003a74:	7031      	strb	r1, [r6, #0]
10003a76:	0020      	movs	r0, r4
10003a78:	210a      	movs	r1, #10
10003a7a:	f7fd ff31 	bl	100018e0 <__wrap___aeabi_uidiv>
10003a7e:	0026      	movs	r6, r4
10003a80:	0004      	movs	r4, r0
10003a82:	2e09      	cmp	r6, #9
10003a84:	d8ed      	bhi.n	10003a62 <_vsnprintf+0x91a>
10003a86:	9b15      	ldr	r3, [sp, #84]	@ 0x54
10003a88:	464e      	mov	r6, r9
10003a8a:	46a9      	mov	r9, r5
10003a8c:	4645      	mov	r5, r8
10003a8e:	4698      	mov	r8, r3
10003a90:	9b16      	ldr	r3, [sp, #88]	@ 0x58
10003a92:	4657      	mov	r7, sl
10003a94:	469a      	mov	sl, r3
10003a96:	9c14      	ldr	r4, [sp, #80]	@ 0x50
10003a98:	9b0f      	ldr	r3, [sp, #60]	@ 0x3c
10003a9a:	9306      	str	r3, [sp, #24]
10003a9c:	4643      	mov	r3, r8
10003a9e:	9305      	str	r3, [sp, #20]
10003aa0:	4653      	mov	r3, sl
10003aa2:	9304      	str	r3, [sp, #16]
10003aa4:	230a      	movs	r3, #10
10003aa6:	9303      	str	r3, [sp, #12]
10003aa8:	9b0d      	ldr	r3, [sp, #52]	@ 0x34
10003aaa:	9302      	str	r3, [sp, #8]
10003aac:	464b      	mov	r3, r9
10003aae:	9301      	str	r3, [sp, #4]
10003ab0:	ab1c      	add	r3, sp, #112	@ 0x70
10003ab2:	0022      	movs	r2, r4
10003ab4:	9300      	str	r3, [sp, #0]
10003ab6:	4659      	mov	r1, fp
10003ab8:	0033      	movs	r3, r6
10003aba:	0028      	movs	r0, r5
10003abc:	f7fe fdfa 	bl	100026b4 <_ntoa_format>
10003ac0:	9b0b      	ldr	r3, [sp, #44]	@ 0x2c
10003ac2:	0004      	movs	r4, r0
10003ac4:	930d      	str	r3, [sp, #52]	@ 0x34
10003ac6:	f7ff fb67 	bl	10003198 <_vsnprintf+0x50>
10003aca:	2207      	movs	r2, #7
10003acc:	9b0d      	ldr	r3, [sp, #52]	@ 0x34
10003ace:	3307      	adds	r3, #7
10003ad0:	4393      	bics	r3, r2
10003ad2:	3201      	adds	r2, #1
10003ad4:	4694      	mov	ip, r2
10003ad6:	449c      	add	ip, r3
10003ad8:	4662      	mov	r2, ip
10003ada:	920d      	str	r2, [sp, #52]	@ 0x34
10003adc:	cb0c      	ldmia	r3, {r2, r3}
10003ade:	0fd9      	lsrs	r1, r3, #31
10003ae0:	910b      	str	r1, [sp, #44]	@ 0x2c
10003ae2:	0011      	movs	r1, r2
10003ae4:	4319      	orrs	r1, r3
10003ae6:	d100      	bne.n	10003aea <_vsnprintf+0x9a2>
10003ae8:	e09b      	b.n	10003c22 <_vsnprintf+0xada>
10003aea:	17d9      	asrs	r1, r3, #31
10003aec:	9113      	str	r1, [sp, #76]	@ 0x4c
10003aee:	9112      	str	r1, [sp, #72]	@ 0x48
10003af0:	4051      	eors	r1, r2
10003af2:	9110      	str	r1, [sp, #64]	@ 0x40
10003af4:	9913      	ldr	r1, [sp, #76]	@ 0x4c
10003af6:	4059      	eors	r1, r3
10003af8:	9111      	str	r1, [sp, #68]	@ 0x44
10003afa:	9810      	ldr	r0, [sp, #64]	@ 0x40
10003afc:	9911      	ldr	r1, [sp, #68]	@ 0x44
10003afe:	9a12      	ldr	r2, [sp, #72]	@ 0x48
10003b00:	9b13      	ldr	r3, [sp, #76]	@ 0x4c
10003b02:	1a80      	subs	r0, r0, r2
10003b04:	4199      	sbcs	r1, r3
10003b06:	9010      	str	r0, [sp, #64]	@ 0x40
10003b08:	9111      	str	r1, [sp, #68]	@ 0x44
10003b0a:	aa14      	add	r2, sp, #80	@ 0x50
10003b0c:	4694      	mov	ip, r2
10003b0e:	4642      	mov	r2, r8
10003b10:	2300      	movs	r3, #0
10003b12:	9215      	str	r2, [sp, #84]	@ 0x54
10003b14:	4652      	mov	r2, sl
10003b16:	4699      	mov	r9, r3
10003b18:	9216      	str	r2, [sp, #88]	@ 0x58
10003b1a:	0032      	movs	r2, r6
10003b1c:	331f      	adds	r3, #31
10003b1e:	4463      	add	r3, ip
10003b20:	46a8      	mov	r8, r5
10003b22:	464e      	mov	r6, r9
10003b24:	46ba      	mov	sl, r7
10003b26:	9414      	str	r4, [sp, #80]	@ 0x50
10003b28:	001f      	movs	r7, r3
10003b2a:	9c10      	ldr	r4, [sp, #64]	@ 0x40
10003b2c:	9d11      	ldr	r5, [sp, #68]	@ 0x44
10003b2e:	4691      	mov	r9, r2
10003b30:	e001      	b.n	10003b36 <_vsnprintf+0x9ee>
10003b32:	2e20      	cmp	r6, #32
10003b34:	d010      	beq.n	10003b58 <_vsnprintf+0xa10>
10003b36:	0020      	movs	r0, r4
10003b38:	0029      	movs	r1, r5
10003b3a:	220a      	movs	r2, #10
10003b3c:	2300      	movs	r3, #0
10003b3e:	f7fd ff0d 	bl	1000195c <__wrap___aeabi_uldivmod>
10003b42:	3601      	adds	r6, #1
10003b44:	3230      	adds	r2, #48	@ 0x30
10003b46:	002b      	movs	r3, r5
10003b48:	55ba      	strb	r2, [r7, r6]
10003b4a:	000d      	movs	r5, r1
10003b4c:	0022      	movs	r2, r4
10003b4e:	0004      	movs	r4, r0
10003b50:	2b00      	cmp	r3, #0
10003b52:	d1ee      	bne.n	10003b32 <_vsnprintf+0x9ea>
10003b54:	2a09      	cmp	r2, #9
10003b56:	d8ec      	bhi.n	10003b32 <_vsnprintf+0x9ea>
10003b58:	9b15      	ldr	r3, [sp, #84]	@ 0x54
10003b5a:	9410      	str	r4, [sp, #64]	@ 0x40
10003b5c:	9511      	str	r5, [sp, #68]	@ 0x44
10003b5e:	4645      	mov	r5, r8
10003b60:	4698      	mov	r8, r3
10003b62:	464b      	mov	r3, r9
10003b64:	9a16      	ldr	r2, [sp, #88]	@ 0x58
10003b66:	46b1      	mov	r9, r6
10003b68:	4657      	mov	r7, sl
10003b6a:	001e      	movs	r6, r3
10003b6c:	4692      	mov	sl, r2
10003b6e:	9c14      	ldr	r4, [sp, #80]	@ 0x50
10003b70:	9b0f      	ldr	r3, [sp, #60]	@ 0x3c
10003b72:	9306      	str	r3, [sp, #24]
10003b74:	4643      	mov	r3, r8
10003b76:	9305      	str	r3, [sp, #20]
10003b78:	4653      	mov	r3, sl
10003b7a:	9304      	str	r3, [sp, #16]
10003b7c:	230a      	movs	r3, #10
10003b7e:	9303      	str	r3, [sp, #12]
10003b80:	9b0b      	ldr	r3, [sp, #44]	@ 0x2c
10003b82:	9302      	str	r3, [sp, #8]
10003b84:	464b      	mov	r3, r9
10003b86:	e71c      	b.n	100039c2 <_vsnprintf+0x87a>
10003b88:	2800      	cmp	r0, #0
10003b8a:	d185      	bne.n	10003a98 <_vsnprintf+0x950>
10003b8c:	e759      	b.n	10003a42 <_vsnprintf+0x8fa>
10003b8e:	9b0d      	ldr	r3, [sp, #52]	@ 0x34
10003b90:	681b      	ldr	r3, [r3, #0]
10003b92:	0fda      	lsrs	r2, r3, #31
10003b94:	0011      	movs	r1, r2
10003b96:	2b00      	cmp	r3, #0
10003b98:	d100      	bne.n	10003b9c <_vsnprintf+0xa54>
10003b9a:	e0a6      	b.n	10003cea <_vsnprintf+0xba2>
10003b9c:	17da      	asrs	r2, r3, #31
10003b9e:	1898      	adds	r0, r3, r2
10003ba0:	4050      	eors	r0, r2
10003ba2:	aa14      	add	r2, sp, #80	@ 0x50
10003ba4:	4691      	mov	r9, r2
10003ba6:	231f      	movs	r3, #31
10003ba8:	4642      	mov	r2, r8
10003baa:	444b      	add	r3, r9
10003bac:	46a8      	mov	r8, r5
10003bae:	940d      	str	r4, [sp, #52]	@ 0x34
10003bb0:	9716      	str	r7, [sp, #88]	@ 0x58
10003bb2:	0004      	movs	r4, r0
10003bb4:	4665      	mov	r5, ip
10003bb6:	46b1      	mov	r9, r6
10003bb8:	001f      	movs	r7, r3
10003bba:	9114      	str	r1, [sp, #80]	@ 0x50
10003bbc:	9215      	str	r2, [sp, #84]	@ 0x54
10003bbe:	e001      	b.n	10003bc4 <_vsnprintf+0xa7c>
10003bc0:	2d20      	cmp	r5, #32
10003bc2:	d00f      	beq.n	10003be4 <_vsnprintf+0xa9c>
10003bc4:	0020      	movs	r0, r4
10003bc6:	210a      	movs	r1, #10
10003bc8:	f7fd fe8a 	bl	100018e0 <__wrap___aeabi_uidiv>
10003bcc:	3501      	adds	r5, #1
10003bce:	197e      	adds	r6, r7, r5
10003bd0:	3130      	adds	r1, #48	@ 0x30
10003bd2:	7031      	strb	r1, [r6, #0]
10003bd4:	0020      	movs	r0, r4
10003bd6:	210a      	movs	r1, #10
10003bd8:	f7fd fe82 	bl	100018e0 <__wrap___aeabi_uidiv>
10003bdc:	0026      	movs	r6, r4
10003bde:	0004      	movs	r4, r0
10003be0:	2e09      	cmp	r6, #9
10003be2:	d8ed      	bhi.n	10003bc0 <_vsnprintf+0xa78>
10003be4:	9b15      	ldr	r3, [sp, #84]	@ 0x54
10003be6:	46ac      	mov	ip, r5
10003be8:	4645      	mov	r5, r8
10003bea:	4698      	mov	r8, r3
10003bec:	9b14      	ldr	r3, [sp, #80]	@ 0x50
10003bee:	464e      	mov	r6, r9
10003bf0:	0019      	movs	r1, r3
10003bf2:	9c0d      	ldr	r4, [sp, #52]	@ 0x34
10003bf4:	9f16      	ldr	r7, [sp, #88]	@ 0x58
10003bf6:	9b0f      	ldr	r3, [sp, #60]	@ 0x3c
10003bf8:	9102      	str	r1, [sp, #8]
10003bfa:	9306      	str	r3, [sp, #24]
10003bfc:	4643      	mov	r3, r8
10003bfe:	9305      	str	r3, [sp, #20]
10003c00:	4653      	mov	r3, sl
10003c02:	9304      	str	r3, [sp, #16]
10003c04:	230a      	movs	r3, #10
10003c06:	9303      	str	r3, [sp, #12]
10003c08:	4663      	mov	r3, ip
10003c0a:	e750      	b.n	10003aae <_vsnprintf+0x966>
10003c0c:	0013      	movs	r3, r2
10003c0e:	061b      	lsls	r3, r3, #24
10003c10:	d56e      	bpl.n	10003cf0 <_vsnprintf+0xba8>
10003c12:	9b0d      	ldr	r3, [sp, #52]	@ 0x34
10003c14:	2200      	movs	r2, #0
10003c16:	5e9b      	ldrsh	r3, [r3, r2]
10003c18:	17d9      	asrs	r1, r3, #31
10003c1a:	185a      	adds	r2, r3, r1
10003c1c:	404a      	eors	r2, r1
10003c1e:	b292      	uxth	r2, r2
10003c20:	e709      	b.n	10003a36 <_vsnprintf+0x8ee>
10003c22:	2300      	movs	r3, #0
10003c24:	4699      	mov	r9, r3
10003c26:	2800      	cmp	r0, #0
10003c28:	d1a2      	bne.n	10003b70 <_vsnprintf+0xa28>
10003c2a:	2200      	movs	r2, #0
10003c2c:	2300      	movs	r3, #0
10003c2e:	9210      	str	r2, [sp, #64]	@ 0x40
10003c30:	9311      	str	r3, [sp, #68]	@ 0x44
10003c32:	e76a      	b.n	10003b0a <_vsnprintf+0x9c2>
10003c34:	9b0d      	ldr	r3, [sp, #52]	@ 0x34
10003c36:	681b      	ldr	r3, [r3, #0]
10003c38:	4699      	mov	r9, r3
10003c3a:	2b00      	cmp	r3, #0
10003c3c:	d103      	bne.n	10003c46 <_vsnprintf+0xafe>
10003c3e:	3310      	adds	r3, #16
10003c40:	4398      	bics	r0, r3
10003c42:	2900      	cmp	r1, #0
10003c44:	d138      	bne.n	10003cb8 <_vsnprintf+0xb70>
10003c46:	2361      	movs	r3, #97	@ 0x61
10003c48:	0682      	lsls	r2, r0, #26
10003c4a:	d500      	bpl.n	10003c4e <_vsnprintf+0xb06>
10003c4c:	2341      	movs	r3, #65	@ 0x41
10003c4e:	b2db      	uxtb	r3, r3
10003c50:	3b0a      	subs	r3, #10
10003c52:	930d      	str	r3, [sp, #52]	@ 0x34
10003c54:	4643      	mov	r3, r8
10003c56:	9316      	str	r3, [sp, #88]	@ 0x58
10003c58:	4653      	mov	r3, sl
10003c5a:	a914      	add	r1, sp, #80	@ 0x50
10003c5c:	221f      	movs	r2, #31
10003c5e:	468c      	mov	ip, r1
10003c60:	9317      	str	r3, [sp, #92]	@ 0x5c
10003c62:	002b      	movs	r3, r5
10003c64:	4462      	add	r2, ip
10003c66:	464d      	mov	r5, r9
10003c68:	46b2      	mov	sl, r6
10003c6a:	9415      	str	r4, [sp, #84]	@ 0x54
10003c6c:	9718      	str	r7, [sp, #96]	@ 0x60
10003c6e:	4680      	mov	r8, r0
10003c70:	0017      	movs	r7, r2
10003c72:	4699      	mov	r9, r3
10003c74:	9c0b      	ldr	r4, [sp, #44]	@ 0x2c
10003c76:	9e0f      	ldr	r6, [sp, #60]	@ 0x3c
10003c78:	e008      	b.n	10003c8c <_vsnprintf+0xb44>
10003c7a:	3330      	adds	r3, #48	@ 0x30
10003c7c:	b2db      	uxtb	r3, r3
10003c7e:	3401      	adds	r4, #1
10003c80:	553b      	strb	r3, [r7, r4]
10003c82:	42b5      	cmp	r5, r6
10003c84:	d30e      	bcc.n	10003ca4 <_vsnprintf+0xb5c>
10003c86:	2c20      	cmp	r4, #32
10003c88:	d00c      	beq.n	10003ca4 <_vsnprintf+0xb5c>
10003c8a:	0005      	movs	r5, r0
10003c8c:	0031      	movs	r1, r6
10003c8e:	0028      	movs	r0, r5
10003c90:	f7fd fe26 	bl	100018e0 <__wrap___aeabi_uidiv>
10003c94:	b2cb      	uxtb	r3, r1
10003c96:	2909      	cmp	r1, #9
10003c98:	d9ef      	bls.n	10003c7a <_vsnprintf+0xb32>
10003c9a:	9a0d      	ldr	r2, [sp, #52]	@ 0x34
10003c9c:	4694      	mov	ip, r2
10003c9e:	4463      	add	r3, ip
10003ca0:	b2db      	uxtb	r3, r3
10003ca2:	e7ec      	b.n	10003c7e <_vsnprintf+0xb36>
10003ca4:	9b16      	ldr	r3, [sp, #88]	@ 0x58
10003ca6:	4640      	mov	r0, r8
10003ca8:	4698      	mov	r8, r3
10003caa:	9b17      	ldr	r3, [sp, #92]	@ 0x5c
10003cac:	4656      	mov	r6, sl
10003cae:	464d      	mov	r5, r9
10003cb0:	469a      	mov	sl, r3
10003cb2:	940b      	str	r4, [sp, #44]	@ 0x2c
10003cb4:	9f18      	ldr	r7, [sp, #96]	@ 0x60
10003cb6:	9c15      	ldr	r4, [sp, #84]	@ 0x54
10003cb8:	4643      	mov	r3, r8
10003cba:	9305      	str	r3, [sp, #20]
10003cbc:	4653      	mov	r3, sl
10003cbe:	9304      	str	r3, [sp, #16]
10003cc0:	9b0f      	ldr	r3, [sp, #60]	@ 0x3c
10003cc2:	9006      	str	r0, [sp, #24]
10003cc4:	9303      	str	r3, [sp, #12]
10003cc6:	2300      	movs	r3, #0
10003cc8:	9302      	str	r3, [sp, #8]
10003cca:	9b0b      	ldr	r3, [sp, #44]	@ 0x2c
10003ccc:	e50b      	b.n	100036e6 <_vsnprintf+0x59e>
10003cce:	990b      	ldr	r1, [sp, #44]	@ 0x2c
10003cd0:	2380      	movs	r3, #128	@ 0x80
10003cd2:	000a      	movs	r2, r1
10003cd4:	00db      	lsls	r3, r3, #3
10003cd6:	401a      	ands	r2, r3
10003cd8:	0010      	movs	r0, r2
10003cda:	000a      	movs	r2, r1
10003cdc:	4219      	tst	r1, r3
10003cde:	d000      	beq.n	10003ce2 <_vsnprintf+0xb9a>
10003ce0:	e68b      	b.n	100039fa <_vsnprintf+0x8b2>
10003ce2:	2310      	movs	r3, #16
10003ce4:	439a      	bics	r2, r3
10003ce6:	920f      	str	r2, [sp, #60]	@ 0x3c
10003ce8:	e68b      	b.n	10003a02 <_vsnprintf+0x8ba>
10003cea:	2800      	cmp	r0, #0
10003cec:	d183      	bne.n	10003bf6 <_vsnprintf+0xaae>
10003cee:	e758      	b.n	10003ba2 <_vsnprintf+0xa5a>
10003cf0:	9b0d      	ldr	r3, [sp, #52]	@ 0x34
10003cf2:	681b      	ldr	r3, [r3, #0]
10003cf4:	17d9      	asrs	r1, r3, #31
10003cf6:	185a      	adds	r2, r3, r1
10003cf8:	404a      	eors	r2, r1
10003cfa:	e69c      	b.n	10003a36 <_vsnprintf+0x8ee>
10003cfc:	9b0d      	ldr	r3, [sp, #52]	@ 0x34
10003cfe:	681b      	ldr	r3, [r3, #0]
10003d00:	9309      	str	r3, [sp, #36]	@ 0x24
10003d02:	e4dc      	b.n	100036be <_vsnprintf+0x576>
10003d04:	0003      	movs	r3, r0
10003d06:	3301      	adds	r3, #1
10003d08:	930f      	str	r3, [sp, #60]	@ 0x3c
10003d0a:	e5a5      	b.n	10003858 <_vsnprintf+0x710>
10003d0c:	920b      	str	r2, [sp, #44]	@ 0x2c
10003d0e:	e46d      	b.n	100035ec <_vsnprintf+0x4a4>

10003d10 <vfctprintf>:
10003d10:	b500      	push	{lr}
10003d12:	b085      	sub	sp, #20
10003d14:	9103      	str	r1, [sp, #12]
10003d16:	2101      	movs	r1, #1
10003d18:	9002      	str	r0, [sp, #8]
10003d1a:	9300      	str	r3, [sp, #0]
10003d1c:	4803      	ldr	r0, [pc, #12]	@ (10003d2c <vfctprintf+0x1c>)
10003d1e:	0013      	movs	r3, r2
10003d20:	424a      	negs	r2, r1
10003d22:	a902      	add	r1, sp, #8
10003d24:	f7ff fa10 	bl	10003148 <_vsnprintf>
10003d28:	b005      	add	sp, #20
10003d2a:	bd00      	pop	{pc}
10003d2c:	10002915 	.word	0x10002915

10003d30 <weak_raw_vprintf>:
10003d30:	b510      	push	{r4, lr}
10003d32:	4a09      	ldr	r2, [pc, #36]	@ (10003d58 <weak_raw_vprintf+0x28>)
10003d34:	0003      	movs	r3, r0
10003d36:	6814      	ldr	r4, [r2, #0]
10003d38:	b084      	sub	sp, #16
10003d3a:	2c00      	cmp	r4, #0
10003d3c:	d008      	beq.n	10003d50 <weak_raw_vprintf+0x20>
10003d3e:	2201      	movs	r2, #1
10003d40:	9100      	str	r1, [sp, #0]
10003d42:	4806      	ldr	r0, [pc, #24]	@ (10003d5c <weak_raw_vprintf+0x2c>)
10003d44:	4252      	negs	r2, r2
10003d46:	a903      	add	r1, sp, #12
10003d48:	47a0      	blx	r4
10003d4a:	2001      	movs	r0, #1
10003d4c:	b004      	add	sp, #16
10003d4e:	bd10      	pop	{r4, pc}
10003d50:	f000 f98e 	bl	10004070 <__wrap_puts>
10003d54:	2000      	movs	r0, #0
10003d56:	e7f9      	b.n	10003d4c <weak_raw_vprintf+0x1c>
10003d58:	2000205c 	.word	0x2000205c
10003d5c:	10002905 	.word	0x10002905

10003d60 <_exit>:
10003d60:	be00      	bkpt	0x0000
10003d62:	e7fd      	b.n	10003d60 <_exit>

10003d64 <exit>:
10003d64:	b510      	push	{r4, lr}
10003d66:	f7ff fffb 	bl	10003d60 <_exit>
10003d6a:	46c0      	nop			@ (mov r8, r8)

10003d6c <runtime_init>:
10003d6c:	b570      	push	{r4, r5, r6, lr}
10003d6e:	f7fd fc75 	bl	1000165c <runtime_run_initializers>
10003d72:	4d07      	ldr	r5, [pc, #28]	@ (10003d90 <runtime_init+0x24>)
10003d74:	4e07      	ldr	r6, [pc, #28]	@ (10003d94 <runtime_init+0x28>)
10003d76:	42b5      	cmp	r5, r6
10003d78:	d209      	bcs.n	10003d8e <runtime_init+0x22>
10003d7a:	2400      	movs	r4, #0
10003d7c:	3e01      	subs	r6, #1
10003d7e:	1b76      	subs	r6, r6, r5
10003d80:	08b6      	lsrs	r6, r6, #2
10003d82:	cd08      	ldmia	r5!, {r3}
10003d84:	4798      	blx	r3
10003d86:	0023      	movs	r3, r4
10003d88:	3401      	adds	r4, #1
10003d8a:	42b3      	cmp	r3, r6
10003d8c:	d1f9      	bne.n	10003d82 <runtime_init+0x16>
10003d8e:	bd70      	pop	{r4, r5, r6, pc}
10003d90:	10006904 	.word	0x10006904
10003d94:	1000690c 	.word	0x1000690c

10003d98 <stdio_out_chars_no_crlf>:
10003d98:	0003      	movs	r3, r0
10003d9a:	b510      	push	{r4, lr}
10003d9c:	0008      	movs	r0, r1
10003d9e:	0011      	movs	r1, r2
10003da0:	681b      	ldr	r3, [r3, #0]
10003da2:	4798      	blx	r3
10003da4:	bd10      	pop	{r4, pc}
10003da6:	46c0      	nop			@ (mov r8, r8)

10003da8 <stdio_out_chars_crlf>:
10003da8:	b5f0      	push	{r4, r5, r6, r7, lr}
10003daa:	46c6      	mov	lr, r8
10003dac:	b500      	push	{lr}
10003dae:	7d43      	ldrb	r3, [r0, #21]
10003db0:	0007      	movs	r7, r0
10003db2:	000d      	movs	r5, r1
10003db4:	0016      	movs	r6, r2
10003db6:	2b00      	cmp	r3, #0
10003db8:	d038      	beq.n	10003e2c <stdio_out_chars_crlf+0x84>
10003dba:	2a00      	cmp	r2, #0
10003dbc:	dd2e      	ble.n	10003e1c <stdio_out_chars_crlf+0x74>
10003dbe:	2100      	movs	r1, #0
10003dc0:	1e6a      	subs	r2, r5, #1
10003dc2:	4690      	mov	r8, r2
10003dc4:	5c6a      	ldrb	r2, [r5, r1]
10003dc6:	7d03      	ldrb	r3, [r0, #20]
10003dc8:	1c4c      	adds	r4, r1, #1
10003dca:	2000      	movs	r0, #0
10003dcc:	2a0a      	cmp	r2, #10
10003dce:	d00c      	beq.n	10003dea <stdio_out_chars_crlf+0x42>
10003dd0:	42a6      	cmp	r6, r4
10003dd2:	d016      	beq.n	10003e02 <stdio_out_chars_crlf+0x5a>
10003dd4:	4643      	mov	r3, r8
10003dd6:	5d1b      	ldrb	r3, [r3, r4]
10003dd8:	0021      	movs	r1, r4
10003dda:	3b0d      	subs	r3, #13
10003ddc:	425a      	negs	r2, r3
10003dde:	4153      	adcs	r3, r2
10003de0:	5c6a      	ldrb	r2, [r5, r1]
10003de2:	b2db      	uxtb	r3, r3
10003de4:	1c4c      	adds	r4, r1, #1
10003de6:	2a0a      	cmp	r2, #10
10003de8:	d1f2      	bne.n	10003dd0 <stdio_out_chars_crlf+0x28>
10003dea:	2b00      	cmp	r3, #0
10003dec:	d1f0      	bne.n	10003dd0 <stdio_out_chars_crlf+0x28>
10003dee:	4288      	cmp	r0, r1
10003df0:	db17      	blt.n	10003e22 <stdio_out_chars_crlf+0x7a>
10003df2:	2102      	movs	r1, #2
10003df4:	4810      	ldr	r0, [pc, #64]	@ (10003e38 <stdio_out_chars_crlf+0x90>)
10003df6:	683b      	ldr	r3, [r7, #0]
10003df8:	4798      	blx	r3
10003dfa:	42a6      	cmp	r6, r4
10003dfc:	d007      	beq.n	10003e0e <stdio_out_chars_crlf+0x66>
10003dfe:	0020      	movs	r0, r4
10003e00:	e7e8      	b.n	10003dd4 <stdio_out_chars_crlf+0x2c>
10003e02:	4286      	cmp	r6, r0
10003e04:	dd03      	ble.n	10003e0e <stdio_out_chars_crlf+0x66>
10003e06:	1a31      	subs	r1, r6, r0
10003e08:	683b      	ldr	r3, [r7, #0]
10003e0a:	1828      	adds	r0, r5, r0
10003e0c:	4798      	blx	r3
10003e0e:	19ad      	adds	r5, r5, r6
10003e10:	3d01      	subs	r5, #1
10003e12:	782b      	ldrb	r3, [r5, #0]
10003e14:	3b0d      	subs	r3, #13
10003e16:	425a      	negs	r2, r3
10003e18:	4153      	adcs	r3, r2
10003e1a:	753b      	strb	r3, [r7, #20]
10003e1c:	bc80      	pop	{r7}
10003e1e:	46b8      	mov	r8, r7
10003e20:	bdf0      	pop	{r4, r5, r6, r7, pc}
10003e22:	1a09      	subs	r1, r1, r0
10003e24:	683b      	ldr	r3, [r7, #0]
10003e26:	1828      	adds	r0, r5, r0
10003e28:	4798      	blx	r3
10003e2a:	e7e2      	b.n	10003df2 <stdio_out_chars_crlf+0x4a>
10003e2c:	6803      	ldr	r3, [r0, #0]
10003e2e:	0011      	movs	r1, r2
10003e30:	0028      	movs	r0, r5
10003e32:	4798      	blx	r3
10003e34:	e7f2      	b.n	10003e1c <stdio_out_chars_crlf+0x74>
10003e36:	46c0      	nop			@ (mov r8, r8)
10003e38:	10006d00 	.word	0x10006d00

10003e3c <stdio_buffered_printer>:
10003e3c:	b5f0      	push	{r4, r5, r6, r7, lr}
10003e3e:	46c6      	mov	lr, r8
10003e40:	680b      	ldr	r3, [r1, #0]
10003e42:	0006      	movs	r6, r0
10003e44:	000c      	movs	r4, r1
10003e46:	b500      	push	{lr}
10003e48:	2b80      	cmp	r3, #128	@ 0x80
10003e4a:	d006      	beq.n	10003e5a <stdio_buffered_printer+0x1e>
10003e4c:	1c5a      	adds	r2, r3, #1
10003e4e:	6022      	str	r2, [r4, #0]
10003e50:	18e4      	adds	r4, r4, r3
10003e52:	7126      	strb	r6, [r4, #4]
10003e54:	bc80      	pop	{r7}
10003e56:	46b8      	mov	r8, r7
10003e58:	bdf0      	pop	{r4, r5, r6, r7, pc}
10003e5a:	4b0f      	ldr	r3, [pc, #60]	@ (10003e98 <stdio_buffered_printer+0x5c>)
10003e5c:	681d      	ldr	r5, [r3, #0]
10003e5e:	2d00      	cmp	r5, #0
10003e60:	d016      	beq.n	10003e90 <stdio_buffered_printer+0x54>
10003e62:	1d0b      	adds	r3, r1, #4
10003e64:	4698      	mov	r8, r3
10003e66:	4f0d      	ldr	r7, [pc, #52]	@ (10003e9c <stdio_buffered_printer+0x60>)
10003e68:	e002      	b.n	10003e70 <stdio_buffered_printer+0x34>
10003e6a:	692d      	ldr	r5, [r5, #16]
10003e6c:	2d00      	cmp	r5, #0
10003e6e:	d00f      	beq.n	10003e90 <stdio_buffered_printer+0x54>
10003e70:	682b      	ldr	r3, [r5, #0]
10003e72:	2b00      	cmp	r3, #0
10003e74:	d0f9      	beq.n	10003e6a <stdio_buffered_printer+0x2e>
10003e76:	683b      	ldr	r3, [r7, #0]
10003e78:	2b00      	cmp	r3, #0
10003e7a:	d001      	beq.n	10003e80 <stdio_buffered_printer+0x44>
10003e7c:	42ab      	cmp	r3, r5
10003e7e:	d1f4      	bne.n	10003e6a <stdio_buffered_printer+0x2e>
10003e80:	0028      	movs	r0, r5
10003e82:	4641      	mov	r1, r8
10003e84:	6822      	ldr	r2, [r4, #0]
10003e86:	f7ff ff8f 	bl	10003da8 <stdio_out_chars_crlf>
10003e8a:	692d      	ldr	r5, [r5, #16]
10003e8c:	2d00      	cmp	r5, #0
10003e8e:	d1ef      	bne.n	10003e70 <stdio_buffered_printer+0x34>
10003e90:	2201      	movs	r2, #1
10003e92:	2300      	movs	r3, #0
10003e94:	e7db      	b.n	10003e4e <stdio_buffered_printer+0x12>
10003e96:	46c0      	nop			@ (mov r8, r8)
10003e98:	20001c50 	.word	0x20001c50
10003e9c:	20001c58 	.word	0x20001c58

10003ea0 <stdio_put_string>:
10003ea0:	b5f0      	push	{r4, r5, r6, r7, lr}
10003ea2:	46de      	mov	lr, fp
10003ea4:	4657      	mov	r7, sl
10003ea6:	464e      	mov	r6, r9
10003ea8:	4645      	mov	r5, r8
10003eaa:	b5e0      	push	{r5, r6, r7, lr}
10003eac:	b085      	sub	sp, #20
10003eae:	0017      	movs	r7, r2
10003eb0:	001c      	movs	r4, r3
10003eb2:	0006      	movs	r6, r0
10003eb4:	000d      	movs	r5, r1
10003eb6:	f7fd f9ff 	bl	100012b8 <time_us_64>
10003eba:	2300      	movs	r3, #0
10003ebc:	4a31      	ldr	r2, [pc, #196]	@ (10003f84 <stdio_put_string+0xe4>)
10003ebe:	1812      	adds	r2, r2, r0
10003ec0:	414b      	adcs	r3, r1
10003ec2:	2180      	movs	r1, #128	@ 0x80
10003ec4:	0609      	lsls	r1, r1, #24
10003ec6:	428b      	cmp	r3, r1
10003ec8:	d302      	bcc.n	10003ed0 <stdio_put_string+0x30>
10003eca:	2201      	movs	r2, #1
10003ecc:	4b2e      	ldr	r3, [pc, #184]	@ (10003f88 <stdio_put_string+0xe8>)
10003ece:	4252      	negs	r2, r2
10003ed0:	492e      	ldr	r1, [pc, #184]	@ (10003f8c <stdio_put_string+0xec>)
10003ed2:	0008      	movs	r0, r1
10003ed4:	468a      	mov	sl, r1
10003ed6:	f002 fccf 	bl	10006878 <__mutex_try_enter_block_until_veneer>
10003eda:	9001      	str	r0, [sp, #4]
10003edc:	1c6b      	adds	r3, r5, #1
10003ede:	d103      	bne.n	10003ee8 <stdio_put_string+0x48>
10003ee0:	0030      	movs	r0, r6
10003ee2:	f002 fc5f 	bl	100067a4 <strlen>
10003ee6:	0005      	movs	r5, r0
10003ee8:	2c00      	cmp	r4, #0
10003eea:	d026      	beq.n	10003f3a <stdio_put_string+0x9a>
10003eec:	4b28      	ldr	r3, [pc, #160]	@ (10003f90 <stdio_put_string+0xf0>)
10003eee:	4698      	mov	r8, r3
10003ef0:	4b28      	ldr	r3, [pc, #160]	@ (10003f94 <stdio_put_string+0xf4>)
10003ef2:	681c      	ldr	r4, [r3, #0]
10003ef4:	2c00      	cmp	r4, #0
10003ef6:	d015      	beq.n	10003f24 <stdio_put_string+0x84>
10003ef8:	2f00      	cmp	r7, #0
10003efa:	d121      	bne.n	10003f40 <stdio_put_string+0xa0>
10003efc:	4f26      	ldr	r7, [pc, #152]	@ (10003f98 <stdio_put_string+0xf8>)
10003efe:	e002      	b.n	10003f06 <stdio_put_string+0x66>
10003f00:	6924      	ldr	r4, [r4, #16]
10003f02:	2c00      	cmp	r4, #0
10003f04:	d00e      	beq.n	10003f24 <stdio_put_string+0x84>
10003f06:	6823      	ldr	r3, [r4, #0]
10003f08:	2b00      	cmp	r3, #0
10003f0a:	d0f9      	beq.n	10003f00 <stdio_put_string+0x60>
10003f0c:	683b      	ldr	r3, [r7, #0]
10003f0e:	2b00      	cmp	r3, #0
10003f10:	d001      	beq.n	10003f16 <stdio_put_string+0x76>
10003f12:	429c      	cmp	r4, r3
10003f14:	d1f4      	bne.n	10003f00 <stdio_put_string+0x60>
10003f16:	0020      	movs	r0, r4
10003f18:	002a      	movs	r2, r5
10003f1a:	0031      	movs	r1, r6
10003f1c:	47c0      	blx	r8
10003f1e:	6924      	ldr	r4, [r4, #16]
10003f20:	2c00      	cmp	r4, #0
10003f22:	d1f0      	bne.n	10003f06 <stdio_put_string+0x66>
10003f24:	9b01      	ldr	r3, [sp, #4]
10003f26:	2b00      	cmp	r3, #0
10003f28:	d128      	bne.n	10003f7c <stdio_put_string+0xdc>
10003f2a:	0028      	movs	r0, r5
10003f2c:	b005      	add	sp, #20
10003f2e:	bcf0      	pop	{r4, r5, r6, r7}
10003f30:	46bb      	mov	fp, r7
10003f32:	46b2      	mov	sl, r6
10003f34:	46a9      	mov	r9, r5
10003f36:	46a0      	mov	r8, r4
10003f38:	bdf0      	pop	{r4, r5, r6, r7, pc}
10003f3a:	4b18      	ldr	r3, [pc, #96]	@ (10003f9c <stdio_put_string+0xfc>)
10003f3c:	4698      	mov	r8, r3
10003f3e:	e7d7      	b.n	10003ef0 <stdio_put_string+0x50>
10003f40:	4b15      	ldr	r3, [pc, #84]	@ (10003f98 <stdio_put_string+0xf8>)
10003f42:	4699      	mov	r9, r3
10003f44:	ab02      	add	r3, sp, #8
10003f46:	1ddf      	adds	r7, r3, #7
10003f48:	230a      	movs	r3, #10
10003f4a:	469b      	mov	fp, r3
10003f4c:	e002      	b.n	10003f54 <stdio_put_string+0xb4>
10003f4e:	6924      	ldr	r4, [r4, #16]
10003f50:	2c00      	cmp	r4, #0
10003f52:	d0e7      	beq.n	10003f24 <stdio_put_string+0x84>
10003f54:	6823      	ldr	r3, [r4, #0]
10003f56:	2b00      	cmp	r3, #0
10003f58:	d0f9      	beq.n	10003f4e <stdio_put_string+0xae>
10003f5a:	464b      	mov	r3, r9
10003f5c:	681b      	ldr	r3, [r3, #0]
10003f5e:	2b00      	cmp	r3, #0
10003f60:	d001      	beq.n	10003f66 <stdio_put_string+0xc6>
10003f62:	42a3      	cmp	r3, r4
10003f64:	d1f3      	bne.n	10003f4e <stdio_put_string+0xae>
10003f66:	002a      	movs	r2, r5
10003f68:	0031      	movs	r1, r6
10003f6a:	0020      	movs	r0, r4
10003f6c:	47c0      	blx	r8
10003f6e:	465b      	mov	r3, fp
10003f70:	2201      	movs	r2, #1
10003f72:	0039      	movs	r1, r7
10003f74:	0020      	movs	r0, r4
10003f76:	703b      	strb	r3, [r7, #0]
10003f78:	47c0      	blx	r8
10003f7a:	e7e8      	b.n	10003f4e <stdio_put_string+0xae>
10003f7c:	4650      	mov	r0, sl
10003f7e:	f002 fc4b 	bl	10006818 <__mutex_exit_veneer>
10003f82:	e7d2      	b.n	10003f2a <stdio_put_string+0x8a>
10003f84:	000f4240 	.word	0x000f4240
10003f88:	7fffffff 	.word	0x7fffffff
10003f8c:	20001058 	.word	0x20001058
10003f90:	10003da9 	.word	0x10003da9
10003f94:	20001c50 	.word	0x20001c50
10003f98:	20001c58 	.word	0x20001c58
10003f9c:	10003d99 	.word	0x10003d99

10003fa0 <stdio_set_driver_enabled>:
10003fa0:	4a0a      	ldr	r2, [pc, #40]	@ (10003fcc <stdio_set_driver_enabled+0x2c>)
10003fa2:	6813      	ldr	r3, [r2, #0]
10003fa4:	2b00      	cmp	r3, #0
10003fa6:	d105      	bne.n	10003fb4 <stdio_set_driver_enabled+0x14>
10003fa8:	e00c      	b.n	10003fc4 <stdio_set_driver_enabled+0x24>
10003faa:	001a      	movs	r2, r3
10003fac:	691b      	ldr	r3, [r3, #16]
10003fae:	3210      	adds	r2, #16
10003fb0:	2b00      	cmp	r3, #0
10003fb2:	d007      	beq.n	10003fc4 <stdio_set_driver_enabled+0x24>
10003fb4:	4298      	cmp	r0, r3
10003fb6:	d1f8      	bne.n	10003faa <stdio_set_driver_enabled+0xa>
10003fb8:	2900      	cmp	r1, #0
10003fba:	d102      	bne.n	10003fc2 <stdio_set_driver_enabled+0x22>
10003fbc:	6903      	ldr	r3, [r0, #16]
10003fbe:	6013      	str	r3, [r2, #0]
10003fc0:	6101      	str	r1, [r0, #16]
10003fc2:	4770      	bx	lr
10003fc4:	2900      	cmp	r1, #0
10003fc6:	d0fc      	beq.n	10003fc2 <stdio_set_driver_enabled+0x22>
10003fc8:	6010      	str	r0, [r2, #0]
10003fca:	e7fa      	b.n	10003fc2 <stdio_set_driver_enabled+0x22>
10003fcc:	20001c50 	.word	0x20001c50

10003fd0 <stdio_init_all>:
10003fd0:	b510      	push	{r4, lr}
10003fd2:	f000 fafd 	bl	100045d0 <stdio_usb_init>
10003fd6:	bd10      	pop	{r4, pc}

10003fd8 <__wrap_putchar>:
10003fd8:	b5f0      	push	{r4, r5, r6, r7, lr}
10003fda:	46ce      	mov	lr, r9
10003fdc:	4647      	mov	r7, r8
10003fde:	b580      	push	{r7, lr}
10003fe0:	b083      	sub	sp, #12
10003fe2:	466b      	mov	r3, sp
10003fe4:	0006      	movs	r6, r0
10003fe6:	1ddd      	adds	r5, r3, #7
10003fe8:	7028      	strb	r0, [r5, #0]
10003fea:	f7fd f965 	bl	100012b8 <time_us_64>
10003fee:	2300      	movs	r3, #0
10003ff0:	4a1a      	ldr	r2, [pc, #104]	@ (1000405c <__wrap_putchar+0x84>)
10003ff2:	1812      	adds	r2, r2, r0
10003ff4:	414b      	adcs	r3, r1
10003ff6:	2180      	movs	r1, #128	@ 0x80
10003ff8:	0609      	lsls	r1, r1, #24
10003ffa:	428b      	cmp	r3, r1
10003ffc:	d302      	bcc.n	10004004 <__wrap_putchar+0x2c>
10003ffe:	2201      	movs	r2, #1
10004000:	4b17      	ldr	r3, [pc, #92]	@ (10004060 <__wrap_putchar+0x88>)
10004002:	4252      	negs	r2, r2
10004004:	4917      	ldr	r1, [pc, #92]	@ (10004064 <__wrap_putchar+0x8c>)
10004006:	0008      	movs	r0, r1
10004008:	4688      	mov	r8, r1
1000400a:	f002 fc35 	bl	10006878 <__mutex_try_enter_block_until_veneer>
1000400e:	4b16      	ldr	r3, [pc, #88]	@ (10004068 <__wrap_putchar+0x90>)
10004010:	4681      	mov	r9, r0
10004012:	681c      	ldr	r4, [r3, #0]
10004014:	2c00      	cmp	r4, #0
10004016:	d014      	beq.n	10004042 <__wrap_putchar+0x6a>
10004018:	4f14      	ldr	r7, [pc, #80]	@ (1000406c <__wrap_putchar+0x94>)
1000401a:	e002      	b.n	10004022 <__wrap_putchar+0x4a>
1000401c:	6924      	ldr	r4, [r4, #16]
1000401e:	2c00      	cmp	r4, #0
10004020:	d00f      	beq.n	10004042 <__wrap_putchar+0x6a>
10004022:	6823      	ldr	r3, [r4, #0]
10004024:	2b00      	cmp	r3, #0
10004026:	d0f9      	beq.n	1000401c <__wrap_putchar+0x44>
10004028:	683b      	ldr	r3, [r7, #0]
1000402a:	2b00      	cmp	r3, #0
1000402c:	d001      	beq.n	10004032 <__wrap_putchar+0x5a>
1000402e:	429c      	cmp	r4, r3
10004030:	d1f4      	bne.n	1000401c <__wrap_putchar+0x44>
10004032:	0020      	movs	r0, r4
10004034:	2201      	movs	r2, #1
10004036:	0029      	movs	r1, r5
10004038:	f7ff feb6 	bl	10003da8 <stdio_out_chars_crlf>
1000403c:	6924      	ldr	r4, [r4, #16]
1000403e:	2c00      	cmp	r4, #0
10004040:	d1ef      	bne.n	10004022 <__wrap_putchar+0x4a>
10004042:	464b      	mov	r3, r9
10004044:	2b00      	cmp	r3, #0
10004046:	d105      	bne.n	10004054 <__wrap_putchar+0x7c>
10004048:	0030      	movs	r0, r6
1000404a:	b003      	add	sp, #12
1000404c:	bcc0      	pop	{r6, r7}
1000404e:	46b9      	mov	r9, r7
10004050:	46b0      	mov	r8, r6
10004052:	bdf0      	pop	{r4, r5, r6, r7, pc}
10004054:	4640      	mov	r0, r8
10004056:	f002 fbdf 	bl	10006818 <__mutex_exit_veneer>
1000405a:	e7f5      	b.n	10004048 <__wrap_putchar+0x70>
1000405c:	000f4240 	.word	0x000f4240
10004060:	7fffffff 	.word	0x7fffffff
10004064:	20001058 	.word	0x20001058
10004068:	20001c50 	.word	0x20001c50
1000406c:	20001c58 	.word	0x20001c58

10004070 <__wrap_puts>:
10004070:	b570      	push	{r4, r5, r6, lr}
10004072:	0004      	movs	r4, r0
10004074:	f002 fb96 	bl	100067a4 <strlen>
10004078:	2301      	movs	r3, #1
1000407a:	0001      	movs	r1, r0
1000407c:	0005      	movs	r5, r0
1000407e:	2201      	movs	r2, #1
10004080:	0020      	movs	r0, r4
10004082:	f7ff ff0d 	bl	10003ea0 <stdio_put_string>
10004086:	4b08      	ldr	r3, [pc, #32]	@ (100040a8 <__wrap_puts+0x38>)
10004088:	681c      	ldr	r4, [r3, #0]
1000408a:	2c00      	cmp	r4, #0
1000408c:	d006      	beq.n	1000409c <__wrap_puts+0x2c>
1000408e:	6863      	ldr	r3, [r4, #4]
10004090:	2b00      	cmp	r3, #0
10004092:	d005      	beq.n	100040a0 <__wrap_puts+0x30>
10004094:	4798      	blx	r3
10004096:	6924      	ldr	r4, [r4, #16]
10004098:	2c00      	cmp	r4, #0
1000409a:	d1f8      	bne.n	1000408e <__wrap_puts+0x1e>
1000409c:	0028      	movs	r0, r5
1000409e:	bd70      	pop	{r4, r5, r6, pc}
100040a0:	6924      	ldr	r4, [r4, #16]
100040a2:	2c00      	cmp	r4, #0
100040a4:	d1f3      	bne.n	1000408e <__wrap_puts+0x1e>
100040a6:	e7f9      	b.n	1000409c <__wrap_puts+0x2c>
100040a8:	20001c50 	.word	0x20001c50

100040ac <__wrap_vprintf>:
100040ac:	b5f0      	push	{r4, r5, r6, r7, lr}
100040ae:	46ce      	mov	lr, r9
100040b0:	4647      	mov	r7, r8
100040b2:	b580      	push	{r7, lr}
100040b4:	b0a3      	sub	sp, #140	@ 0x8c
100040b6:	0004      	movs	r4, r0
100040b8:	000d      	movs	r5, r1
100040ba:	f7fd f8fd 	bl	100012b8 <time_us_64>
100040be:	2300      	movs	r3, #0
100040c0:	4a29      	ldr	r2, [pc, #164]	@ (10004168 <__wrap_vprintf+0xbc>)
100040c2:	1812      	adds	r2, r2, r0
100040c4:	414b      	adcs	r3, r1
100040c6:	2180      	movs	r1, #128	@ 0x80
100040c8:	0609      	lsls	r1, r1, #24
100040ca:	428b      	cmp	r3, r1
100040cc:	d302      	bcc.n	100040d4 <__wrap_vprintf+0x28>
100040ce:	2201      	movs	r2, #1
100040d0:	4b26      	ldr	r3, [pc, #152]	@ (1000416c <__wrap_vprintf+0xc0>)
100040d2:	4252      	negs	r2, r2
100040d4:	4f26      	ldr	r7, [pc, #152]	@ (10004170 <__wrap_vprintf+0xc4>)
100040d6:	0038      	movs	r0, r7
100040d8:	f002 fbce 	bl	10006878 <__mutex_try_enter_block_until_veneer>
100040dc:	2300      	movs	r3, #0
100040de:	0006      	movs	r6, r0
100040e0:	9301      	str	r3, [sp, #4]
100040e2:	0022      	movs	r2, r4
100040e4:	002b      	movs	r3, r5
100040e6:	4823      	ldr	r0, [pc, #140]	@ (10004174 <__wrap_vprintf+0xc8>)
100040e8:	a901      	add	r1, sp, #4
100040ea:	f7ff fe11 	bl	10003d10 <vfctprintf>
100040ee:	9b01      	ldr	r3, [sp, #4]
100040f0:	4680      	mov	r8, r0
100040f2:	2b00      	cmp	r3, #0
100040f4:	d114      	bne.n	10004120 <__wrap_vprintf+0x74>
100040f6:	4b20      	ldr	r3, [pc, #128]	@ (10004178 <__wrap_vprintf+0xcc>)
100040f8:	681c      	ldr	r4, [r3, #0]
100040fa:	2c00      	cmp	r4, #0
100040fc:	d006      	beq.n	1000410c <__wrap_vprintf+0x60>
100040fe:	6863      	ldr	r3, [r4, #4]
10004100:	2b00      	cmp	r3, #0
10004102:	d00b      	beq.n	1000411c <__wrap_vprintf+0x70>
10004104:	4798      	blx	r3
10004106:	6924      	ldr	r4, [r4, #16]
10004108:	2c00      	cmp	r4, #0
1000410a:	d1f8      	bne.n	100040fe <__wrap_vprintf+0x52>
1000410c:	2e00      	cmp	r6, #0
1000410e:	d125      	bne.n	1000415c <__wrap_vprintf+0xb0>
10004110:	4640      	mov	r0, r8
10004112:	b023      	add	sp, #140	@ 0x8c
10004114:	bcc0      	pop	{r6, r7}
10004116:	46b9      	mov	r9, r7
10004118:	46b0      	mov	r8, r6
1000411a:	bdf0      	pop	{r4, r5, r6, r7, pc}
1000411c:	6924      	ldr	r4, [r4, #16]
1000411e:	e7ec      	b.n	100040fa <__wrap_vprintf+0x4e>
10004120:	4b15      	ldr	r3, [pc, #84]	@ (10004178 <__wrap_vprintf+0xcc>)
10004122:	681d      	ldr	r5, [r3, #0]
10004124:	4699      	mov	r9, r3
10004126:	2d00      	cmp	r5, #0
10004128:	d01c      	beq.n	10004164 <__wrap_vprintf+0xb8>
1000412a:	4c14      	ldr	r4, [pc, #80]	@ (1000417c <__wrap_vprintf+0xd0>)
1000412c:	e002      	b.n	10004134 <__wrap_vprintf+0x88>
1000412e:	692d      	ldr	r5, [r5, #16]
10004130:	2d00      	cmp	r5, #0
10004132:	d00f      	beq.n	10004154 <__wrap_vprintf+0xa8>
10004134:	682b      	ldr	r3, [r5, #0]
10004136:	2b00      	cmp	r3, #0
10004138:	d0f9      	beq.n	1000412e <__wrap_vprintf+0x82>
1000413a:	6823      	ldr	r3, [r4, #0]
1000413c:	2b00      	cmp	r3, #0
1000413e:	d001      	beq.n	10004144 <__wrap_vprintf+0x98>
10004140:	42ab      	cmp	r3, r5
10004142:	d1f4      	bne.n	1000412e <__wrap_vprintf+0x82>
10004144:	0028      	movs	r0, r5
10004146:	9a01      	ldr	r2, [sp, #4]
10004148:	a902      	add	r1, sp, #8
1000414a:	f7ff fe2d 	bl	10003da8 <stdio_out_chars_crlf>
1000414e:	692d      	ldr	r5, [r5, #16]
10004150:	2d00      	cmp	r5, #0
10004152:	d1ef      	bne.n	10004134 <__wrap_vprintf+0x88>
10004154:	464b      	mov	r3, r9
10004156:	9501      	str	r5, [sp, #4]
10004158:	681c      	ldr	r4, [r3, #0]
1000415a:	e7ce      	b.n	100040fa <__wrap_vprintf+0x4e>
1000415c:	0038      	movs	r0, r7
1000415e:	f002 fb5b 	bl	10006818 <__mutex_exit_veneer>
10004162:	e7d5      	b.n	10004110 <__wrap_vprintf+0x64>
10004164:	9501      	str	r5, [sp, #4]
10004166:	e7d1      	b.n	1000410c <__wrap_vprintf+0x60>
10004168:	000f4240 	.word	0x000f4240
1000416c:	7fffffff 	.word	0x7fffffff
10004170:	20001058 	.word	0x20001058
10004174:	10003e3d 	.word	0x10003e3d
10004178:	20001c50 	.word	0x20001c50
1000417c:	20001c58 	.word	0x20001c58

10004180 <__wrap_printf>:
10004180:	b40f      	push	{r0, r1, r2, r3}
10004182:	b500      	push	{lr}
10004184:	b083      	sub	sp, #12
10004186:	a904      	add	r1, sp, #16
10004188:	c901      	ldmia	r1!, {r0}
1000418a:	9101      	str	r1, [sp, #4]
1000418c:	f7ff ff8e 	bl	100040ac <__wrap_vprintf>
10004190:	b003      	add	sp, #12
10004192:	bc08      	pop	{r3}
10004194:	b004      	add	sp, #16
10004196:	4718      	bx	r3

10004198 <resetd_init>:
10004198:	4770      	bx	lr
1000419a:	46c0      	nop			@ (mov r8, r8)

1000419c <resetd_reset>:
1000419c:	2200      	movs	r2, #0
1000419e:	4b01      	ldr	r3, [pc, #4]	@ (100041a4 <resetd_reset+0x8>)
100041a0:	701a      	strb	r2, [r3, #0]
100041a2:	4770      	bx	lr
100041a4:	200020c6 	.word	0x200020c6

100041a8 <resetd_open>:
100041a8:	794b      	ldrb	r3, [r1, #5]
100041aa:	2000      	movs	r0, #0
100041ac:	2bff      	cmp	r3, #255	@ 0xff
100041ae:	d10b      	bne.n	100041c8 <resetd_open+0x20>
100041b0:	798b      	ldrb	r3, [r1, #6]
100041b2:	2b00      	cmp	r3, #0
100041b4:	d108      	bne.n	100041c8 <resetd_open+0x20>
100041b6:	79cb      	ldrb	r3, [r1, #7]
100041b8:	2b01      	cmp	r3, #1
100041ba:	d105      	bne.n	100041c8 <resetd_open+0x20>
100041bc:	2a08      	cmp	r2, #8
100041be:	d903      	bls.n	100041c8 <resetd_open+0x20>
100041c0:	4b02      	ldr	r3, [pc, #8]	@ (100041cc <resetd_open+0x24>)
100041c2:	788a      	ldrb	r2, [r1, #2]
100041c4:	3009      	adds	r0, #9
100041c6:	701a      	strb	r2, [r3, #0]
100041c8:	4770      	bx	lr
100041ca:	46c0      	nop			@ (mov r8, r8)
100041cc:	200020c6 	.word	0x200020c6

100041d0 <resetd_xfer_cb>:
100041d0:	2001      	movs	r0, #1
100041d2:	4770      	bx	lr

100041d4 <resetd_control_xfer_cb>:
100041d4:	b510      	push	{r4, lr}
100041d6:	2901      	cmp	r1, #1
100041d8:	d001      	beq.n	100041de <resetd_control_xfer_cb+0xa>
100041da:	2001      	movs	r0, #1
100041dc:	bd10      	pop	{r4, pc}
100041de:	4911      	ldr	r1, [pc, #68]	@ (10004224 <resetd_control_xfer_cb+0x50>)
100041e0:	7953      	ldrb	r3, [r2, #5]
100041e2:	7910      	ldrb	r0, [r2, #4]
100041e4:	7809      	ldrb	r1, [r1, #0]
100041e6:	021b      	lsls	r3, r3, #8
100041e8:	4303      	orrs	r3, r0
100041ea:	2000      	movs	r0, #0
100041ec:	4299      	cmp	r1, r3
100041ee:	d1f5      	bne.n	100041dc <resetd_control_xfer_cb+0x8>
100041f0:	7853      	ldrb	r3, [r2, #1]
100041f2:	2b01      	cmp	r3, #1
100041f4:	d008      	beq.n	10004208 <resetd_control_xfer_cb+0x34>
100041f6:	2b02      	cmp	r3, #2
100041f8:	d1f0      	bne.n	100041dc <resetd_control_xfer_cb+0x8>
100041fa:	2000      	movs	r0, #0
100041fc:	2264      	movs	r2, #100	@ 0x64
100041fe:	2100      	movs	r1, #0
10004200:	f7fd f9ba 	bl	10001578 <watchdog_reboot>
10004204:	2001      	movs	r0, #1
10004206:	e7e9      	b.n	100041dc <resetd_control_xfer_cb+0x8>
10004208:	7891      	ldrb	r1, [r2, #2]
1000420a:	78d2      	ldrb	r2, [r2, #3]
1000420c:	0212      	lsls	r2, r2, #8
1000420e:	4311      	orrs	r1, r2
10004210:	05d2      	lsls	r2, r2, #23
10004212:	d502      	bpl.n	1000421a <resetd_control_xfer_cb+0x46>
10004214:	0a4a      	lsrs	r2, r1, #9
10004216:	4093      	lsls	r3, r2
10004218:	0018      	movs	r0, r3
1000421a:	237f      	movs	r3, #127	@ 0x7f
1000421c:	4019      	ands	r1, r3
1000421e:	f7fd fb27 	bl	10001870 <rom_reset_usb_boot>
10004222:	46c0      	nop			@ (mov r8, r8)
10004224:	200020c6 	.word	0x200020c6

10004228 <tud_descriptor_bos_cb>:
10004228:	4800      	ldr	r0, [pc, #0]	@ (1000422c <tud_descriptor_bos_cb+0x4>)
1000422a:	4770      	bx	lr
1000422c:	10006dcc 	.word	0x10006dcc

10004230 <tud_vendor_control_xfer_cb>:
10004230:	b570      	push	{r4, r5, r6, lr}
10004232:	0005      	movs	r5, r0
10004234:	0014      	movs	r4, r2
10004236:	2001      	movs	r0, #1
10004238:	2901      	cmp	r1, #1
1000423a:	d109      	bne.n	10004250 <tud_vendor_control_xfer_cb+0x20>
1000423c:	7853      	ldrb	r3, [r2, #1]
1000423e:	2000      	movs	r0, #0
10004240:	2b01      	cmp	r3, #1
10004242:	d105      	bne.n	10004250 <tud_vendor_control_xfer_cb+0x20>
10004244:	7963      	ldrb	r3, [r4, #5]
10004246:	7912      	ldrb	r2, [r2, #4]
10004248:	021b      	lsls	r3, r3, #8
1000424a:	4313      	orrs	r3, r2
1000424c:	2b07      	cmp	r3, #7
1000424e:	d000      	beq.n	10004252 <tud_vendor_control_xfer_cb+0x22>
10004250:	bd70      	pop	{r4, r5, r6, pc}
10004252:	0021      	movs	r1, r4
10004254:	0028      	movs	r0, r5
10004256:	4a02      	ldr	r2, [pc, #8]	@ (10004260 <tud_vendor_control_xfer_cb+0x30>)
10004258:	339f      	adds	r3, #159	@ 0x9f
1000425a:	f001 fa47 	bl	100056ec <tud_control_xfer>
1000425e:	e7f7      	b.n	10004250 <tud_vendor_control_xfer_cb+0x20>
10004260:	10006d24 	.word	0x10006d24

10004264 <usbd_app_driver_get_cb>:
10004264:	2301      	movs	r3, #1
10004266:	7003      	strb	r3, [r0, #0]
10004268:	4800      	ldr	r0, [pc, #0]	@ (1000426c <usbd_app_driver_get_cb+0x8>)
1000426a:	4770      	bx	lr
1000426c:	10006d04 	.word	0x10006d04

10004270 <tud_cdc_line_coding_cb>:
10004270:	784b      	ldrb	r3, [r1, #1]
10004272:	780a      	ldrb	r2, [r1, #0]
10004274:	021b      	lsls	r3, r3, #8
10004276:	4313      	orrs	r3, r2
10004278:	788a      	ldrb	r2, [r1, #2]
1000427a:	b510      	push	{r4, lr}
1000427c:	0412      	lsls	r2, r2, #16
1000427e:	431a      	orrs	r2, r3
10004280:	78cb      	ldrb	r3, [r1, #3]
10004282:	061b      	lsls	r3, r3, #24
10004284:	4313      	orrs	r3, r2
10004286:	2296      	movs	r2, #150	@ 0x96
10004288:	00d2      	lsls	r2, r2, #3
1000428a:	4293      	cmp	r3, r2
1000428c:	d000      	beq.n	10004290 <tud_cdc_line_coding_cb+0x20>
1000428e:	bd10      	pop	{r4, pc}
10004290:	2100      	movs	r1, #0
10004292:	0008      	movs	r0, r1
10004294:	f7fd faec 	bl	10001870 <rom_reset_usb_boot>

10004298 <stdio_usb_set_chars_available_callback>:
10004298:	4b02      	ldr	r3, [pc, #8]	@ (100042a4 <stdio_usb_set_chars_available_callback+0xc>)
1000429a:	6018      	str	r0, [r3, #0]
1000429c:	4b02      	ldr	r3, [pc, #8]	@ (100042a8 <stdio_usb_set_chars_available_callback+0x10>)
1000429e:	6019      	str	r1, [r3, #0]
100042a0:	4770      	bx	lr
100042a2:	46c0      	nop			@ (mov r8, r8)
100042a4:	20001bf0 	.word	0x20001bf0
100042a8:	20001bf4 	.word	0x20001bf4

100042ac <usb_irq>:
100042ac:	b510      	push	{r4, lr}
100042ae:	4b02      	ldr	r3, [pc, #8]	@ (100042b8 <usb_irq+0xc>)
100042b0:	7818      	ldrb	r0, [r3, #0]
100042b2:	f7fc f9cb 	bl	1000064c <irq_set_pending>
100042b6:	bd10      	pop	{r4, pc}
100042b8:	200020c7 	.word	0x200020c7

100042bc <timer_task>:
100042bc:	4b15      	ldr	r3, [pc, #84]	@ (10004314 <timer_task+0x58>)
100042be:	b570      	push	{r4, r5, r6, lr}
100042c0:	681a      	ldr	r2, [r3, #0]
100042c2:	2a00      	cmp	r2, #0
100042c4:	d022      	beq.n	1000430c <timer_task+0x50>
100042c6:	f3ef 8110 	mrs	r1, PRIMASK
100042ca:	b672      	cpsid	i
100042cc:	6810      	ldr	r0, [r2, #0]
100042ce:	2800      	cmp	r0, #0
100042d0:	d0fc      	beq.n	100042cc <timer_task+0x10>
100042d2:	f3bf 8f5f 	dmb	sy
100042d6:	2000      	movs	r0, #0
100042d8:	4a0f      	ldr	r2, [pc, #60]	@ (10004318 <timer_task+0x5c>)
100042da:	6059      	str	r1, [r3, #4]
100042dc:	7010      	strb	r0, [r2, #0]
100042de:	681b      	ldr	r3, [r3, #0]
100042e0:	f3bf 8f5f 	dmb	sy
100042e4:	6018      	str	r0, [r3, #0]
100042e6:	f381 8810 	msr	PRIMASK, r1
100042ea:	2400      	movs	r4, #0
100042ec:	2500      	movs	r5, #0
100042ee:	4e0b      	ldr	r6, [pc, #44]	@ (1000431c <timer_task+0x60>)
100042f0:	7830      	ldrb	r0, [r6, #0]
100042f2:	f7fc f99f 	bl	10000634 <irq_is_enabled>
100042f6:	2800      	cmp	r0, #0
100042f8:	d104      	bne.n	10004304 <timer_task+0x48>
100042fa:	2400      	movs	r4, #0
100042fc:	2500      	movs	r5, #0
100042fe:	0029      	movs	r1, r5
10004300:	0020      	movs	r0, r4
10004302:	bd70      	pop	{r4, r5, r6, pc}
10004304:	7830      	ldrb	r0, [r6, #0]
10004306:	f7fc f9a1 	bl	1000064c <irq_set_pending>
1000430a:	e7f8      	b.n	100042fe <timer_task+0x42>
1000430c:	24fa      	movs	r4, #250	@ 0xfa
1000430e:	2500      	movs	r5, #0
10004310:	00a4      	lsls	r4, r4, #2
10004312:	e7ec      	b.n	100042ee <timer_task+0x32>
10004314:	20002080 	.word	0x20002080
10004318:	200020c8 	.word	0x200020c8
1000431c:	200020c7 	.word	0x200020c7

10004320 <stdio_usb_in_chars>:
10004320:	b570      	push	{r4, r5, r6, lr}
10004322:	0004      	movs	r4, r0
10004324:	2000      	movs	r0, #0
10004326:	000e      	movs	r6, r1
10004328:	f001 faf8 	bl	1000591c <tud_cdc_n_connected>
1000432c:	2800      	cmp	r0, #0
1000432e:	d036      	beq.n	1000439e <stdio_usb_in_chars+0x7e>
10004330:	2000      	movs	r0, #0
10004332:	f001 fb0b 	bl	1000594c <tud_cdc_n_available>
10004336:	2800      	cmp	r0, #0
10004338:	d031      	beq.n	1000439e <stdio_usb_in_chars+0x7e>
1000433a:	f7fc ffbd 	bl	100012b8 <time_us_64>
1000433e:	2300      	movs	r3, #0
10004340:	4a18      	ldr	r2, [pc, #96]	@ (100043a4 <stdio_usb_in_chars+0x84>)
10004342:	1812      	adds	r2, r2, r0
10004344:	414b      	adcs	r3, r1
10004346:	2180      	movs	r1, #128	@ 0x80
10004348:	0609      	lsls	r1, r1, #24
1000434a:	428b      	cmp	r3, r1
1000434c:	d216      	bcs.n	1000437c <stdio_usb_in_chars+0x5c>
1000434e:	4d16      	ldr	r5, [pc, #88]	@ (100043a8 <stdio_usb_in_chars+0x88>)
10004350:	0028      	movs	r0, r5
10004352:	f002 fa91 	bl	10006878 <__mutex_try_enter_block_until_veneer>
10004356:	2800      	cmp	r0, #0
10004358:	d021      	beq.n	1000439e <stdio_usb_in_chars+0x7e>
1000435a:	2000      	movs	r0, #0
1000435c:	f001 fade 	bl	1000591c <tud_cdc_n_connected>
10004360:	2800      	cmp	r0, #0
10004362:	d10f      	bne.n	10004384 <stdio_usb_in_chars+0x64>
10004364:	2001      	movs	r0, #1
10004366:	2100      	movs	r1, #0
10004368:	4240      	negs	r0, r0
1000436a:	f000 fcf3 	bl	10004d54 <tud_task_ext>
1000436e:	2403      	movs	r4, #3
10004370:	4264      	negs	r4, r4
10004372:	0028      	movs	r0, r5
10004374:	f002 fa50 	bl	10006818 <__mutex_exit_veneer>
10004378:	0020      	movs	r0, r4
1000437a:	bd70      	pop	{r4, r5, r6, pc}
1000437c:	2201      	movs	r2, #1
1000437e:	4b0b      	ldr	r3, [pc, #44]	@ (100043ac <stdio_usb_in_chars+0x8c>)
10004380:	4252      	negs	r2, r2
10004382:	e7e4      	b.n	1000434e <stdio_usb_in_chars+0x2e>
10004384:	2000      	movs	r0, #0
10004386:	f001 fae1 	bl	1000594c <tud_cdc_n_available>
1000438a:	2800      	cmp	r0, #0
1000438c:	d0ea      	beq.n	10004364 <stdio_usb_in_chars+0x44>
1000438e:	0021      	movs	r1, r4
10004390:	0032      	movs	r2, r6
10004392:	2000      	movs	r0, #0
10004394:	f001 fae6 	bl	10005964 <tud_cdc_n_read>
10004398:	1e04      	subs	r4, r0, #0
1000439a:	d1ea      	bne.n	10004372 <stdio_usb_in_chars+0x52>
1000439c:	e7e7      	b.n	1000436e <stdio_usb_in_chars+0x4e>
1000439e:	2403      	movs	r4, #3
100043a0:	4264      	negs	r4, r4
100043a2:	e7e9      	b.n	10004378 <stdio_usb_in_chars+0x58>
100043a4:	000f4240 	.word	0x000f4240
100043a8:	200020a8 	.word	0x200020a8
100043ac:	7fffffff 	.word	0x7fffffff

100043b0 <stdio_usb_out_flush>:
100043b0:	b510      	push	{r4, lr}
100043b2:	f7fc ff81 	bl	100012b8 <time_us_64>
100043b6:	2300      	movs	r3, #0
100043b8:	4a0e      	ldr	r2, [pc, #56]	@ (100043f4 <stdio_usb_out_flush+0x44>)
100043ba:	1812      	adds	r2, r2, r0
100043bc:	414b      	adcs	r3, r1
100043be:	2180      	movs	r1, #128	@ 0x80
100043c0:	0609      	lsls	r1, r1, #24
100043c2:	428b      	cmp	r3, r1
100043c4:	d302      	bcc.n	100043cc <stdio_usb_out_flush+0x1c>
100043c6:	2201      	movs	r2, #1
100043c8:	4b0b      	ldr	r3, [pc, #44]	@ (100043f8 <stdio_usb_out_flush+0x48>)
100043ca:	4252      	negs	r2, r2
100043cc:	4c0b      	ldr	r4, [pc, #44]	@ (100043fc <stdio_usb_out_flush+0x4c>)
100043ce:	0020      	movs	r0, r4
100043d0:	f002 fa52 	bl	10006878 <__mutex_try_enter_block_until_veneer>
100043d4:	2800      	cmp	r0, #0
100043d6:	d00c      	beq.n	100043f2 <stdio_usb_out_flush+0x42>
100043d8:	2001      	movs	r0, #1
100043da:	2100      	movs	r1, #0
100043dc:	4240      	negs	r0, r0
100043de:	f000 fcb9 	bl	10004d54 <tud_task_ext>
100043e2:	2000      	movs	r0, #0
100043e4:	f001 fb0a 	bl	100059fc <tud_cdc_n_write_flush>
100043e8:	2800      	cmp	r0, #0
100043ea:	d1f5      	bne.n	100043d8 <stdio_usb_out_flush+0x28>
100043ec:	0020      	movs	r0, r4
100043ee:	f002 fa13 	bl	10006818 <__mutex_exit_veneer>
100043f2:	bd10      	pop	{r4, pc}
100043f4:	000f4240 	.word	0x000f4240
100043f8:	7fffffff 	.word	0x7fffffff
100043fc:	200020a8 	.word	0x200020a8

10004400 <stdio_usb_out_chars>:
10004400:	b5f8      	push	{r3, r4, r5, r6, r7, lr}
10004402:	46de      	mov	lr, fp
10004404:	4657      	mov	r7, sl
10004406:	b580      	push	{r7, lr}
10004408:	0005      	movs	r5, r0
1000440a:	000c      	movs	r4, r1
1000440c:	f7fc ff54 	bl	100012b8 <time_us_64>
10004410:	2300      	movs	r3, #0
10004412:	4a37      	ldr	r2, [pc, #220]	@ (100044f0 <stdio_usb_out_chars+0xf0>)
10004414:	1812      	adds	r2, r2, r0
10004416:	414b      	adcs	r3, r1
10004418:	2180      	movs	r1, #128	@ 0x80
1000441a:	0609      	lsls	r1, r1, #24
1000441c:	428b      	cmp	r3, r1
1000441e:	d302      	bcc.n	10004426 <stdio_usb_out_chars+0x26>
10004420:	2201      	movs	r2, #1
10004422:	4b34      	ldr	r3, [pc, #208]	@ (100044f4 <stdio_usb_out_chars+0xf4>)
10004424:	4252      	negs	r2, r2
10004426:	4934      	ldr	r1, [pc, #208]	@ (100044f8 <stdio_usb_out_chars+0xf8>)
10004428:	0008      	movs	r0, r1
1000442a:	468a      	mov	sl, r1
1000442c:	f002 fa24 	bl	10006878 <__mutex_try_enter_block_until_veneer>
10004430:	2800      	cmp	r0, #0
10004432:	d103      	bne.n	1000443c <stdio_usb_out_chars+0x3c>
10004434:	bcc0      	pop	{r6, r7}
10004436:	46bb      	mov	fp, r7
10004438:	46b2      	mov	sl, r6
1000443a:	bdf8      	pop	{r3, r4, r5, r6, r7, pc}
1000443c:	2000      	movs	r0, #0
1000443e:	f001 fa6d 	bl	1000591c <tud_cdc_n_connected>
10004442:	2800      	cmp	r0, #0
10004444:	d04a      	beq.n	100044dc <stdio_usb_out_chars+0xdc>
10004446:	2600      	movs	r6, #0
10004448:	2c00      	cmp	r4, #0
1000444a:	dd43      	ble.n	100044d4 <stdio_usb_out_chars+0xd4>
1000444c:	4b2b      	ldr	r3, [pc, #172]	@ (100044fc <stdio_usb_out_chars+0xfc>)
1000444e:	469b      	mov	fp, r3
10004450:	e014      	b.n	1000447c <stdio_usb_out_chars+0x7c>
10004452:	19a9      	adds	r1, r5, r6
10004454:	2000      	movs	r0, #0
10004456:	f001 fb0d 	bl	10005a74 <tud_cdc_n_write>
1000445a:	0007      	movs	r7, r0
1000445c:	2001      	movs	r0, #1
1000445e:	2100      	movs	r1, #0
10004460:	4240      	negs	r0, r0
10004462:	f000 fc77 	bl	10004d54 <tud_task_ext>
10004466:	2000      	movs	r0, #0
10004468:	f001 fac8 	bl	100059fc <tud_cdc_n_write_flush>
1000446c:	f7fc ff24 	bl	100012b8 <time_us_64>
10004470:	4b22      	ldr	r3, [pc, #136]	@ (100044fc <stdio_usb_out_chars+0xfc>)
10004472:	19f6      	adds	r6, r6, r7
10004474:	6018      	str	r0, [r3, #0]
10004476:	6059      	str	r1, [r3, #4]
10004478:	42b4      	cmp	r4, r6
1000447a:	dd2b      	ble.n	100044d4 <stdio_usb_out_chars+0xd4>
1000447c:	2000      	movs	r0, #0
1000447e:	f001 fb19 	bl	10005ab4 <tud_cdc_n_write_available>
10004482:	1ba7      	subs	r7, r4, r6
10004484:	0002      	movs	r2, r0
10004486:	42b8      	cmp	r0, r7
10004488:	dd00      	ble.n	1000448c <stdio_usb_out_chars+0x8c>
1000448a:	003a      	movs	r2, r7
1000448c:	2a00      	cmp	r2, #0
1000448e:	d1e0      	bne.n	10004452 <stdio_usb_out_chars+0x52>
10004490:	2001      	movs	r0, #1
10004492:	2100      	movs	r1, #0
10004494:	4240      	negs	r0, r0
10004496:	f000 fc5d 	bl	10004d54 <tud_task_ext>
1000449a:	2000      	movs	r0, #0
1000449c:	f001 faae 	bl	100059fc <tud_cdc_n_write_flush>
100044a0:	2000      	movs	r0, #0
100044a2:	f001 fa3b 	bl	1000591c <tud_cdc_n_connected>
100044a6:	2800      	cmp	r0, #0
100044a8:	d014      	beq.n	100044d4 <stdio_usb_out_chars+0xd4>
100044aa:	2000      	movs	r0, #0
100044ac:	f001 fb02 	bl	10005ab4 <tud_cdc_n_write_available>
100044b0:	2800      	cmp	r0, #0
100044b2:	d1e1      	bne.n	10004478 <stdio_usb_out_chars+0x78>
100044b4:	f7fc ff00 	bl	100012b8 <time_us_64>
100044b8:	465b      	mov	r3, fp
100044ba:	000f      	movs	r7, r1
100044bc:	681a      	ldr	r2, [r3, #0]
100044be:	685b      	ldr	r3, [r3, #4]
100044c0:	2100      	movs	r1, #0
100044c2:	4684      	mov	ip, r0
100044c4:	480e      	ldr	r0, [pc, #56]	@ (10004500 <stdio_usb_out_chars+0x100>)
100044c6:	1812      	adds	r2, r2, r0
100044c8:	414b      	adcs	r3, r1
100044ca:	429f      	cmp	r7, r3
100044cc:	d802      	bhi.n	100044d4 <stdio_usb_out_chars+0xd4>
100044ce:	d1d3      	bne.n	10004478 <stdio_usb_out_chars+0x78>
100044d0:	4594      	cmp	ip, r2
100044d2:	d9d1      	bls.n	10004478 <stdio_usb_out_chars+0x78>
100044d4:	4650      	mov	r0, sl
100044d6:	f002 f99f 	bl	10006818 <__mutex_exit_veneer>
100044da:	e7ab      	b.n	10004434 <stdio_usb_out_chars+0x34>
100044dc:	2000      	movs	r0, #0
100044de:	2100      	movs	r1, #0
100044e0:	4b06      	ldr	r3, [pc, #24]	@ (100044fc <stdio_usb_out_chars+0xfc>)
100044e2:	6018      	str	r0, [r3, #0]
100044e4:	6059      	str	r1, [r3, #4]
100044e6:	4650      	mov	r0, sl
100044e8:	f002 f996 	bl	10006818 <__mutex_exit_veneer>
100044ec:	e7a2      	b.n	10004434 <stdio_usb_out_chars+0x34>
100044ee:	46c0      	nop			@ (mov r8, r8)
100044f0:	000f4240 	.word	0x000f4240
100044f4:	7fffffff 	.word	0x7fffffff
100044f8:	200020a8 	.word	0x200020a8
100044fc:	200014a0 	.word	0x200014a0
10004500:	0007a120 	.word	0x0007a120

10004504 <low_priority_worker_irq>:
10004504:	b530      	push	{r4, r5, lr}
10004506:	4c2b      	ldr	r4, [pc, #172]	@ (100045b4 <low_priority_worker_irq+0xb0>)
10004508:	b085      	sub	sp, #20
1000450a:	2100      	movs	r1, #0
1000450c:	0020      	movs	r0, r4
1000450e:	f002 f99b 	bl	10006848 <__mutex_try_enter_veneer>
10004512:	2800      	cmp	r0, #0
10004514:	d11c      	bne.n	10004550 <low_priority_worker_irq+0x4c>
10004516:	4b28      	ldr	r3, [pc, #160]	@ (100045b8 <low_priority_worker_irq+0xb4>)
10004518:	681a      	ldr	r2, [r3, #0]
1000451a:	2a00      	cmp	r2, #0
1000451c:	d016      	beq.n	1000454c <low_priority_worker_irq+0x48>
1000451e:	f3ef 8110 	mrs	r1, PRIMASK
10004522:	b672      	cpsid	i
10004524:	6810      	ldr	r0, [r2, #0]
10004526:	2800      	cmp	r0, #0
10004528:	d0fc      	beq.n	10004524 <low_priority_worker_irq+0x20>
1000452a:	f3bf 8f5f 	dmb	sy
1000452e:	2401      	movs	r4, #1
10004530:	4822      	ldr	r0, [pc, #136]	@ (100045bc <low_priority_worker_irq+0xb8>)
10004532:	6059      	str	r1, [r3, #4]
10004534:	7802      	ldrb	r2, [r0, #0]
10004536:	681b      	ldr	r3, [r3, #0]
10004538:	b2d2      	uxtb	r2, r2
1000453a:	7004      	strb	r4, [r0, #0]
1000453c:	f3bf 8f5f 	dmb	sy
10004540:	2000      	movs	r0, #0
10004542:	6018      	str	r0, [r3, #0]
10004544:	f381 8810 	msr	PRIMASK, r1
10004548:	2a00      	cmp	r2, #0
1000454a:	d017      	beq.n	1000457c <low_priority_worker_irq+0x78>
1000454c:	b005      	add	sp, #20
1000454e:	bd30      	pop	{r4, r5, pc}
10004550:	2001      	movs	r0, #1
10004552:	2100      	movs	r1, #0
10004554:	4240      	negs	r0, r0
10004556:	f000 fbfd 	bl	10004d54 <tud_task_ext>
1000455a:	2000      	movs	r0, #0
1000455c:	f001 f9f6 	bl	1000594c <tud_cdc_n_available>
10004560:	0005      	movs	r5, r0
10004562:	0020      	movs	r0, r4
10004564:	f002 f958 	bl	10006818 <__mutex_exit_veneer>
10004568:	2d00      	cmp	r5, #0
1000456a:	d0ef      	beq.n	1000454c <low_priority_worker_irq+0x48>
1000456c:	4b14      	ldr	r3, [pc, #80]	@ (100045c0 <low_priority_worker_irq+0xbc>)
1000456e:	681b      	ldr	r3, [r3, #0]
10004570:	2b00      	cmp	r3, #0
10004572:	d0eb      	beq.n	1000454c <low_priority_worker_irq+0x48>
10004574:	4a13      	ldr	r2, [pc, #76]	@ (100045c4 <low_priority_worker_irq+0xc0>)
10004576:	6810      	ldr	r0, [r2, #0]
10004578:	4798      	blx	r3
1000457a:	e7e7      	b.n	1000454c <low_priority_worker_irq+0x48>
1000457c:	f7fc fc66 	bl	10000e4c <alarm_pool_get_default>
10004580:	0004      	movs	r4, r0
10004582:	f7fc fe99 	bl	100012b8 <time_us_64>
10004586:	22fa      	movs	r2, #250	@ 0xfa
10004588:	2300      	movs	r3, #0
1000458a:	0092      	lsls	r2, r2, #2
1000458c:	1812      	adds	r2, r2, r0
1000458e:	414b      	adcs	r3, r1
10004590:	2180      	movs	r1, #128	@ 0x80
10004592:	0609      	lsls	r1, r1, #24
10004594:	428b      	cmp	r3, r1
10004596:	d302      	bcc.n	1000459e <low_priority_worker_irq+0x9a>
10004598:	2201      	movs	r2, #1
1000459a:	4b0b      	ldr	r3, [pc, #44]	@ (100045c8 <low_priority_worker_irq+0xc4>)
1000459c:	4252      	negs	r2, r2
1000459e:	2101      	movs	r1, #1
100045a0:	9102      	str	r1, [sp, #8]
100045a2:	2100      	movs	r1, #0
100045a4:	9101      	str	r1, [sp, #4]
100045a6:	4909      	ldr	r1, [pc, #36]	@ (100045cc <low_priority_worker_irq+0xc8>)
100045a8:	0020      	movs	r0, r4
100045aa:	9100      	str	r1, [sp, #0]
100045ac:	f7fc fc52 	bl	10000e54 <alarm_pool_add_alarm_at>
100045b0:	e7cc      	b.n	1000454c <low_priority_worker_irq+0x48>
100045b2:	46c0      	nop			@ (mov r8, r8)
100045b4:	200020a8 	.word	0x200020a8
100045b8:	20002080 	.word	0x20002080
100045bc:	200020c8 	.word	0x200020c8
100045c0:	20001bf0 	.word	0x20001bf0
100045c4:	20001bf4 	.word	0x20001bf4
100045c8:	7fffffff 	.word	0x7fffffff
100045cc:	100042bd 	.word	0x100042bd

100045d0 <stdio_usb_init>:
100045d0:	23d0      	movs	r3, #208	@ 0xd0
100045d2:	b510      	push	{r4, lr}
100045d4:	061b      	lsls	r3, r3, #24
100045d6:	b084      	sub	sp, #16
100045d8:	681c      	ldr	r4, [r3, #0]
100045da:	f7fc fc37 	bl	10000e4c <alarm_pool_get_default>
100045de:	f7fc fd35 	bl	1000104c <alarm_pool_core_num>
100045e2:	42a0      	cmp	r0, r4
100045e4:	d002      	beq.n	100045ec <stdio_usb_init+0x1c>
100045e6:	2000      	movs	r0, #0
100045e8:	b004      	add	sp, #16
100045ea:	bd10      	pop	{r4, pc}
100045ec:	4b29      	ldr	r3, [pc, #164]	@ (10004694 <stdio_usb_init+0xc4>)
100045ee:	781b      	ldrb	r3, [r3, #0]
100045f0:	f001 fd9a 	bl	10006128 <tusb_init>
100045f4:	4828      	ldr	r0, [pc, #160]	@ (10004698 <stdio_usb_init+0xc8>)
100045f6:	6803      	ldr	r3, [r0, #0]
100045f8:	2b00      	cmp	r3, #0
100045fa:	d047      	beq.n	1000468c <stdio_usb_init+0xbc>
100045fc:	2001      	movs	r0, #1
100045fe:	f7fc f9c1 	bl	10000984 <user_irq_claim_unused>
10004602:	23ff      	movs	r3, #255	@ 0xff
10004604:	4c25      	ldr	r4, [pc, #148]	@ (1000469c <stdio_usb_init+0xcc>)
10004606:	4926      	ldr	r1, [pc, #152]	@ (100046a0 <stdio_usb_init+0xd0>)
10004608:	7020      	strb	r0, [r4, #0]
1000460a:	4018      	ands	r0, r3
1000460c:	f7fc f83c 	bl	10000688 <irq_set_exclusive_handler>
10004610:	7820      	ldrb	r0, [r4, #0]
10004612:	2101      	movs	r1, #1
10004614:	f7fb fffc 	bl	10000610 <irq_set_enabled>
10004618:	2005      	movs	r0, #5
1000461a:	f7fc f81f 	bl	1000065c <irq_has_shared_handler>
1000461e:	2800      	cmp	r0, #0
10004620:	d126      	bne.n	10004670 <stdio_usb_init+0xa0>
10004622:	2208      	movs	r2, #8
10004624:	2100      	movs	r1, #0
10004626:	481f      	ldr	r0, [pc, #124]	@ (100046a4 <stdio_usb_init+0xd4>)
10004628:	f7fd ffe0 	bl	100025ec <__wrap_memset>
1000462c:	f7fc fc0e 	bl	10000e4c <alarm_pool_get_default>
10004630:	0004      	movs	r4, r0
10004632:	f7fc fe41 	bl	100012b8 <time_us_64>
10004636:	22fa      	movs	r2, #250	@ 0xfa
10004638:	2300      	movs	r3, #0
1000463a:	0092      	lsls	r2, r2, #2
1000463c:	1812      	adds	r2, r2, r0
1000463e:	414b      	adcs	r3, r1
10004640:	2180      	movs	r1, #128	@ 0x80
10004642:	0609      	lsls	r1, r1, #24
10004644:	428b      	cmp	r3, r1
10004646:	d302      	bcc.n	1000464e <stdio_usb_init+0x7e>
10004648:	2201      	movs	r2, #1
1000464a:	4b17      	ldr	r3, [pc, #92]	@ (100046a8 <stdio_usb_init+0xd8>)
1000464c:	4252      	negs	r2, r2
1000464e:	2101      	movs	r1, #1
10004650:	9102      	str	r1, [sp, #8]
10004652:	2100      	movs	r1, #0
10004654:	9101      	str	r1, [sp, #4]
10004656:	4915      	ldr	r1, [pc, #84]	@ (100046ac <stdio_usb_init+0xdc>)
10004658:	0020      	movs	r0, r4
1000465a:	9100      	str	r1, [sp, #0]
1000465c:	f7fc fbfa 	bl	10000e54 <alarm_pool_add_alarm_at>
10004660:	2800      	cmp	r0, #0
10004662:	dbc0      	blt.n	100045e6 <stdio_usb_init+0x16>
10004664:	4812      	ldr	r0, [pc, #72]	@ (100046b0 <stdio_usb_init+0xe0>)
10004666:	2101      	movs	r1, #1
10004668:	f7ff fc9a 	bl	10003fa0 <stdio_set_driver_enabled>
1000466c:	2001      	movs	r0, #1
1000466e:	e7bb      	b.n	100045e8 <stdio_usb_init+0x18>
10004670:	2001      	movs	r0, #1
10004672:	f7fb ff9b 	bl	100005ac <spin_lock_claim_unused>
10004676:	4b0b      	ldr	r3, [pc, #44]	@ (100046a4 <stdio_usb_init+0xd4>)
10004678:	0001      	movs	r1, r0
1000467a:	0018      	movs	r0, r3
1000467c:	f7fc f9e4 	bl	10000a48 <critical_section_init_with_lock_num>
10004680:	2200      	movs	r2, #0
10004682:	2005      	movs	r0, #5
10004684:	490b      	ldr	r1, [pc, #44]	@ (100046b4 <stdio_usb_init+0xe4>)
10004686:	f7fc f829 	bl	100006dc <irq_add_shared_handler>
1000468a:	e7eb      	b.n	10004664 <stdio_usb_init+0x94>
1000468c:	f7fc f9c0 	bl	10000a10 <mutex_init>
10004690:	e7b4      	b.n	100045fc <stdio_usb_init+0x2c>
10004692:	46c0      	nop			@ (mov r8, r8)
10004694:	10006f80 	.word	0x10006f80
10004698:	200020a8 	.word	0x200020a8
1000469c:	200020c7 	.word	0x200020c7
100046a0:	10004505 	.word	0x10004505
100046a4:	20002080 	.word	0x20002080
100046a8:	7fffffff 	.word	0x7fffffff
100046ac:	100042bd 	.word	0x100042bd
100046b0:	20001020 	.word	0x20001020
100046b4:	100042ad 	.word	0x100042ad

100046b8 <tud_descriptor_device_cb>:
100046b8:	4800      	ldr	r0, [pc, #0]	@ (100046bc <tud_descriptor_device_cb+0x4>)
100046ba:	4770      	bx	lr
100046bc:	10006e68 	.word	0x10006e68

100046c0 <tud_descriptor_configuration_cb>:
100046c0:	4800      	ldr	r0, [pc, #0]	@ (100046c4 <tud_descriptor_configuration_cb+0x4>)
100046c2:	4770      	bx	lr
100046c4:	10006e14 	.word	0x10006e14

100046c8 <tud_descriptor_string_cb>:
100046c8:	b510      	push	{r4, lr}
100046ca:	0004      	movs	r4, r0
100046cc:	4817      	ldr	r0, [pc, #92]	@ (1000472c <tud_descriptor_string_cb+0x64>)
100046ce:	7803      	ldrb	r3, [r0, #0]
100046d0:	2b00      	cmp	r3, #0
100046d2:	d020      	beq.n	10004716 <tud_descriptor_string_cb+0x4e>
100046d4:	2c00      	cmp	r4, #0
100046d6:	d106      	bne.n	100046e6 <tud_descriptor_string_cb+0x1e>
100046d8:	4b15      	ldr	r3, [pc, #84]	@ (10004730 <tud_descriptor_string_cb+0x68>)
100046da:	4816      	ldr	r0, [pc, #88]	@ (10004734 <tud_descriptor_string_cb+0x6c>)
100046dc:	8043      	strh	r3, [r0, #2]
100046de:	3b06      	subs	r3, #6
100046e0:	3bff      	subs	r3, #255	@ 0xff
100046e2:	8003      	strh	r3, [r0, #0]
100046e4:	bd10      	pop	{r4, pc}
100046e6:	2c05      	cmp	r4, #5
100046e8:	d819      	bhi.n	1000471e <tud_descriptor_string_cb+0x56>
100046ea:	4b13      	ldr	r3, [pc, #76]	@ (10004738 <tud_descriptor_string_cb+0x70>)
100046ec:	00a4      	lsls	r4, r4, #2
100046ee:	58e0      	ldr	r0, [r4, r3]
100046f0:	4912      	ldr	r1, [pc, #72]	@ (1000473c <tud_descriptor_string_cb+0x74>)
100046f2:	2301      	movs	r3, #1
100046f4:	3801      	subs	r0, #1
100046f6:	e004      	b.n	10004702 <tud_descriptor_string_cb+0x3a>
100046f8:	3301      	adds	r3, #1
100046fa:	800a      	strh	r2, [r1, #0]
100046fc:	3102      	adds	r1, #2
100046fe:	2b14      	cmp	r3, #20
10004700:	d00f      	beq.n	10004722 <tud_descriptor_string_cb+0x5a>
10004702:	5cc2      	ldrb	r2, [r0, r3]
10004704:	2a00      	cmp	r2, #0
10004706:	d1f7      	bne.n	100046f8 <tud_descriptor_string_cb+0x30>
10004708:	22c0      	movs	r2, #192	@ 0xc0
1000470a:	b2db      	uxtb	r3, r3
1000470c:	005b      	lsls	r3, r3, #1
1000470e:	0092      	lsls	r2, r2, #2
10004710:	4808      	ldr	r0, [pc, #32]	@ (10004734 <tud_descriptor_string_cb+0x6c>)
10004712:	4313      	orrs	r3, r2
10004714:	e7e5      	b.n	100046e2 <tud_descriptor_string_cb+0x1a>
10004716:	2111      	movs	r1, #17
10004718:	f000 f81a 	bl	10004750 <pico_get_unique_board_id_string>
1000471c:	e7da      	b.n	100046d4 <tud_descriptor_string_cb+0xc>
1000471e:	2000      	movs	r0, #0
10004720:	e7e0      	b.n	100046e4 <tud_descriptor_string_cb+0x1c>
10004722:	23ca      	movs	r3, #202	@ 0xca
10004724:	4803      	ldr	r0, [pc, #12]	@ (10004734 <tud_descriptor_string_cb+0x6c>)
10004726:	009b      	lsls	r3, r3, #2
10004728:	e7db      	b.n	100046e2 <tud_descriptor_string_cb+0x1a>
1000472a:	46c0      	nop			@ (mov r8, r8)
1000472c:	200020b0 	.word	0x200020b0
10004730:	00000409 	.word	0x00000409
10004734:	20001c28 	.word	0x20001c28
10004738:	10006dfc 	.word	0x10006dfc
1000473c:	20001c2a 	.word	0x20001c2a

10004740 <_retrieve_unique_id_on_boot>:
10004740:	b510      	push	{r4, lr}
10004742:	4802      	ldr	r0, [pc, #8]	@ (1000474c <_retrieve_unique_id_on_boot+0xc>)
10004744:	f000 f8d8 	bl	100048f8 <flash_get_unique_id>
10004748:	bd10      	pop	{r4, pc}
1000474a:	46c0      	nop			@ (mov r8, r8)
1000474c:	20002098 	.word	0x20002098

10004750 <pico_get_unique_board_id_string>:
10004750:	b530      	push	{r4, r5, lr}
10004752:	1e4b      	subs	r3, r1, #1
10004754:	2901      	cmp	r1, #1
10004756:	d100      	bne.n	1000475a <pico_get_unique_board_id_string+0xa>
10004758:	e0a7      	b.n	100048aa <pico_get_unique_board_id_string+0x15a>
1000475a:	4a66      	ldr	r2, [pc, #408]	@ (100048f4 <pico_get_unique_board_id_string+0x1a4>)
1000475c:	7811      	ldrb	r1, [r2, #0]
1000475e:	090d      	lsrs	r5, r1, #4
10004760:	002c      	movs	r4, r5
10004762:	3430      	adds	r4, #48	@ 0x30
10004764:	299f      	cmp	r1, #159	@ 0x9f
10004766:	d900      	bls.n	1000476a <pico_get_unique_board_id_string+0x1a>
10004768:	e0a2      	b.n	100048b0 <pico_get_unique_board_id_string+0x160>
1000476a:	7004      	strb	r4, [r0, #0]
1000476c:	2b01      	cmp	r3, #1
1000476e:	d100      	bne.n	10004772 <pico_get_unique_board_id_string+0x22>
10004770:	e0be      	b.n	100048f0 <pico_get_unique_board_id_string+0x1a0>
10004772:	210f      	movs	r1, #15
10004774:	7814      	ldrb	r4, [r2, #0]
10004776:	4021      	ands	r1, r4
10004778:	000c      	movs	r4, r1
1000477a:	3430      	adds	r4, #48	@ 0x30
1000477c:	2909      	cmp	r1, #9
1000477e:	d900      	bls.n	10004782 <pico_get_unique_board_id_string+0x32>
10004780:	e098      	b.n	100048b4 <pico_get_unique_board_id_string+0x164>
10004782:	7044      	strb	r4, [r0, #1]
10004784:	2b02      	cmp	r3, #2
10004786:	d100      	bne.n	1000478a <pico_get_unique_board_id_string+0x3a>
10004788:	e0b2      	b.n	100048f0 <pico_get_unique_board_id_string+0x1a0>
1000478a:	7854      	ldrb	r4, [r2, #1]
1000478c:	0925      	lsrs	r5, r4, #4
1000478e:	0029      	movs	r1, r5
10004790:	3130      	adds	r1, #48	@ 0x30
10004792:	2c9f      	cmp	r4, #159	@ 0x9f
10004794:	d900      	bls.n	10004798 <pico_get_unique_board_id_string+0x48>
10004796:	e090      	b.n	100048ba <pico_get_unique_board_id_string+0x16a>
10004798:	7081      	strb	r1, [r0, #2]
1000479a:	2b03      	cmp	r3, #3
1000479c:	d100      	bne.n	100047a0 <pico_get_unique_board_id_string+0x50>
1000479e:	e0a7      	b.n	100048f0 <pico_get_unique_board_id_string+0x1a0>
100047a0:	210f      	movs	r1, #15
100047a2:	4021      	ands	r1, r4
100047a4:	000c      	movs	r4, r1
100047a6:	3430      	adds	r4, #48	@ 0x30
100047a8:	2909      	cmp	r1, #9
100047aa:	d900      	bls.n	100047ae <pico_get_unique_board_id_string+0x5e>
100047ac:	e087      	b.n	100048be <pico_get_unique_board_id_string+0x16e>
100047ae:	70c4      	strb	r4, [r0, #3]
100047b0:	2b04      	cmp	r3, #4
100047b2:	d100      	bne.n	100047b6 <pico_get_unique_board_id_string+0x66>
100047b4:	e09c      	b.n	100048f0 <pico_get_unique_board_id_string+0x1a0>
100047b6:	7894      	ldrb	r4, [r2, #2]
100047b8:	0925      	lsrs	r5, r4, #4
100047ba:	0029      	movs	r1, r5
100047bc:	3130      	adds	r1, #48	@ 0x30
100047be:	2c9f      	cmp	r4, #159	@ 0x9f
100047c0:	d900      	bls.n	100047c4 <pico_get_unique_board_id_string+0x74>
100047c2:	e07f      	b.n	100048c4 <pico_get_unique_board_id_string+0x174>
100047c4:	7101      	strb	r1, [r0, #4]
100047c6:	2b05      	cmp	r3, #5
100047c8:	d100      	bne.n	100047cc <pico_get_unique_board_id_string+0x7c>
100047ca:	e091      	b.n	100048f0 <pico_get_unique_board_id_string+0x1a0>
100047cc:	210f      	movs	r1, #15
100047ce:	4021      	ands	r1, r4
100047d0:	000c      	movs	r4, r1
100047d2:	3430      	adds	r4, #48	@ 0x30
100047d4:	2909      	cmp	r1, #9
100047d6:	d900      	bls.n	100047da <pico_get_unique_board_id_string+0x8a>
100047d8:	e076      	b.n	100048c8 <pico_get_unique_board_id_string+0x178>
100047da:	7144      	strb	r4, [r0, #5]
100047dc:	2b06      	cmp	r3, #6
100047de:	d100      	bne.n	100047e2 <pico_get_unique_board_id_string+0x92>
100047e0:	e086      	b.n	100048f0 <pico_get_unique_board_id_string+0x1a0>
100047e2:	78d4      	ldrb	r4, [r2, #3]
100047e4:	0925      	lsrs	r5, r4, #4
100047e6:	0029      	movs	r1, r5
100047e8:	3130      	adds	r1, #48	@ 0x30
100047ea:	2c9f      	cmp	r4, #159	@ 0x9f
100047ec:	d900      	bls.n	100047f0 <pico_get_unique_board_id_string+0xa0>
100047ee:	e06e      	b.n	100048ce <pico_get_unique_board_id_string+0x17e>
100047f0:	7181      	strb	r1, [r0, #6]
100047f2:	2b07      	cmp	r3, #7
100047f4:	d100      	bne.n	100047f8 <pico_get_unique_board_id_string+0xa8>
100047f6:	e07b      	b.n	100048f0 <pico_get_unique_board_id_string+0x1a0>
100047f8:	210f      	movs	r1, #15
100047fa:	4021      	ands	r1, r4
100047fc:	000c      	movs	r4, r1
100047fe:	3430      	adds	r4, #48	@ 0x30
10004800:	2909      	cmp	r1, #9
10004802:	d866      	bhi.n	100048d2 <pico_get_unique_board_id_string+0x182>
10004804:	71c4      	strb	r4, [r0, #7]
10004806:	2b08      	cmp	r3, #8
10004808:	d100      	bne.n	1000480c <pico_get_unique_board_id_string+0xbc>
1000480a:	e071      	b.n	100048f0 <pico_get_unique_board_id_string+0x1a0>
1000480c:	7914      	ldrb	r4, [r2, #4]
1000480e:	0925      	lsrs	r5, r4, #4
10004810:	0029      	movs	r1, r5
10004812:	3130      	adds	r1, #48	@ 0x30
10004814:	2c9f      	cmp	r4, #159	@ 0x9f
10004816:	d85f      	bhi.n	100048d8 <pico_get_unique_board_id_string+0x188>
10004818:	7201      	strb	r1, [r0, #8]
1000481a:	2b09      	cmp	r3, #9
1000481c:	d068      	beq.n	100048f0 <pico_get_unique_board_id_string+0x1a0>
1000481e:	210f      	movs	r1, #15
10004820:	4021      	ands	r1, r4
10004822:	000c      	movs	r4, r1
10004824:	3430      	adds	r4, #48	@ 0x30
10004826:	2909      	cmp	r1, #9
10004828:	d858      	bhi.n	100048dc <pico_get_unique_board_id_string+0x18c>
1000482a:	7244      	strb	r4, [r0, #9]
1000482c:	2b0a      	cmp	r3, #10
1000482e:	d05f      	beq.n	100048f0 <pico_get_unique_board_id_string+0x1a0>
10004830:	7954      	ldrb	r4, [r2, #5]
10004832:	0925      	lsrs	r5, r4, #4
10004834:	0029      	movs	r1, r5
10004836:	3130      	adds	r1, #48	@ 0x30
10004838:	2c9f      	cmp	r4, #159	@ 0x9f
1000483a:	d852      	bhi.n	100048e2 <pico_get_unique_board_id_string+0x192>
1000483c:	7281      	strb	r1, [r0, #10]
1000483e:	2b0b      	cmp	r3, #11
10004840:	d056      	beq.n	100048f0 <pico_get_unique_board_id_string+0x1a0>
10004842:	210f      	movs	r1, #15
10004844:	4021      	ands	r1, r4
10004846:	000c      	movs	r4, r1
10004848:	3430      	adds	r4, #48	@ 0x30
1000484a:	2909      	cmp	r1, #9
1000484c:	d84b      	bhi.n	100048e6 <pico_get_unique_board_id_string+0x196>
1000484e:	72c4      	strb	r4, [r0, #11]
10004850:	2b0c      	cmp	r3, #12
10004852:	d04d      	beq.n	100048f0 <pico_get_unique_board_id_string+0x1a0>
10004854:	7994      	ldrb	r4, [r2, #6]
10004856:	0925      	lsrs	r5, r4, #4
10004858:	0029      	movs	r1, r5
1000485a:	3130      	adds	r1, #48	@ 0x30
1000485c:	2c9f      	cmp	r4, #159	@ 0x9f
1000485e:	d900      	bls.n	10004862 <pico_get_unique_board_id_string+0x112>
10004860:	3107      	adds	r1, #7
10004862:	7301      	strb	r1, [r0, #12]
10004864:	2b0d      	cmp	r3, #13
10004866:	d043      	beq.n	100048f0 <pico_get_unique_board_id_string+0x1a0>
10004868:	210f      	movs	r1, #15
1000486a:	4021      	ands	r1, r4
1000486c:	000c      	movs	r4, r1
1000486e:	3430      	adds	r4, #48	@ 0x30
10004870:	2909      	cmp	r1, #9
10004872:	d901      	bls.n	10004878 <pico_get_unique_board_id_string+0x128>
10004874:	3137      	adds	r1, #55	@ 0x37
10004876:	000c      	movs	r4, r1
10004878:	7344      	strb	r4, [r0, #13]
1000487a:	2b0e      	cmp	r3, #14
1000487c:	d038      	beq.n	100048f0 <pico_get_unique_board_id_string+0x1a0>
1000487e:	79d1      	ldrb	r1, [r2, #7]
10004880:	090c      	lsrs	r4, r1, #4
10004882:	0022      	movs	r2, r4
10004884:	3230      	adds	r2, #48	@ 0x30
10004886:	299f      	cmp	r1, #159	@ 0x9f
10004888:	d900      	bls.n	1000488c <pico_get_unique_board_id_string+0x13c>
1000488a:	3207      	adds	r2, #7
1000488c:	7382      	strb	r2, [r0, #14]
1000488e:	2b0f      	cmp	r3, #15
10004890:	d02e      	beq.n	100048f0 <pico_get_unique_board_id_string+0x1a0>
10004892:	220f      	movs	r2, #15
10004894:	400a      	ands	r2, r1
10004896:	0011      	movs	r1, r2
10004898:	3137      	adds	r1, #55	@ 0x37
1000489a:	2a09      	cmp	r2, #9
1000489c:	d801      	bhi.n	100048a2 <pico_get_unique_board_id_string+0x152>
1000489e:	3230      	adds	r2, #48	@ 0x30
100048a0:	0011      	movs	r1, r2
100048a2:	73c1      	strb	r1, [r0, #15]
100048a4:	2b10      	cmp	r3, #16
100048a6:	d023      	beq.n	100048f0 <pico_get_unique_board_id_string+0x1a0>
100048a8:	3010      	adds	r0, #16
100048aa:	2300      	movs	r3, #0
100048ac:	7003      	strb	r3, [r0, #0]
100048ae:	bd30      	pop	{r4, r5, pc}
100048b0:	3407      	adds	r4, #7
100048b2:	e75a      	b.n	1000476a <pico_get_unique_board_id_string+0x1a>
100048b4:	3137      	adds	r1, #55	@ 0x37
100048b6:	000c      	movs	r4, r1
100048b8:	e763      	b.n	10004782 <pico_get_unique_board_id_string+0x32>
100048ba:	3107      	adds	r1, #7
100048bc:	e76c      	b.n	10004798 <pico_get_unique_board_id_string+0x48>
100048be:	3137      	adds	r1, #55	@ 0x37
100048c0:	000c      	movs	r4, r1
100048c2:	e774      	b.n	100047ae <pico_get_unique_board_id_string+0x5e>
100048c4:	3107      	adds	r1, #7
100048c6:	e77d      	b.n	100047c4 <pico_get_unique_board_id_string+0x74>
100048c8:	3137      	adds	r1, #55	@ 0x37
100048ca:	000c      	movs	r4, r1
100048cc:	e785      	b.n	100047da <pico_get_unique_board_id_string+0x8a>
100048ce:	3107      	adds	r1, #7
100048d0:	e78e      	b.n	100047f0 <pico_get_unique_board_id_string+0xa0>
100048d2:	3137      	adds	r1, #55	@ 0x37
100048d4:	000c      	movs	r4, r1
100048d6:	e795      	b.n	10004804 <pico_get_unique_board_id_string+0xb4>
100048d8:	3107      	adds	r1, #7
100048da:	e79d      	b.n	10004818 <pico_get_unique_board_id_string+0xc8>
100048dc:	3137      	adds	r1, #55	@ 0x37
100048de:	000c      	movs	r4, r1
100048e0:	e7a3      	b.n	1000482a <pico_get_unique_board_id_string+0xda>
100048e2:	3107      	adds	r1, #7
100048e4:	e7aa      	b.n	1000483c <pico_get_unique_board_id_string+0xec>
100048e6:	3137      	adds	r1, #55	@ 0x37
100048e8:	000c      	movs	r4, r1
100048ea:	72c4      	strb	r4, [r0, #11]
100048ec:	2b0c      	cmp	r3, #12
100048ee:	d1b1      	bne.n	10004854 <pico_get_unique_board_id_string+0x104>
100048f0:	18c0      	adds	r0, r0, r3
100048f2:	e7da      	b.n	100048aa <pico_get_unique_board_id_string+0x15a>
100048f4:	20002098 	.word	0x20002098

100048f8 <flash_get_unique_id>:
100048f8:	b510      	push	{r4, lr}
100048fa:	b088      	sub	sp, #32
100048fc:	0004      	movs	r4, r0
100048fe:	220d      	movs	r2, #13
10004900:	2100      	movs	r1, #0
10004902:	4668      	mov	r0, sp
10004904:	f7fd fe72 	bl	100025ec <__wrap_memset>
10004908:	220d      	movs	r2, #13
1000490a:	2100      	movs	r1, #0
1000490c:	a804      	add	r0, sp, #16
1000490e:	f7fd fe6d 	bl	100025ec <__wrap_memset>
10004912:	234b      	movs	r3, #75	@ 0x4b
10004914:	466a      	mov	r2, sp
10004916:	4668      	mov	r0, sp
10004918:	7013      	strb	r3, [r2, #0]
1000491a:	a904      	add	r1, sp, #16
1000491c:	220d      	movs	r2, #13
1000491e:	f001 ff73 	bl	10006808 <__flash_do_cmd_veneer>
10004922:	2115      	movs	r1, #21
10004924:	2208      	movs	r2, #8
10004926:	0020      	movs	r0, r4
10004928:	4469      	add	r1, sp
1000492a:	f7fd fe65 	bl	100025f8 <__wrap___aeabi_memcpy>
1000492e:	b008      	add	sp, #32
10004930:	bd10      	pop	{r4, pc}
10004932:	46c0      	nop			@ (mov r8, r8)

10004934 <dcd_init>:
10004934:	b5f8      	push	{r3, r4, r5, r6, r7, lr}
10004936:	f000 f93b 	bl	10004bb0 <rp2040_usb_init>
1000493a:	230c      	movs	r3, #12
1000493c:	4d18      	ldr	r5, [pc, #96]	@ (100049a0 <dcd_init+0x6c>)
1000493e:	22ff      	movs	r2, #255	@ 0xff
10004940:	67ab      	str	r3, [r5, #120]	@ 0x78
10004942:	2005      	movs	r0, #5
10004944:	4917      	ldr	r1, [pc, #92]	@ (100049a4 <dcd_init+0x70>)
10004946:	f7fb fec9 	bl	100006dc <irq_add_shared_handler>
1000494a:	4c17      	ldr	r4, [pc, #92]	@ (100049a8 <dcd_init+0x74>)
1000494c:	2240      	movs	r2, #64	@ 0x40
1000494e:	2100      	movs	r1, #0
10004950:	0020      	movs	r0, r4
10004952:	f7fd fe4b 	bl	100025ec <__wrap_memset>
10004956:	2740      	movs	r7, #64	@ 0x40
10004958:	2300      	movs	r3, #0
1000495a:	2601      	movs	r6, #1
1000495c:	2121      	movs	r1, #33	@ 0x21
1000495e:	4a13      	ldr	r2, [pc, #76]	@ (100049ac <dcd_init+0x78>)
10004960:	7066      	strb	r6, [r4, #1]
10004962:	8327      	strh	r7, [r4, #24]
10004964:	60a2      	str	r2, [r4, #8]
10004966:	6013      	str	r3, [r2, #0]
10004968:	5463      	strb	r3, [r4, r1]
1000496a:	315f      	adds	r1, #95	@ 0x5f
1000496c:	8461      	strh	r1, [r4, #34]	@ 0x22
1000496e:	3945      	subs	r1, #69	@ 0x45
10004970:	5463      	strb	r3, [r4, r1]
10004972:	4a0f      	ldr	r2, [pc, #60]	@ (100049b0 <dcd_init+0x7c>)
10004974:	490f      	ldr	r1, [pc, #60]	@ (100049b4 <dcd_init+0x80>)
10004976:	6063      	str	r3, [r4, #4]
10004978:	60e2      	str	r2, [r4, #12]
1000497a:	8727      	strh	r7, [r4, #56]	@ 0x38
1000497c:	62a1      	str	r1, [r4, #40]	@ 0x28
1000497e:	600b      	str	r3, [r1, #0]
10004980:	6263      	str	r3, [r4, #36]	@ 0x24
10004982:	62e2      	str	r2, [r4, #44]	@ 0x2c
10004984:	f001 ff70 	bl	10006868 <__reset_non_control_endpoints_veneer>
10004988:	2380      	movs	r3, #128	@ 0x80
1000498a:	059b      	lsls	r3, r3, #22
1000498c:	642e      	str	r6, [r5, #64]	@ 0x40
1000498e:	64eb      	str	r3, [r5, #76]	@ 0x4c
10004990:	2390      	movs	r3, #144	@ 0x90
10004992:	4a09      	ldr	r2, [pc, #36]	@ (100049b8 <dcd_init+0x84>)
10004994:	50ea      	str	r2, [r5, r3]
10004996:	2280      	movs	r2, #128	@ 0x80
10004998:	4b08      	ldr	r3, [pc, #32]	@ (100049bc <dcd_init+0x88>)
1000499a:	0252      	lsls	r2, r2, #9
1000499c:	64da      	str	r2, [r3, #76]	@ 0x4c
1000499e:	bdf8      	pop	{r3, r4, r5, r6, r7, pc}
100049a0:	50110000 	.word	0x50110000
100049a4:	200004a1 	.word	0x200004a1
100049a8:	20001c5c 	.word	0x20001c5c
100049ac:	50100084 	.word	0x50100084
100049b0:	50100100 	.word	0x50100100
100049b4:	50100080 	.word	0x50100080
100049b8:	0001d010 	.word	0x0001d010
100049bc:	50112000 	.word	0x50112000

100049c0 <dcd_int_enable>:
100049c0:	b510      	push	{r4, lr}
100049c2:	2101      	movs	r1, #1
100049c4:	2005      	movs	r0, #5
100049c6:	f7fb fe23 	bl	10000610 <irq_set_enabled>
100049ca:	bd10      	pop	{r4, pc}

100049cc <dcd_set_address>:
100049cc:	b510      	push	{r4, lr}
100049ce:	2200      	movs	r2, #0
100049d0:	2100      	movs	r1, #0
100049d2:	4802      	ldr	r0, [pc, #8]	@ (100049dc <dcd_set_address+0x10>)
100049d4:	f000 f90c 	bl	10004bf0 <hw_endpoint_xfer_start>
100049d8:	bd10      	pop	{r4, pc}
100049da:	46c0      	nop			@ (mov r8, r8)
100049dc:	20001c7c 	.word	0x20001c7c

100049e0 <dcd_sof_enable>:
100049e0:	4b04      	ldr	r3, [pc, #16]	@ (100049f4 <dcd_sof_enable+0x14>)
100049e2:	7019      	strb	r1, [r3, #0]
100049e4:	2900      	cmp	r1, #0
100049e6:	d004      	beq.n	100049f2 <dcd_sof_enable+0x12>
100049e8:	2180      	movs	r1, #128	@ 0x80
100049ea:	2390      	movs	r3, #144	@ 0x90
100049ec:	4a02      	ldr	r2, [pc, #8]	@ (100049f8 <dcd_sof_enable+0x18>)
100049ee:	0289      	lsls	r1, r1, #10
100049f0:	50d1      	str	r1, [r2, r3]
100049f2:	4770      	bx	lr
100049f4:	200020c2 	.word	0x200020c2
100049f8:	50112000 	.word	0x50112000

100049fc <dcd_edpt0_status_complete>:
100049fc:	780b      	ldrb	r3, [r1, #0]
100049fe:	065b      	lsls	r3, r3, #25
10004a00:	d102      	bne.n	10004a08 <dcd_edpt0_status_complete+0xc>
10004a02:	784b      	ldrb	r3, [r1, #1]
10004a04:	2b05      	cmp	r3, #5
10004a06:	d000      	beq.n	10004a0a <dcd_edpt0_status_complete+0xe>
10004a08:	4770      	bx	lr
10004a0a:	788a      	ldrb	r2, [r1, #2]
10004a0c:	4b01      	ldr	r3, [pc, #4]	@ (10004a14 <dcd_edpt0_status_complete+0x18>)
10004a0e:	601a      	str	r2, [r3, #0]
10004a10:	e7fa      	b.n	10004a08 <dcd_edpt0_status_complete+0xc>
10004a12:	46c0      	nop			@ (mov r8, r8)
10004a14:	50110000 	.word	0x50110000

10004a18 <dcd_edpt_open>:
10004a18:	b5f0      	push	{r4, r5, r6, r7, lr}
10004a1a:	46c6      	mov	lr, r8
10004a1c:	b500      	push	{lr}
10004a1e:	78cc      	ldrb	r4, [r1, #3]
10004a20:	7888      	ldrb	r0, [r1, #2]
10004a22:	790a      	ldrb	r2, [r1, #4]
10004a24:	794b      	ldrb	r3, [r1, #5]
10004a26:	217f      	movs	r1, #127	@ 0x7f
10004a28:	07a4      	lsls	r4, r4, #30
10004a2a:	4001      	ands	r1, r0
10004a2c:	021b      	lsls	r3, r3, #8
10004a2e:	09c5      	lsrs	r5, r0, #7
10004a30:	4313      	orrs	r3, r2
10004a32:	004f      	lsls	r7, r1, #1
10004a34:	0fa2      	lsrs	r2, r4, #30
10004a36:	0014      	movs	r4, r2
10004a38:	4e32      	ldr	r6, [pc, #200]	@ (10004b04 <dcd_edpt_open+0xec>)
10004a3a:	197a      	adds	r2, r7, r5
10004a3c:	0152      	lsls	r2, r2, #5
10004a3e:	18b2      	adds	r2, r6, r2
10004a40:	7090      	strb	r0, [r2, #2]
10004a42:	2001      	movs	r0, #1
10004a44:	4068      	eors	r0, r5
10004a46:	7050      	strb	r0, [r2, #1]
10004a48:	2000      	movs	r0, #0
10004a4a:	055b      	lsls	r3, r3, #21
10004a4c:	0d5b      	lsrs	r3, r3, #21
10004a4e:	70d0      	strb	r0, [r2, #3]
10004a50:	8313      	strh	r3, [r2, #24]
10004a52:	76d4      	strb	r4, [r2, #27]
10004a54:	4680      	mov	r8, r0
10004a56:	00ca      	lsls	r2, r1, #3
10004a58:	2d01      	cmp	r5, #1
10004a5a:	d033      	beq.n	10004ac4 <dcd_edpt_open+0xac>
10004a5c:	482a      	ldr	r0, [pc, #168]	@ (10004b08 <dcd_edpt_open+0xf0>)
10004a5e:	4684      	mov	ip, r0
10004a60:	0188      	lsls	r0, r1, #6
10004a62:	4462      	add	r2, ip
10004a64:	4684      	mov	ip, r0
10004a66:	44b4      	add	ip, r6
10004a68:	4660      	mov	r0, ip
10004a6a:	6082      	str	r2, [r0, #8]
10004a6c:	4640      	mov	r0, r8
10004a6e:	6010      	str	r0, [r2, #0]
10004a70:	2900      	cmp	r1, #0
10004a72:	d033      	beq.n	10004adc <dcd_edpt_open+0xc4>
10004a74:	4a25      	ldr	r2, [pc, #148]	@ (10004b0c <dcd_edpt_open+0xf4>)
10004a76:	00c9      	lsls	r1, r1, #3
10004a78:	4690      	mov	r8, r2
10004a7a:	4662      	mov	r2, ip
10004a7c:	4441      	add	r1, r8
10004a7e:	6051      	str	r1, [r2, #4]
10004a80:	223f      	movs	r2, #63	@ 0x3f
10004a82:	333f      	adds	r3, #63	@ 0x3f
10004a84:	4393      	bics	r3, r2
10004a86:	2c02      	cmp	r4, #2
10004a88:	d100      	bne.n	10004a8c <dcd_edpt_open+0x74>
10004a8a:	005b      	lsls	r3, r3, #1
10004a8c:	4820      	ldr	r0, [pc, #128]	@ (10004b10 <dcd_edpt_open+0xf8>)
10004a8e:	197a      	adds	r2, r7, r5
10004a90:	6801      	ldr	r1, [r0, #0]
10004a92:	0152      	lsls	r2, r2, #5
10004a94:	18b2      	adds	r2, r6, r2
10004a96:	60d1      	str	r1, [r2, #12]
10004a98:	4a1e      	ldr	r2, [pc, #120]	@ (10004b14 <dcd_edpt_open+0xfc>)
10004a9a:	18cb      	adds	r3, r1, r3
10004a9c:	6003      	str	r3, [r0, #0]
10004a9e:	4051      	eors	r1, r2
10004aa0:	405a      	eors	r2, r3
10004aa2:	2380      	movs	r3, #128	@ 0x80
10004aa4:	4688      	mov	r8, r1
10004aa6:	015b      	lsls	r3, r3, #5
10004aa8:	429a      	cmp	r2, r3
10004aaa:	d828      	bhi.n	10004afe <dcd_edpt_open+0xe6>
10004aac:	4643      	mov	r3, r8
10004aae:	06a4      	lsls	r4, r4, #26
10004ab0:	431c      	orrs	r4, r3
10004ab2:	2380      	movs	r3, #128	@ 0x80
10004ab4:	197f      	adds	r7, r7, r5
10004ab6:	017f      	lsls	r7, r7, #5
10004ab8:	19f6      	adds	r6, r6, r7
10004aba:	6872      	ldr	r2, [r6, #4]
10004abc:	061b      	lsls	r3, r3, #24
10004abe:	4323      	orrs	r3, r4
10004ac0:	6013      	str	r3, [r2, #0]
10004ac2:	e011      	b.n	10004ae8 <dcd_edpt_open+0xd0>
10004ac4:	4814      	ldr	r0, [pc, #80]	@ (10004b18 <dcd_edpt_open+0x100>)
10004ac6:	4684      	mov	ip, r0
10004ac8:	0188      	lsls	r0, r1, #6
10004aca:	4462      	add	r2, ip
10004acc:	4684      	mov	ip, r0
10004ace:	44b4      	add	ip, r6
10004ad0:	4660      	mov	r0, ip
10004ad2:	6282      	str	r2, [r0, #40]	@ 0x28
10004ad4:	4640      	mov	r0, r8
10004ad6:	6010      	str	r0, [r2, #0]
10004ad8:	2900      	cmp	r1, #0
10004ada:	d109      	bne.n	10004af0 <dcd_edpt_open+0xd8>
10004adc:	2300      	movs	r3, #0
10004ade:	016d      	lsls	r5, r5, #5
10004ae0:	1975      	adds	r5, r6, r5
10004ae2:	606b      	str	r3, [r5, #4]
10004ae4:	4b0d      	ldr	r3, [pc, #52]	@ (10004b1c <dcd_edpt_open+0x104>)
10004ae6:	60eb      	str	r3, [r5, #12]
10004ae8:	2001      	movs	r0, #1
10004aea:	bc80      	pop	{r7}
10004aec:	46b8      	mov	r8, r7
10004aee:	bdf0      	pop	{r4, r5, r6, r7, pc}
10004af0:	4a08      	ldr	r2, [pc, #32]	@ (10004b14 <dcd_edpt_open+0xfc>)
10004af2:	00c9      	lsls	r1, r1, #3
10004af4:	4690      	mov	r8, r2
10004af6:	4662      	mov	r2, ip
10004af8:	4441      	add	r1, r8
10004afa:	6251      	str	r1, [r2, #36]	@ 0x24
10004afc:	e7c0      	b.n	10004a80 <dcd_edpt_open+0x68>
10004afe:	f7fc fda7 	bl	10001650 <hard_assertion_failure>
10004b02:	e7d3      	b.n	10004aac <dcd_edpt_open+0x94>
10004b04:	20001c5c 	.word	0x20001c5c
10004b08:	50100084 	.word	0x50100084
10004b0c:	50100004 	.word	0x50100004
10004b10:	20002064 	.word	0x20002064
10004b14:	50100000 	.word	0x50100000
10004b18:	50100080 	.word	0x50100080
10004b1c:	50100100 	.word	0x50100100

10004b20 <dcd_edpt_close_all>:
10004b20:	b510      	push	{r4, lr}
10004b22:	f001 fea1 	bl	10006868 <__reset_non_control_endpoints_veneer>
10004b26:	bd10      	pop	{r4, pc}

10004b28 <dcd_edpt_xfer>:
10004b28:	b510      	push	{r4, lr}
10004b2a:	207f      	movs	r0, #127	@ 0x7f
10004b2c:	000c      	movs	r4, r1
10004b2e:	4020      	ands	r0, r4
10004b30:	0040      	lsls	r0, r0, #1
10004b32:	09e4      	lsrs	r4, r4, #7
10004b34:	0011      	movs	r1, r2
10004b36:	1900      	adds	r0, r0, r4
10004b38:	001a      	movs	r2, r3
10004b3a:	4b03      	ldr	r3, [pc, #12]	@ (10004b48 <dcd_edpt_xfer+0x20>)
10004b3c:	0140      	lsls	r0, r0, #5
10004b3e:	18c0      	adds	r0, r0, r3
10004b40:	f000 f856 	bl	10004bf0 <hw_endpoint_xfer_start>
10004b44:	2001      	movs	r0, #1
10004b46:	bd10      	pop	{r4, pc}
10004b48:	20001c5c 	.word	0x20001c5c

10004b4c <dcd_edpt_stall>:
10004b4c:	237f      	movs	r3, #127	@ 0x7f
10004b4e:	0018      	movs	r0, r3
10004b50:	b510      	push	{r4, lr}
10004b52:	4008      	ands	r0, r1
10004b54:	09ca      	lsrs	r2, r1, #7
10004b56:	420b      	tst	r3, r1
10004b58:	d103      	bne.n	10004b62 <dcd_edpt_stall+0x16>
10004b5a:	4907      	ldr	r1, [pc, #28]	@ (10004b78 <dcd_edpt_stall+0x2c>)
10004b5c:	3b7d      	subs	r3, #125	@ 0x7d
10004b5e:	1a9b      	subs	r3, r3, r2
10004b60:	668b      	str	r3, [r1, #104]	@ 0x68
10004b62:	0040      	lsls	r0, r0, #1
10004b64:	1880      	adds	r0, r0, r2
10004b66:	2280      	movs	r2, #128	@ 0x80
10004b68:	4b04      	ldr	r3, [pc, #16]	@ (10004b7c <dcd_edpt_stall+0x30>)
10004b6a:	0140      	lsls	r0, r0, #5
10004b6c:	2100      	movs	r1, #0
10004b6e:	18c0      	adds	r0, r0, r3
10004b70:	0112      	lsls	r2, r2, #4
10004b72:	f001 fe91 	bl	10006898 <___hw_endpoint_buffer_control_update32_veneer>
10004b76:	bd10      	pop	{r4, pc}
10004b78:	50112000 	.word	0x50112000
10004b7c:	20001c5c 	.word	0x20001c5c

10004b80 <dcd_edpt_clear_stall>:
10004b80:	227f      	movs	r2, #127	@ 0x7f
10004b82:	0013      	movs	r3, r2
10004b84:	b510      	push	{r4, lr}
10004b86:	400b      	ands	r3, r1
10004b88:	420a      	tst	r2, r1
10004b8a:	d100      	bne.n	10004b8e <dcd_edpt_clear_stall+0xe>
10004b8c:	bd10      	pop	{r4, pc}
10004b8e:	09c9      	lsrs	r1, r1, #7
10004b90:	005b      	lsls	r3, r3, #1
10004b92:	185b      	adds	r3, r3, r1
10004b94:	4804      	ldr	r0, [pc, #16]	@ (10004ba8 <dcd_edpt_clear_stall+0x28>)
10004b96:	015b      	lsls	r3, r3, #5
10004b98:	18c0      	adds	r0, r0, r3
10004b9a:	2300      	movs	r3, #0
10004b9c:	2200      	movs	r2, #0
10004b9e:	4903      	ldr	r1, [pc, #12]	@ (10004bac <dcd_edpt_clear_stall+0x2c>)
10004ba0:	70c3      	strb	r3, [r0, #3]
10004ba2:	f001 fe79 	bl	10006898 <___hw_endpoint_buffer_control_update32_veneer>
10004ba6:	e7f1      	b.n	10004b8c <dcd_edpt_clear_stall+0xc>
10004ba8:	20001c5c 	.word	0x20001c5c
10004bac:	fffff7ff 	.word	0xfffff7ff

10004bb0 <rp2040_usb_init>:
10004bb0:	2280      	movs	r2, #128	@ 0x80
10004bb2:	4b0a      	ldr	r3, [pc, #40]	@ (10004bdc <rp2040_usb_init+0x2c>)
10004bb4:	0452      	lsls	r2, r2, #17
10004bb6:	b510      	push	{r4, lr}
10004bb8:	601a      	str	r2, [r3, #0]
10004bba:	4b09      	ldr	r3, [pc, #36]	@ (10004be0 <rp2040_usb_init+0x30>)
10004bbc:	4909      	ldr	r1, [pc, #36]	@ (10004be4 <rp2040_usb_init+0x34>)
10004bbe:	601a      	str	r2, [r3, #0]
10004bc0:	0010      	movs	r0, r2
10004bc2:	680b      	ldr	r3, [r1, #0]
10004bc4:	4398      	bics	r0, r3
10004bc6:	d1fb      	bne.n	10004bc0 <rp2040_usb_init+0x10>
10004bc8:	2280      	movs	r2, #128	@ 0x80
10004bca:	2100      	movs	r1, #0
10004bcc:	0152      	lsls	r2, r2, #5
10004bce:	4806      	ldr	r0, [pc, #24]	@ (10004be8 <rp2040_usb_init+0x38>)
10004bd0:	f7fd fd0c 	bl	100025ec <__wrap_memset>
10004bd4:	2209      	movs	r2, #9
10004bd6:	4b05      	ldr	r3, [pc, #20]	@ (10004bec <rp2040_usb_init+0x3c>)
10004bd8:	675a      	str	r2, [r3, #116]	@ 0x74
10004bda:	bd10      	pop	{r4, pc}
10004bdc:	4000e000 	.word	0x4000e000
10004be0:	4000f000 	.word	0x4000f000
10004be4:	4000c008 	.word	0x4000c008
10004be8:	50100000 	.word	0x50100000
10004bec:	50110000 	.word	0x50110000

10004bf0 <hw_endpoint_xfer_start>:
10004bf0:	2300      	movs	r3, #0
10004bf2:	b510      	push	{r4, lr}
10004bf4:	82c3      	strh	r3, [r0, #22]
10004bf6:	3301      	adds	r3, #1
10004bf8:	8282      	strh	r2, [r0, #20]
10004bfa:	7683      	strb	r3, [r0, #26]
10004bfc:	6101      	str	r1, [r0, #16]
10004bfe:	0004      	movs	r4, r0
10004c00:	f001 fe5a 	bl	100068b8 <__e15_is_bulkin_ep_veneer>
10004c04:	2800      	cmp	r0, #0
10004c06:	d004      	beq.n	10004c12 <hw_endpoint_xfer_start+0x22>
10004c08:	2180      	movs	r1, #128	@ 0x80
10004c0a:	2390      	movs	r3, #144	@ 0x90
10004c0c:	4a07      	ldr	r2, [pc, #28]	@ (10004c2c <hw_endpoint_xfer_start+0x3c>)
10004c0e:	0289      	lsls	r1, r1, #10
10004c10:	50d1      	str	r1, [r2, r3]
10004c12:	0020      	movs	r0, r4
10004c14:	f001 fe48 	bl	100068a8 <__e15_is_critical_frame_period_veneer>
10004c18:	2800      	cmp	r0, #0
10004c1a:	d002      	beq.n	10004c22 <hw_endpoint_xfer_start+0x32>
10004c1c:	2301      	movs	r3, #1
10004c1e:	7723      	strb	r3, [r4, #28]
10004c20:	bd10      	pop	{r4, pc}
10004c22:	0020      	movs	r0, r4
10004c24:	f001 fe30 	bl	10006888 <__hw_endpoint_start_next_buffer_veneer>
10004c28:	e7fa      	b.n	10004c20 <hw_endpoint_xfer_start+0x30>
10004c2a:	46c0      	nop			@ (mov r8, r8)
10004c2c:	50112000 	.word	0x50112000

10004c30 <tud_event_hook_cb>:
10004c30:	4770      	bx	lr
10004c32:	46c0      	nop			@ (mov r8, r8)

10004c34 <tud_sof_cb>:
10004c34:	4770      	bx	lr
10004c36:	46c0      	nop			@ (mov r8, r8)

10004c38 <tud_descriptor_device_qualifier_cb>:
10004c38:	2000      	movs	r0, #0
10004c3a:	4770      	bx	lr

10004c3c <tud_descriptor_other_speed_configuration_cb>:
10004c3c:	2000      	movs	r0, #0
10004c3e:	4770      	bx	lr

10004c40 <tud_mount_cb>:
10004c40:	4770      	bx	lr
10004c42:	46c0      	nop			@ (mov r8, r8)

10004c44 <tud_umount_cb>:
10004c44:	4770      	bx	lr
10004c46:	46c0      	nop			@ (mov r8, r8)

10004c48 <tud_suspend_cb>:
10004c48:	4770      	bx	lr
10004c4a:	46c0      	nop			@ (mov r8, r8)

10004c4c <tud_resume_cb>:
10004c4c:	4770      	bx	lr
10004c4e:	46c0      	nop			@ (mov r8, r8)

10004c50 <tud_mounted>:
10004c50:	4b02      	ldr	r3, [pc, #8]	@ (10004c5c <tud_mounted+0xc>)
10004c52:	7858      	ldrb	r0, [r3, #1]
10004c54:	1e43      	subs	r3, r0, #1
10004c56:	4198      	sbcs	r0, r3
10004c58:	b2c0      	uxtb	r0, r0
10004c5a:	4770      	bx	lr
10004c5c:	200019d4 	.word	0x200019d4

10004c60 <tud_suspended>:
10004c60:	4b02      	ldr	r3, [pc, #8]	@ (10004c6c <tud_suspended+0xc>)
10004c62:	7818      	ldrb	r0, [r3, #0]
10004c64:	0740      	lsls	r0, r0, #29
10004c66:	0fc0      	lsrs	r0, r0, #31
10004c68:	4770      	bx	lr
10004c6a:	46c0      	nop			@ (mov r8, r8)
10004c6c:	200019d4 	.word	0x200019d4

10004c70 <tud_init>:
10004c70:	b5f8      	push	{r3, r4, r5, r6, r7, lr}
10004c72:	4647      	mov	r7, r8
10004c74:	46ce      	mov	lr, r9
10004c76:	b580      	push	{r7, lr}
10004c78:	4f2b      	ldr	r7, [pc, #172]	@ (10004d28 <tud_init+0xb8>)
10004c7a:	0006      	movs	r6, r0
10004c7c:	783b      	ldrb	r3, [r7, #0]
10004c7e:	2bff      	cmp	r3, #255	@ 0xff
10004c80:	d004      	beq.n	10004c8c <tud_init+0x1c>
10004c82:	2001      	movs	r0, #1
10004c84:	bcc0      	pop	{r6, r7}
10004c86:	46b9      	mov	r9, r7
10004c88:	46b0      	mov	r8, r6
10004c8a:	bdf8      	pop	{r3, r4, r5, r6, r7, pc}
10004c8c:	2100      	movs	r1, #0
10004c8e:	2254      	movs	r2, #84	@ 0x54
10004c90:	4826      	ldr	r0, [pc, #152]	@ (10004d2c <tud_init+0xbc>)
10004c92:	f7fd fcab 	bl	100025ec <__wrap_memset>
10004c96:	2200      	movs	r2, #0
10004c98:	4c25      	ldr	r4, [pc, #148]	@ (10004d30 <tud_init+0xc0>)
10004c9a:	4b26      	ldr	r3, [pc, #152]	@ (10004d34 <tud_init+0xc4>)
10004c9c:	0020      	movs	r0, r4
10004c9e:	701a      	strb	r2, [r3, #0]
10004ca0:	f7fb feb6 	bl	10000a10 <mutex_init>
10004ca4:	4b24      	ldr	r3, [pc, #144]	@ (10004d38 <tud_init+0xc8>)
10004ca6:	601c      	str	r4, [r3, #0]
10004ca8:	4c24      	ldr	r4, [pc, #144]	@ (10004d3c <tud_init+0xcc>)
10004caa:	0020      	movs	r0, r4
10004cac:	3c14      	subs	r4, #20
10004cae:	f7fb febd 	bl	10000a2c <critical_section_init>
10004cb2:	0020      	movs	r0, r4
10004cb4:	f001 fd16 	bl	100066e4 <tu_fifo_clear>
10004cb8:	4b21      	ldr	r3, [pc, #132]	@ (10004d40 <tud_init+0xd0>)
10004cba:	4d22      	ldr	r5, [pc, #136]	@ (10004d44 <tud_init+0xd4>)
10004cbc:	601c      	str	r4, [r3, #0]
10004cbe:	4b22      	ldr	r3, [pc, #136]	@ (10004d48 <tud_init+0xd8>)
10004cc0:	2b00      	cmp	r3, #0
10004cc2:	d027      	beq.n	10004d14 <tud_init+0xa4>
10004cc4:	0028      	movs	r0, r5
10004cc6:	f7ff facd 	bl	10004264 <usbd_app_driver_get_cb>
10004cca:	4b20      	ldr	r3, [pc, #128]	@ (10004d4c <tud_init+0xdc>)
10004ccc:	782a      	ldrb	r2, [r5, #0]
10004cce:	6018      	str	r0, [r3, #0]
10004cd0:	491f      	ldr	r1, [pc, #124]	@ (10004d50 <tud_init+0xe0>)
10004cd2:	2400      	movs	r4, #0
10004cd4:	4689      	mov	r9, r1
10004cd6:	491d      	ldr	r1, [pc, #116]	@ (10004d4c <tud_init+0xdc>)
10004cd8:	2300      	movs	r3, #0
10004cda:	4688      	mov	r8, r1
10004cdc:	e010      	b.n	10004d00 <tud_init+0x90>
10004cde:	4643      	mov	r3, r8
10004ce0:	681b      	ldr	r3, [r3, #0]
10004ce2:	0162      	lsls	r2, r4, #5
10004ce4:	189b      	adds	r3, r3, r2
10004ce6:	2b00      	cmp	r3, #0
10004ce8:	d012      	beq.n	10004d10 <tud_init+0xa0>
10004cea:	685b      	ldr	r3, [r3, #4]
10004cec:	2b00      	cmp	r3, #0
10004cee:	d00f      	beq.n	10004d10 <tud_init+0xa0>
10004cf0:	4798      	blx	r3
10004cf2:	782a      	ldrb	r2, [r5, #0]
10004cf4:	3401      	adds	r4, #1
10004cf6:	b2e4      	uxtb	r4, r4
10004cf8:	1c51      	adds	r1, r2, #1
10004cfa:	0023      	movs	r3, r4
10004cfc:	42a1      	cmp	r1, r4
10004cfe:	db0b      	blt.n	10004d18 <tud_init+0xa8>
10004d00:	42a2      	cmp	r2, r4
10004d02:	d8ec      	bhi.n	10004cde <tud_init+0x6e>
10004d04:	1a9b      	subs	r3, r3, r2
10004d06:	015b      	lsls	r3, r3, #5
10004d08:	444b      	add	r3, r9
10004d0a:	685b      	ldr	r3, [r3, #4]
10004d0c:	2b00      	cmp	r3, #0
10004d0e:	d1ef      	bne.n	10004cf0 <tud_init+0x80>
10004d10:	2000      	movs	r0, #0
10004d12:	e7b7      	b.n	10004c84 <tud_init+0x14>
10004d14:	782a      	ldrb	r2, [r5, #0]
10004d16:	e7db      	b.n	10004cd0 <tud_init+0x60>
10004d18:	0030      	movs	r0, r6
10004d1a:	703e      	strb	r6, [r7, #0]
10004d1c:	f7ff fe0a 	bl	10004934 <dcd_init>
10004d20:	0030      	movs	r0, r6
10004d22:	f7ff fe4d 	bl	100049c0 <dcd_int_enable>
10004d26:	e7ac      	b.n	10004c82 <tud_init+0x12>
10004d28:	20001054 	.word	0x20001054
10004d2c:	200019d4 	.word	0x200019d4
10004d30:	2000198c 	.word	0x2000198c
10004d34:	200020c3 	.word	0x200020c3
10004d38:	20001a28 	.word	0x20001a28
10004d3c:	2000104c 	.word	0x2000104c
10004d40:	20001a2c 	.word	0x20001a2c
10004d44:	200020c1 	.word	0x200020c1
10004d48:	10004265 	.word	0x10004265
10004d4c:	200016a8 	.word	0x200016a8
10004d50:	10006f24 	.word	0x10006f24

10004d54 <tud_task_ext>:
10004d54:	b5f0      	push	{r4, r5, r6, r7, lr}
10004d56:	46de      	mov	lr, fp
10004d58:	4657      	mov	r7, sl
10004d5a:	464e      	mov	r6, r9
10004d5c:	4645      	mov	r5, r8
10004d5e:	b5e0      	push	{r5, r6, r7, lr}
10004d60:	4bc8      	ldr	r3, [pc, #800]	@ (10005084 <tud_task_ext+0x330>)
10004d62:	b091      	sub	sp, #68	@ 0x44
10004d64:	9302      	str	r3, [sp, #8]
10004d66:	781b      	ldrb	r3, [r3, #0]
10004d68:	2bff      	cmp	r3, #255	@ 0xff
10004d6a:	d100      	bne.n	10004d6e <tud_task_ext+0x1a>
10004d6c:	e13e      	b.n	10004fec <tud_task_ext+0x298>
10004d6e:	4bc6      	ldr	r3, [pc, #792]	@ (10005088 <tud_task_ext+0x334>)
10004d70:	4ec6      	ldr	r6, [pc, #792]	@ (1000508c <tud_task_ext+0x338>)
10004d72:	469b      	mov	fp, r3
10004d74:	465f      	mov	r7, fp
10004d76:	4bc6      	ldr	r3, [pc, #792]	@ (10005090 <tud_task_ext+0x33c>)
10004d78:	ac0d      	add	r4, sp, #52	@ 0x34
10004d7a:	9301      	str	r3, [sp, #4]
10004d7c:	4bc5      	ldr	r3, [pc, #788]	@ (10005094 <tud_task_ext+0x340>)
10004d7e:	9300      	str	r3, [sp, #0]
10004d80:	6835      	ldr	r5, [r6, #0]
10004d82:	696a      	ldr	r2, [r5, #20]
10004d84:	f3ef 8110 	mrs	r1, PRIMASK
10004d88:	b672      	cpsid	i
10004d8a:	6813      	ldr	r3, [r2, #0]
10004d8c:	2b00      	cmp	r3, #0
10004d8e:	d0fc      	beq.n	10004d8a <tud_task_ext+0x36>
10004d90:	f3bf 8f5f 	dmb	sy
10004d94:	61a9      	str	r1, [r5, #24]
10004d96:	0028      	movs	r0, r5
10004d98:	0021      	movs	r1, r4
10004d9a:	f001 fad1 	bl	10006340 <tu_fifo_read>
10004d9e:	696a      	ldr	r2, [r5, #20]
10004da0:	69ab      	ldr	r3, [r5, #24]
10004da2:	f3bf 8f5f 	dmb	sy
10004da6:	2100      	movs	r1, #0
10004da8:	6011      	str	r1, [r2, #0]
10004daa:	f383 8810 	msr	PRIMASK, r3
10004dae:	2800      	cmp	r0, #0
10004db0:	d100      	bne.n	10004db4 <tud_task_ext+0x60>
10004db2:	e11b      	b.n	10004fec <tud_task_ext+0x298>
10004db4:	7863      	ldrb	r3, [r4, #1]
10004db6:	2b08      	cmp	r3, #8
10004db8:	d8e2      	bhi.n	10004d80 <tud_task_ext+0x2c>
10004dba:	009b      	lsls	r3, r3, #2
10004dbc:	58fb      	ldr	r3, [r7, r3]
10004dbe:	469f      	mov	pc, r3
10004dc0:	6863      	ldr	r3, [r4, #4]
10004dc2:	2b00      	cmp	r3, #0
10004dc4:	d0dc      	beq.n	10004d80 <tud_task_ext+0x2c>
10004dc6:	68a0      	ldr	r0, [r4, #8]
10004dc8:	4798      	blx	r3
10004dca:	e7d9      	b.n	10004d80 <tud_task_ext+0x2c>
10004dcc:	227f      	movs	r2, #127	@ 0x7f
10004dce:	7921      	ldrb	r1, [r4, #4]
10004dd0:	4daf      	ldr	r5, [pc, #700]	@ (10005090 <tud_task_ext+0x33c>)
10004dd2:	400a      	ands	r2, r1
10004dd4:	0053      	lsls	r3, r2, #1
10004dd6:	18eb      	adds	r3, r5, r3
10004dd8:	4698      	mov	r8, r3
10004dda:	09c8      	lsrs	r0, r1, #7
10004ddc:	4480      	add	r8, r0
10004dde:	4640      	mov	r0, r8
10004de0:	2301      	movs	r3, #1
10004de2:	3030      	adds	r0, #48	@ 0x30
10004de4:	7905      	ldrb	r5, [r0, #4]
10004de6:	439d      	bics	r5, r3
10004de8:	7105      	strb	r5, [r0, #4]
10004dea:	7905      	ldrb	r5, [r0, #4]
10004dec:	3303      	adds	r3, #3
10004dee:	439d      	bics	r5, r3
10004df0:	7105      	strb	r5, [r0, #4]
10004df2:	2a00      	cmp	r2, #0
10004df4:	d100      	bne.n	10004df8 <tud_task_ext+0xa4>
10004df6:	e100      	b.n	10004ffa <tud_task_ext+0x2a6>
10004df8:	4643      	mov	r3, r8
10004dfa:	4aa7      	ldr	r2, [pc, #668]	@ (10005098 <tud_task_ext+0x344>)
10004dfc:	7d1b      	ldrb	r3, [r3, #20]
10004dfe:	7812      	ldrb	r2, [r2, #0]
10004e00:	4293      	cmp	r3, r2
10004e02:	d300      	bcc.n	10004e06 <tud_task_ext+0xb2>
10004e04:	e0ef      	b.n	10004fe6 <tud_task_ext+0x292>
10004e06:	4aa5      	ldr	r2, [pc, #660]	@ (1000509c <tud_task_ext+0x348>)
10004e08:	015b      	lsls	r3, r3, #5
10004e0a:	6815      	ldr	r5, [r2, #0]
10004e0c:	18ed      	adds	r5, r5, r3
10004e0e:	2d00      	cmp	r5, #0
10004e10:	d100      	bne.n	10004e14 <tud_task_ext+0xc0>
10004e12:	e0eb      	b.n	10004fec <tud_task_ext+0x298>
10004e14:	68a3      	ldr	r3, [r4, #8]
10004e16:	7962      	ldrb	r2, [r4, #5]
10004e18:	7820      	ldrb	r0, [r4, #0]
10004e1a:	69ad      	ldr	r5, [r5, #24]
10004e1c:	47a8      	blx	r5
10004e1e:	e7af      	b.n	10004d80 <tud_task_ext+0x2c>
10004e20:	4a9f      	ldr	r2, [pc, #636]	@ (100050a0 <tud_task_ext+0x34c>)
10004e22:	7813      	ldrb	r3, [r2, #0]
10004e24:	2b00      	cmp	r3, #0
10004e26:	d100      	bne.n	10004e2a <tud_task_ext+0xd6>
10004e28:	e0e0      	b.n	10004fec <tud_task_ext+0x298>
10004e2a:	7813      	ldrb	r3, [r2, #0]
10004e2c:	3b01      	subs	r3, #1
10004e2e:	b2db      	uxtb	r3, r3
10004e30:	7013      	strb	r3, [r2, #0]
10004e32:	7813      	ldrb	r3, [r2, #0]
10004e34:	2b00      	cmp	r3, #0
10004e36:	d1a3      	bne.n	10004d80 <tud_task_ext+0x2c>
10004e38:	2201      	movs	r2, #1
10004e3a:	4d95      	ldr	r5, [pc, #596]	@ (10005090 <tud_task_ext+0x33c>)
10004e3c:	2101      	movs	r1, #1
10004e3e:	782b      	ldrb	r3, [r5, #0]
10004e40:	2004      	movs	r0, #4
10004e42:	4313      	orrs	r3, r2
10004e44:	702b      	strb	r3, [r5, #0]
10004e46:	2334      	movs	r3, #52	@ 0x34
10004e48:	5cea      	ldrb	r2, [r5, r3]
10004e4a:	438a      	bics	r2, r1
10004e4c:	54ea      	strb	r2, [r5, r3]
10004e4e:	5cea      	ldrb	r2, [r5, r3]
10004e50:	4382      	bics	r2, r0
10004e52:	54ea      	strb	r2, [r5, r3]
10004e54:	3301      	adds	r3, #1
10004e56:	5cea      	ldrb	r2, [r5, r3]
10004e58:	438a      	bics	r2, r1
10004e5a:	54ea      	strb	r2, [r5, r3]
10004e5c:	5cea      	ldrb	r2, [r5, r3]
10004e5e:	4382      	bics	r2, r0
10004e60:	54ea      	strb	r2, [r5, r3]
10004e62:	7823      	ldrb	r3, [r4, #0]
10004e64:	2000      	movs	r0, #0
10004e66:	469b      	mov	fp, r3
10004e68:	f000 fca0 	bl	100057ac <usbd_control_set_complete_callback>
10004e6c:	2260      	movs	r2, #96	@ 0x60
10004e6e:	7923      	ldrb	r3, [r4, #4]
10004e70:	401a      	ands	r2, r3
10004e72:	2a60      	cmp	r2, #96	@ 0x60
10004e74:	d100      	bne.n	10004e78 <tud_task_ext+0x124>
10004e76:	e0ef      	b.n	10005058 <tud_task_ext+0x304>
10004e78:	2a40      	cmp	r2, #64	@ 0x40
10004e7a:	d100      	bne.n	10004e7e <tud_task_ext+0x12a>
10004e7c:	e0f5      	b.n	1000506a <tud_task_ext+0x316>
10004e7e:	06db      	lsls	r3, r3, #27
10004e80:	0edb      	lsrs	r3, r3, #27
10004e82:	2b01      	cmp	r3, #1
10004e84:	d100      	bne.n	10004e88 <tud_task_ext+0x134>
10004e86:	e113      	b.n	100050b0 <tud_task_ext+0x35c>
10004e88:	2b02      	cmp	r3, #2
10004e8a:	d100      	bne.n	10004e8e <tud_task_ext+0x13a>
10004e8c:	e0c7      	b.n	1000501e <tud_task_ext+0x2ca>
10004e8e:	2b00      	cmp	r3, #0
10004e90:	d000      	beq.n	10004e94 <tud_task_ext+0x140>
10004e92:	e0e1      	b.n	10005058 <tud_task_ext+0x304>
10004e94:	2a20      	cmp	r2, #32
10004e96:	d100      	bne.n	10004e9a <tud_task_ext+0x146>
10004e98:	e21c      	b.n	100052d4 <tud_task_ext+0x580>
10004e9a:	2a00      	cmp	r2, #0
10004e9c:	d000      	beq.n	10004ea0 <tud_task_ext+0x14c>
10004e9e:	e0db      	b.n	10005058 <tud_task_ext+0x304>
10004ea0:	7963      	ldrb	r3, [r4, #5]
10004ea2:	2b09      	cmp	r3, #9
10004ea4:	d900      	bls.n	10004ea8 <tud_task_ext+0x154>
10004ea6:	e0d7      	b.n	10005058 <tud_task_ext+0x304>
10004ea8:	4a7e      	ldr	r2, [pc, #504]	@ (100050a4 <tud_task_ext+0x350>)
10004eaa:	009b      	lsls	r3, r3, #2
10004eac:	58d3      	ldr	r3, [r2, r3]
10004eae:	469f      	mov	pc, r3
10004eb0:	4d77      	ldr	r5, [pc, #476]	@ (10005090 <tud_task_ext+0x33c>)
10004eb2:	782b      	ldrb	r3, [r5, #0]
10004eb4:	07db      	lsls	r3, r3, #31
10004eb6:	d400      	bmi.n	10004eba <tud_task_ext+0x166>
10004eb8:	e762      	b.n	10004d80 <tud_task_ext+0x2c>
10004eba:	f7ff fec7 	bl	10004c4c <tud_resume_cb>
10004ebe:	e75f      	b.n	10004d80 <tud_task_ext+0x2c>
10004ec0:	9b01      	ldr	r3, [sp, #4]
10004ec2:	78db      	ldrb	r3, [r3, #3]
10004ec4:	07db      	lsls	r3, r3, #31
10004ec6:	d400      	bmi.n	10004eca <tud_task_ext+0x176>
10004ec8:	e75a      	b.n	10004d80 <tud_task_ext+0x2c>
10004eca:	6860      	ldr	r0, [r4, #4]
10004ecc:	f7ff feb2 	bl	10004c34 <tud_sof_cb>
10004ed0:	e756      	b.n	10004d80 <tud_task_ext+0x2c>
10004ed2:	4d6f      	ldr	r5, [pc, #444]	@ (10005090 <tud_task_ext+0x33c>)
10004ed4:	782b      	ldrb	r3, [r5, #0]
10004ed6:	07db      	lsls	r3, r3, #31
10004ed8:	d400      	bmi.n	10004edc <tud_task_ext+0x188>
10004eda:	e751      	b.n	10004d80 <tud_task_ext+0x2c>
10004edc:	7828      	ldrb	r0, [r5, #0]
10004ede:	0700      	lsls	r0, r0, #28
10004ee0:	0fc0      	lsrs	r0, r0, #31
10004ee2:	f7ff feb1 	bl	10004c48 <tud_suspend_cb>
10004ee6:	e74b      	b.n	10004d80 <tud_task_ext+0x2c>
10004ee8:	7823      	ldrb	r3, [r4, #0]
10004eea:	496a      	ldr	r1, [pc, #424]	@ (10005094 <tud_task_ext+0x340>)
10004eec:	4699      	mov	r9, r3
10004eee:	468b      	mov	fp, r1
10004ef0:	4b69      	ldr	r3, [pc, #420]	@ (10005098 <tud_task_ext+0x344>)
10004ef2:	496a      	ldr	r1, [pc, #424]	@ (1000509c <tud_task_ext+0x348>)
10004ef4:	4698      	mov	r8, r3
10004ef6:	468a      	mov	sl, r1
10004ef8:	0039      	movs	r1, r7
10004efa:	781a      	ldrb	r2, [r3, #0]
10004efc:	4647      	mov	r7, r8
10004efe:	2300      	movs	r3, #0
10004f00:	46b0      	mov	r8, r6
10004f02:	2500      	movs	r5, #0
10004f04:	464e      	mov	r6, r9
10004f06:	4689      	mov	r9, r1
10004f08:	e010      	b.n	10004f2c <tud_task_ext+0x1d8>
10004f0a:	4653      	mov	r3, sl
10004f0c:	681b      	ldr	r3, [r3, #0]
10004f0e:	016a      	lsls	r2, r5, #5
10004f10:	189b      	adds	r3, r3, r2
10004f12:	2b00      	cmp	r3, #0
10004f14:	d100      	bne.n	10004f18 <tud_task_ext+0x1c4>
10004f16:	e076      	b.n	10005006 <tud_task_ext+0x2b2>
10004f18:	68db      	ldr	r3, [r3, #12]
10004f1a:	0030      	movs	r0, r6
10004f1c:	4798      	blx	r3
10004f1e:	783a      	ldrb	r2, [r7, #0]
10004f20:	3501      	adds	r5, #1
10004f22:	b2ed      	uxtb	r5, r5
10004f24:	1c51      	adds	r1, r2, #1
10004f26:	002b      	movs	r3, r5
10004f28:	428d      	cmp	r5, r1
10004f2a:	dc44      	bgt.n	10004fb6 <tud_task_ext+0x262>
10004f2c:	4295      	cmp	r5, r2
10004f2e:	d3ec      	bcc.n	10004f0a <tud_task_ext+0x1b6>
10004f30:	1a9b      	subs	r3, r3, r2
10004f32:	015b      	lsls	r3, r3, #5
10004f34:	445b      	add	r3, fp
10004f36:	e7ef      	b.n	10004f18 <tud_task_ext+0x1c4>
10004f38:	7823      	ldrb	r3, [r4, #0]
10004f3a:	4958      	ldr	r1, [pc, #352]	@ (1000509c <tud_task_ext+0x348>)
10004f3c:	4699      	mov	r9, r3
10004f3e:	4b56      	ldr	r3, [pc, #344]	@ (10005098 <tud_task_ext+0x344>)
10004f40:	468a      	mov	sl, r1
10004f42:	4698      	mov	r8, r3
10004f44:	0031      	movs	r1, r6
10004f46:	46bb      	mov	fp, r7
10004f48:	464e      	mov	r6, r9
10004f4a:	781a      	ldrb	r2, [r3, #0]
10004f4c:	2500      	movs	r5, #0
10004f4e:	2300      	movs	r3, #0
10004f50:	4647      	mov	r7, r8
10004f52:	4689      	mov	r9, r1
10004f54:	e00f      	b.n	10004f76 <tud_task_ext+0x222>
10004f56:	4653      	mov	r3, sl
10004f58:	681b      	ldr	r3, [r3, #0]
10004f5a:	016a      	lsls	r2, r5, #5
10004f5c:	189b      	adds	r3, r3, r2
10004f5e:	2b00      	cmp	r3, #0
10004f60:	d055      	beq.n	1000500e <tud_task_ext+0x2ba>
10004f62:	68db      	ldr	r3, [r3, #12]
10004f64:	0030      	movs	r0, r6
10004f66:	4798      	blx	r3
10004f68:	783a      	ldrb	r2, [r7, #0]
10004f6a:	3501      	adds	r5, #1
10004f6c:	b2ed      	uxtb	r5, r5
10004f6e:	1c51      	adds	r1, r2, #1
10004f70:	002b      	movs	r3, r5
10004f72:	428d      	cmp	r5, r1
10004f74:	dc07      	bgt.n	10004f86 <tud_task_ext+0x232>
10004f76:	4295      	cmp	r5, r2
10004f78:	d3ed      	bcc.n	10004f56 <tud_task_ext+0x202>
10004f7a:	1a9b      	subs	r3, r3, r2
10004f7c:	9a00      	ldr	r2, [sp, #0]
10004f7e:	015b      	lsls	r3, r3, #5
10004f80:	4694      	mov	ip, r2
10004f82:	4463      	add	r3, ip
10004f84:	e7ed      	b.n	10004f62 <tud_task_ext+0x20e>
10004f86:	9d01      	ldr	r5, [sp, #4]
10004f88:	2254      	movs	r2, #84	@ 0x54
10004f8a:	2100      	movs	r1, #0
10004f8c:	0028      	movs	r0, r5
10004f8e:	f7fd fb2d 	bl	100025ec <__wrap_memset>
10004f92:	2210      	movs	r2, #16
10004f94:	21ff      	movs	r1, #255	@ 0xff
10004f96:	4844      	ldr	r0, [pc, #272]	@ (100050a8 <tud_task_ext+0x354>)
10004f98:	f7fd fb28 	bl	100025ec <__wrap_memset>
10004f9c:	0028      	movs	r0, r5
10004f9e:	2220      	movs	r2, #32
10004fa0:	21ff      	movs	r1, #255	@ 0xff
10004fa2:	3014      	adds	r0, #20
10004fa4:	464e      	mov	r6, r9
10004fa6:	465f      	mov	r7, fp
10004fa8:	f7fd fb20 	bl	100025ec <__wrap_memset>
10004fac:	f000 fbf4 	bl	10005798 <usbd_control_reset>
10004fb0:	f7ff fe48 	bl	10004c44 <tud_umount_cb>
10004fb4:	e6e4      	b.n	10004d80 <tud_task_ext+0x2c>
10004fb6:	4d36      	ldr	r5, [pc, #216]	@ (10005090 <tud_task_ext+0x33c>)
10004fb8:	2254      	movs	r2, #84	@ 0x54
10004fba:	2100      	movs	r1, #0
10004fbc:	0028      	movs	r0, r5
10004fbe:	f7fd fb15 	bl	100025ec <__wrap_memset>
10004fc2:	2210      	movs	r2, #16
10004fc4:	21ff      	movs	r1, #255	@ 0xff
10004fc6:	1d28      	adds	r0, r5, #4
10004fc8:	f7fd fb10 	bl	100025ec <__wrap_memset>
10004fcc:	0028      	movs	r0, r5
10004fce:	2220      	movs	r2, #32
10004fd0:	21ff      	movs	r1, #255	@ 0xff
10004fd2:	3014      	adds	r0, #20
10004fd4:	4646      	mov	r6, r8
10004fd6:	464f      	mov	r7, r9
10004fd8:	f7fd fb08 	bl	100025ec <__wrap_memset>
10004fdc:	f000 fbdc 	bl	10005798 <usbd_control_reset>
10004fe0:	7923      	ldrb	r3, [r4, #4]
10004fe2:	70ab      	strb	r3, [r5, #2]
10004fe4:	e6cc      	b.n	10004d80 <tud_task_ext+0x2c>
10004fe6:	1c50      	adds	r0, r2, #1
10004fe8:	4298      	cmp	r0, r3
10004fea:	da13      	bge.n	10005014 <tud_task_ext+0x2c0>
10004fec:	b011      	add	sp, #68	@ 0x44
10004fee:	bcf0      	pop	{r4, r5, r6, r7}
10004ff0:	46bb      	mov	fp, r7
10004ff2:	46b2      	mov	sl, r6
10004ff4:	46a9      	mov	r9, r5
10004ff6:	46a0      	mov	r8, r4
10004ff8:	bdf0      	pop	{r4, r5, r6, r7, pc}
10004ffa:	68a3      	ldr	r3, [r4, #8]
10004ffc:	7962      	ldrb	r2, [r4, #5]
10004ffe:	7820      	ldrb	r0, [r4, #0]
10005000:	f000 fbe8 	bl	100057d4 <usbd_control_xfer_cb>
10005004:	e6bc      	b.n	10004d80 <tud_task_ext+0x2c>
10005006:	4646      	mov	r6, r8
10005008:	464f      	mov	r7, r9
1000500a:	4d21      	ldr	r5, [pc, #132]	@ (10005090 <tud_task_ext+0x33c>)
1000500c:	e7e6      	b.n	10004fdc <tud_task_ext+0x288>
1000500e:	464e      	mov	r6, r9
10005010:	465f      	mov	r7, fp
10005012:	e7cb      	b.n	10004fac <tud_task_ext+0x258>
10005014:	4d1f      	ldr	r5, [pc, #124]	@ (10005094 <tud_task_ext+0x340>)
10005016:	1a9b      	subs	r3, r3, r2
10005018:	015b      	lsls	r3, r3, #5
1000501a:	195d      	adds	r5, r3, r5
1000501c:	e6fa      	b.n	10004e14 <tud_task_ext+0xc0>
1000501e:	2370      	movs	r3, #112	@ 0x70
10005020:	7a21      	ldrb	r1, [r4, #8]
10005022:	420b      	tst	r3, r1
10005024:	d118      	bne.n	10005058 <tud_task_ext+0x304>
10005026:	09c8      	lsrs	r0, r1, #7
10005028:	4682      	mov	sl, r0
1000502a:	330f      	adds	r3, #15
1000502c:	400b      	ands	r3, r1
1000502e:	005b      	lsls	r3, r3, #1
10005030:	4698      	mov	r8, r3
10005032:	4819      	ldr	r0, [pc, #100]	@ (10005098 <tud_task_ext+0x344>)
10005034:	18eb      	adds	r3, r5, r3
10005036:	4453      	add	r3, sl
10005038:	7d1b      	ldrb	r3, [r3, #20]
1000503a:	7800      	ldrb	r0, [r0, #0]
1000503c:	4699      	mov	r9, r3
1000503e:	4283      	cmp	r3, r0
10005040:	d266      	bcs.n	10005110 <tud_task_ext+0x3bc>
10005042:	4816      	ldr	r0, [pc, #88]	@ (1000509c <tud_task_ext+0x348>)
10005044:	015b      	lsls	r3, r3, #5
10005046:	6800      	ldr	r0, [r0, #0]
10005048:	4681      	mov	r9, r0
1000504a:	4499      	add	r9, r3
1000504c:	2a00      	cmp	r2, #0
1000504e:	d100      	bne.n	10005052 <tud_task_ext+0x2fe>
10005050:	e15f      	b.n	10005312 <tud_task_ext+0x5be>
10005052:	464b      	mov	r3, r9
10005054:	2b00      	cmp	r3, #0
10005056:	d168      	bne.n	1000512a <tud_task_ext+0x3d6>
10005058:	7820      	ldrb	r0, [r4, #0]
1000505a:	2100      	movs	r1, #0
1000505c:	f7ff fd76 	bl	10004b4c <dcd_edpt_stall>
10005060:	2180      	movs	r1, #128	@ 0x80
10005062:	7820      	ldrb	r0, [r4, #0]
10005064:	f7ff fd72 	bl	10004b4c <dcd_edpt_stall>
10005068:	e68a      	b.n	10004d80 <tud_task_ext+0x2c>
1000506a:	4810      	ldr	r0, [pc, #64]	@ (100050ac <tud_task_ext+0x358>)
1000506c:	f000 fb9e 	bl	100057ac <usbd_control_set_complete_callback>
10005070:	2101      	movs	r1, #1
10005072:	4658      	mov	r0, fp
10005074:	aa0e      	add	r2, sp, #56	@ 0x38
10005076:	f7ff f8db 	bl	10004230 <tud_vendor_control_xfer_cb>
1000507a:	2800      	cmp	r0, #0
1000507c:	d000      	beq.n	10005080 <tud_task_ext+0x32c>
1000507e:	e67f      	b.n	10004d80 <tud_task_ext+0x2c>
10005080:	e7ea      	b.n	10005058 <tud_task_ext+0x304>
10005082:	46c0      	nop			@ (mov r8, r8)
10005084:	20001054 	.word	0x20001054
10005088:	10006e7c 	.word	0x10006e7c
1000508c:	20001a2c 	.word	0x20001a2c
10005090:	200019d4 	.word	0x200019d4
10005094:	10006f24 	.word	0x10006f24
10005098:	200020c1 	.word	0x200020c1
1000509c:	200016a8 	.word	0x200016a8
100050a0:	200020c3 	.word	0x200020c3
100050a4:	10006ea0 	.word	0x10006ea0
100050a8:	200019d8 	.word	0x200019d8
100050ac:	10004231 	.word	0x10004231
100050b0:	7a23      	ldrb	r3, [r4, #8]
100050b2:	2b0f      	cmp	r3, #15
100050b4:	d8d0      	bhi.n	10005058 <tud_task_ext+0x304>
100050b6:	4acf      	ldr	r2, [pc, #828]	@ (100053f4 <tud_task_ext+0x6a0>)
100050b8:	18eb      	adds	r3, r5, r3
100050ba:	791b      	ldrb	r3, [r3, #4]
100050bc:	7815      	ldrb	r5, [r2, #0]
100050be:	42ab      	cmp	r3, r5
100050c0:	d33e      	bcc.n	10005140 <tud_task_ext+0x3ec>
100050c2:	1c69      	adds	r1, r5, #1
100050c4:	4299      	cmp	r1, r3
100050c6:	dbc7      	blt.n	10005058 <tud_task_ext+0x304>
100050c8:	1b5d      	subs	r5, r3, r5
100050ca:	4bcb      	ldr	r3, [pc, #812]	@ (100053f8 <tud_task_ext+0x6a4>)
100050cc:	016d      	lsls	r5, r5, #5
100050ce:	18ed      	adds	r5, r5, r3
100050d0:	6968      	ldr	r0, [r5, #20]
100050d2:	f000 fb6b 	bl	100057ac <usbd_control_set_complete_callback>
100050d6:	2101      	movs	r1, #1
100050d8:	4658      	mov	r0, fp
100050da:	696b      	ldr	r3, [r5, #20]
100050dc:	aa0e      	add	r2, sp, #56	@ 0x38
100050de:	4798      	blx	r3
100050e0:	2800      	cmp	r0, #0
100050e2:	d000      	beq.n	100050e6 <tud_task_ext+0x392>
100050e4:	e64c      	b.n	10004d80 <tud_task_ext+0x2c>
100050e6:	2260      	movs	r2, #96	@ 0x60
100050e8:	0015      	movs	r5, r2
100050ea:	7923      	ldrb	r3, [r4, #4]
100050ec:	401d      	ands	r5, r3
100050ee:	421a      	tst	r2, r3
100050f0:	d1b2      	bne.n	10005058 <tud_task_ext+0x304>
100050f2:	7963      	ldrb	r3, [r4, #5]
100050f4:	3b0a      	subs	r3, #10
100050f6:	2b01      	cmp	r3, #1
100050f8:	d8ae      	bhi.n	10005058 <tud_task_ext+0x304>
100050fa:	f000 fb57 	bl	100057ac <usbd_control_set_complete_callback>
100050fe:	7963      	ldrb	r3, [r4, #5]
10005100:	2b0a      	cmp	r3, #10
10005102:	d100      	bne.n	10005106 <tud_task_ext+0x3b2>
10005104:	e199      	b.n	1000543a <tud_task_ext+0x6e6>
10005106:	4658      	mov	r0, fp
10005108:	a90e      	add	r1, sp, #56	@ 0x38
1000510a:	f000 fad9 	bl	100056c0 <tud_control_status>
1000510e:	e637      	b.n	10004d80 <tud_task_ext+0x2c>
10005110:	1c43      	adds	r3, r0, #1
10005112:	454b      	cmp	r3, r9
10005114:	da00      	bge.n	10005118 <tud_task_ext+0x3c4>
10005116:	e0f7      	b.n	10005308 <tud_task_ext+0x5b4>
10005118:	464b      	mov	r3, r9
1000511a:	1a1b      	subs	r3, r3, r0
1000511c:	015b      	lsls	r3, r3, #5
1000511e:	4699      	mov	r9, r3
10005120:	48b5      	ldr	r0, [pc, #724]	@ (100053f8 <tud_task_ext+0x6a4>)
10005122:	4481      	add	r9, r0
10005124:	2a00      	cmp	r2, #0
10005126:	d100      	bne.n	1000512a <tud_task_ext+0x3d6>
10005128:	e0f3      	b.n	10005312 <tud_task_ext+0x5be>
1000512a:	464b      	mov	r3, r9
1000512c:	6958      	ldr	r0, [r3, #20]
1000512e:	f000 fb3d 	bl	100057ac <usbd_control_set_complete_callback>
10005132:	464b      	mov	r3, r9
10005134:	2101      	movs	r1, #1
10005136:	4658      	mov	r0, fp
10005138:	695b      	ldr	r3, [r3, #20]
1000513a:	aa0e      	add	r2, sp, #56	@ 0x38
1000513c:	4798      	blx	r3
1000513e:	e79c      	b.n	1000507a <tud_task_ext+0x326>
10005140:	4aae      	ldr	r2, [pc, #696]	@ (100053fc <tud_task_ext+0x6a8>)
10005142:	015b      	lsls	r3, r3, #5
10005144:	6815      	ldr	r5, [r2, #0]
10005146:	18ed      	adds	r5, r5, r3
10005148:	2d00      	cmp	r5, #0
1000514a:	d1c1      	bne.n	100050d0 <tud_task_ext+0x37c>
1000514c:	e784      	b.n	10005058 <tud_task_ext+0x304>
1000514e:	79a3      	ldrb	r3, [r4, #6]
10005150:	4699      	mov	r9, r3
10005152:	786b      	ldrb	r3, [r5, #1]
10005154:	4599      	cmp	r9, r3
10005156:	d0d6      	beq.n	10005106 <tud_task_ext+0x3b2>
10005158:	786b      	ldrb	r3, [r5, #1]
1000515a:	2b00      	cmp	r3, #0
1000515c:	d000      	beq.n	10005160 <tud_task_ext+0x40c>
1000515e:	e133      	b.n	100053c8 <tud_task_ext+0x674>
10005160:	464b      	mov	r3, r9
10005162:	706b      	strb	r3, [r5, #1]
10005164:	2b00      	cmp	r3, #0
10005166:	d100      	bne.n	1000516a <tud_task_ext+0x416>
10005168:	e12b      	b.n	100053c2 <tud_task_ext+0x66e>
1000516a:	4648      	mov	r0, r9
1000516c:	3801      	subs	r0, #1
1000516e:	b2c0      	uxtb	r0, r0
10005170:	f7ff faa6 	bl	100046c0 <tud_descriptor_configuration_cb>
10005174:	2800      	cmp	r0, #0
10005176:	d100      	bne.n	1000517a <tud_task_ext+0x426>
10005178:	e17e      	b.n	10005478 <tud_task_ext+0x724>
1000517a:	7843      	ldrb	r3, [r0, #1]
1000517c:	9307      	str	r3, [sp, #28]
1000517e:	2b02      	cmp	r3, #2
10005180:	d000      	beq.n	10005184 <tud_task_ext+0x430>
10005182:	e179      	b.n	10005478 <tud_task_ext+0x724>
10005184:	2201      	movs	r2, #1
10005186:	79c1      	ldrb	r1, [r0, #7]
10005188:	46b1      	mov	r9, r6
1000518a:	118b      	asrs	r3, r1, #6
1000518c:	1149      	asrs	r1, r1, #5
1000518e:	4013      	ands	r3, r2
10005190:	400a      	ands	r2, r1
10005192:	2130      	movs	r1, #48	@ 0x30
10005194:	0112      	lsls	r2, r2, #4
10005196:	015b      	lsls	r3, r3, #5
10005198:	4313      	orrs	r3, r2
1000519a:	782a      	ldrb	r2, [r5, #0]
1000519c:	46a8      	mov	r8, r5
1000519e:	438a      	bics	r2, r1
100051a0:	4313      	orrs	r3, r2
100051a2:	702b      	strb	r3, [r5, #0]
100051a4:	2309      	movs	r3, #9
100051a6:	469a      	mov	sl, r3
100051a8:	4482      	add	sl, r0
100051aa:	4656      	mov	r6, sl
100051ac:	46ba      	mov	sl, r7
100051ae:	78c3      	ldrb	r3, [r0, #3]
100051b0:	7882      	ldrb	r2, [r0, #2]
100051b2:	021b      	lsls	r3, r3, #8
100051b4:	4313      	orrs	r3, r2
100051b6:	18c3      	adds	r3, r0, r3
100051b8:	9305      	str	r3, [sp, #20]
100051ba:	4b8e      	ldr	r3, [pc, #568]	@ (100053f4 <tud_task_ext+0x6a0>)
100051bc:	9304      	str	r3, [sp, #16]
100051be:	4b8e      	ldr	r3, [pc, #568]	@ (100053f8 <tud_task_ext+0x6a4>)
100051c0:	9308      	str	r3, [sp, #32]
100051c2:	4b8e      	ldr	r3, [pc, #568]	@ (100053fc <tud_task_ext+0x6a8>)
100051c4:	9309      	str	r3, [sp, #36]	@ 0x24
100051c6:	4b8e      	ldr	r3, [pc, #568]	@ (10005400 <tud_task_ext+0x6ac>)
100051c8:	930a      	str	r3, [sp, #40]	@ 0x28
100051ca:	9b05      	ldr	r3, [sp, #20]
100051cc:	42b3      	cmp	r3, r6
100051ce:	d800      	bhi.n	100051d2 <tud_task_ext+0x47e>
100051d0:	e155      	b.n	1000547e <tud_task_ext+0x72a>
100051d2:	7873      	ldrb	r3, [r6, #1]
100051d4:	2201      	movs	r2, #1
100051d6:	2b0b      	cmp	r3, #11
100051d8:	d103      	bne.n	100051e2 <tud_task_ext+0x48e>
100051da:	7833      	ldrb	r3, [r6, #0]
100051dc:	78f2      	ldrb	r2, [r6, #3]
100051de:	18f6      	adds	r6, r6, r3
100051e0:	7873      	ldrb	r3, [r6, #1]
100051e2:	2b04      	cmp	r3, #4
100051e4:	d000      	beq.n	100051e8 <tud_task_ext+0x494>
100051e6:	e144      	b.n	10005472 <tud_task_ext+0x71e>
100051e8:	9b05      	ldr	r3, [sp, #20]
100051ea:	2700      	movs	r7, #0
100051ec:	1b9b      	subs	r3, r3, r6
100051ee:	b29b      	uxth	r3, r3
100051f0:	9306      	str	r3, [sp, #24]
100051f2:	9b04      	ldr	r3, [sp, #16]
100051f4:	920b      	str	r2, [sp, #44]	@ 0x2c
100051f6:	781d      	ldrb	r5, [r3, #0]
100051f8:	2300      	movs	r3, #0
100051fa:	9303      	str	r3, [sp, #12]
100051fc:	e01b      	b.n	10005236 <tud_task_ext+0x4e2>
100051fe:	9a09      	ldr	r2, [sp, #36]	@ 0x24
10005200:	017b      	lsls	r3, r7, #5
10005202:	6815      	ldr	r5, [r2, #0]
10005204:	18ed      	adds	r5, r5, r3
10005206:	2d00      	cmp	r5, #0
10005208:	d100      	bne.n	1000520c <tud_task_ext+0x4b8>
1000520a:	e132      	b.n	10005472 <tud_task_ext+0x71e>
1000520c:	0031      	movs	r1, r6
1000520e:	4658      	mov	r0, fp
10005210:	692b      	ldr	r3, [r5, #16]
10005212:	9a06      	ldr	r2, [sp, #24]
10005214:	4798      	blx	r3
10005216:	4684      	mov	ip, r0
10005218:	2808      	cmp	r0, #8
1000521a:	d903      	bls.n	10005224 <tud_task_ext+0x4d0>
1000521c:	9a06      	ldr	r2, [sp, #24]
1000521e:	4282      	cmp	r2, r0
10005220:	d300      	bcc.n	10005224 <tud_task_ext+0x4d0>
10005222:	e113      	b.n	1000544c <tud_task_ext+0x6f8>
10005224:	9b04      	ldr	r3, [sp, #16]
10005226:	3701      	adds	r7, #1
10005228:	781d      	ldrb	r5, [r3, #0]
1000522a:	b2ff      	uxtb	r7, r7
1000522c:	1c6b      	adds	r3, r5, #1
1000522e:	9703      	str	r7, [sp, #12]
10005230:	429f      	cmp	r7, r3
10005232:	dd00      	ble.n	10005236 <tud_task_ext+0x4e2>
10005234:	e11d      	b.n	10005472 <tud_task_ext+0x71e>
10005236:	42bd      	cmp	r5, r7
10005238:	d8e1      	bhi.n	100051fe <tud_task_ext+0x4aa>
1000523a:	9b03      	ldr	r3, [sp, #12]
1000523c:	1b5d      	subs	r5, r3, r5
1000523e:	9b08      	ldr	r3, [sp, #32]
10005240:	016d      	lsls	r5, r5, #5
10005242:	469c      	mov	ip, r3
10005244:	4465      	add	r5, ip
10005246:	e7e1      	b.n	1000520c <tud_task_ext+0x4b8>
10005248:	786b      	ldrb	r3, [r5, #1]
1000524a:	aa0c      	add	r2, sp, #48	@ 0x30
1000524c:	3202      	adds	r2, #2
1000524e:	7013      	strb	r3, [r2, #0]
10005250:	4658      	mov	r0, fp
10005252:	2301      	movs	r3, #1
10005254:	a90e      	add	r1, sp, #56	@ 0x38
10005256:	f000 fa49 	bl	100056ec <tud_control_xfer>
1000525a:	e591      	b.n	10004d80 <tud_task_ext+0x2c>
1000525c:	88e3      	ldrh	r3, [r4, #6]
1000525e:	0a1a      	lsrs	r2, r3, #8
10005260:	b2d8      	uxtb	r0, r3
10005262:	2a0f      	cmp	r2, #15
10005264:	d900      	bls.n	10005268 <tud_task_ext+0x514>
10005266:	e6f7      	b.n	10005058 <tud_task_ext+0x304>
10005268:	4966      	ldr	r1, [pc, #408]	@ (10005404 <tud_task_ext+0x6b0>)
1000526a:	0093      	lsls	r3, r2, #2
1000526c:	58cb      	ldr	r3, [r1, r3]
1000526e:	469f      	mov	pc, r3
10005270:	a80e      	add	r0, sp, #56	@ 0x38
10005272:	f000 faa1 	bl	100057b8 <usbd_control_set_request>
10005276:	4658      	mov	r0, fp
10005278:	79a1      	ldrb	r1, [r4, #6]
1000527a:	f7ff fba7 	bl	100049cc <dcd_set_address>
1000527e:	2202      	movs	r2, #2
10005280:	782b      	ldrb	r3, [r5, #0]
10005282:	4313      	orrs	r3, r2
10005284:	702b      	strb	r3, [r5, #0]
10005286:	e57b      	b.n	10004d80 <tud_task_ext+0x2c>
10005288:	88e3      	ldrh	r3, [r4, #6]
1000528a:	2b01      	cmp	r3, #1
1000528c:	d000      	beq.n	10005290 <tud_task_ext+0x53c>
1000528e:	e6e3      	b.n	10005058 <tud_task_ext+0x304>
10005290:	2208      	movs	r2, #8
10005292:	782b      	ldrb	r3, [r5, #0]
10005294:	4658      	mov	r0, fp
10005296:	4393      	bics	r3, r2
10005298:	a90e      	add	r1, sp, #56	@ 0x38
1000529a:	702b      	strb	r3, [r5, #0]
1000529c:	f000 fa10 	bl	100056c0 <tud_control_status>
100052a0:	e56e      	b.n	10004d80 <tud_task_ext+0x2c>
100052a2:	2002      	movs	r0, #2
100052a4:	7829      	ldrb	r1, [r5, #0]
100052a6:	ab0c      	add	r3, sp, #48	@ 0x30
100052a8:	1c9a      	adds	r2, r3, #2
100052aa:	068b      	lsls	r3, r1, #26
100052ac:	0889      	lsrs	r1, r1, #2
100052ae:	0fdb      	lsrs	r3, r3, #31
100052b0:	4001      	ands	r1, r0
100052b2:	430b      	orrs	r3, r1
100052b4:	8013      	strh	r3, [r2, #0]
100052b6:	4658      	mov	r0, fp
100052b8:	2302      	movs	r3, #2
100052ba:	a90e      	add	r1, sp, #56	@ 0x38
100052bc:	f000 fa16 	bl	100056ec <tud_control_xfer>
100052c0:	e55e      	b.n	10004d80 <tud_task_ext+0x2c>
100052c2:	88e3      	ldrh	r3, [r4, #6]
100052c4:	2b01      	cmp	r3, #1
100052c6:	d000      	beq.n	100052ca <tud_task_ext+0x576>
100052c8:	e6c6      	b.n	10005058 <tud_task_ext+0x304>
100052ca:	2208      	movs	r2, #8
100052cc:	782b      	ldrb	r3, [r5, #0]
100052ce:	4313      	orrs	r3, r2
100052d0:	702b      	strb	r3, [r5, #0]
100052d2:	e718      	b.n	10005106 <tud_task_ext+0x3b2>
100052d4:	7a23      	ldrb	r3, [r4, #8]
100052d6:	2b0f      	cmp	r3, #15
100052d8:	d900      	bls.n	100052dc <tud_task_ext+0x588>
100052da:	e6bd      	b.n	10005058 <tud_task_ext+0x304>
100052dc:	18eb      	adds	r3, r5, r3
100052de:	791d      	ldrb	r5, [r3, #4]
100052e0:	4b44      	ldr	r3, [pc, #272]	@ (100053f4 <tud_task_ext+0x6a0>)
100052e2:	781b      	ldrb	r3, [r3, #0]
100052e4:	429d      	cmp	r5, r3
100052e6:	d228      	bcs.n	1000533a <tud_task_ext+0x5e6>
100052e8:	4b44      	ldr	r3, [pc, #272]	@ (100053fc <tud_task_ext+0x6a8>)
100052ea:	016d      	lsls	r5, r5, #5
100052ec:	681b      	ldr	r3, [r3, #0]
100052ee:	195d      	adds	r5, r3, r5
100052f0:	2d00      	cmp	r5, #0
100052f2:	d100      	bne.n	100052f6 <tud_task_ext+0x5a2>
100052f4:	e6b0      	b.n	10005058 <tud_task_ext+0x304>
100052f6:	6968      	ldr	r0, [r5, #20]
100052f8:	f000 fa58 	bl	100057ac <usbd_control_set_complete_callback>
100052fc:	2101      	movs	r1, #1
100052fe:	4658      	mov	r0, fp
10005300:	696b      	ldr	r3, [r5, #20]
10005302:	aa0e      	add	r2, sp, #56	@ 0x38
10005304:	4798      	blx	r3
10005306:	e6b8      	b.n	1000507a <tud_task_ext+0x326>
10005308:	2a00      	cmp	r2, #0
1000530a:	d000      	beq.n	1000530e <tud_task_ext+0x5ba>
1000530c:	e6a4      	b.n	10005058 <tud_task_ext+0x304>
1000530e:	2300      	movs	r3, #0
10005310:	4699      	mov	r9, r3
10005312:	7962      	ldrb	r2, [r4, #5]
10005314:	2002      	movs	r0, #2
10005316:	0013      	movs	r3, r2
10005318:	9203      	str	r2, [sp, #12]
1000531a:	4383      	bics	r3, r0
1000531c:	2b01      	cmp	r3, #1
1000531e:	d015      	beq.n	1000534c <tud_task_ext+0x5f8>
10005320:	2a00      	cmp	r2, #0
10005322:	d000      	beq.n	10005326 <tud_task_ext+0x5d2>
10005324:	e698      	b.n	10005058 <tud_task_ext+0x304>
10005326:	002b      	movs	r3, r5
10005328:	4443      	add	r3, r8
1000532a:	4453      	add	r3, sl
1000532c:	3330      	adds	r3, #48	@ 0x30
1000532e:	791b      	ldrb	r3, [r3, #4]
10005330:	aa0c      	add	r2, sp, #48	@ 0x30
10005332:	079b      	lsls	r3, r3, #30
10005334:	0fdb      	lsrs	r3, r3, #31
10005336:	3202      	adds	r2, #2
10005338:	e7bc      	b.n	100052b4 <tud_task_ext+0x560>
1000533a:	1c5a      	adds	r2, r3, #1
1000533c:	42aa      	cmp	r2, r5
1000533e:	da00      	bge.n	10005342 <tud_task_ext+0x5ee>
10005340:	e68a      	b.n	10005058 <tud_task_ext+0x304>
10005342:	1aed      	subs	r5, r5, r3
10005344:	4b2c      	ldr	r3, [pc, #176]	@ (100053f8 <tud_task_ext+0x6a4>)
10005346:	016d      	lsls	r5, r5, #5
10005348:	18ed      	adds	r5, r5, r3
1000534a:	e7d4      	b.n	100052f6 <tud_task_ext+0x5a2>
1000534c:	88e3      	ldrh	r3, [r4, #6]
1000534e:	2b00      	cmp	r3, #0
10005350:	d112      	bne.n	10005378 <tud_task_ext+0x624>
10005352:	9b02      	ldr	r3, [sp, #8]
10005354:	7818      	ldrb	r0, [r3, #0]
10005356:	9b03      	ldr	r3, [sp, #12]
10005358:	2b01      	cmp	r3, #1
1000535a:	d023      	beq.n	100053a4 <tud_task_ext+0x650>
1000535c:	f7ff fbf6 	bl	10004b4c <dcd_edpt_stall>
10005360:	4643      	mov	r3, r8
10005362:	2102      	movs	r1, #2
10005364:	18eb      	adds	r3, r5, r3
10005366:	4453      	add	r3, sl
10005368:	3330      	adds	r3, #48	@ 0x30
1000536a:	791a      	ldrb	r2, [r3, #4]
1000536c:	430a      	orrs	r2, r1
1000536e:	2101      	movs	r1, #1
10005370:	711a      	strb	r2, [r3, #4]
10005372:	791a      	ldrb	r2, [r3, #4]
10005374:	430a      	orrs	r2, r1
10005376:	711a      	strb	r2, [r3, #4]
10005378:	464b      	mov	r3, r9
1000537a:	2b00      	cmp	r3, #0
1000537c:	d100      	bne.n	10005380 <tud_task_ext+0x62c>
1000537e:	e4ff      	b.n	10004d80 <tud_task_ext+0x2c>
10005380:	6958      	ldr	r0, [r3, #20]
10005382:	f000 fa13 	bl	100057ac <usbd_control_set_complete_callback>
10005386:	464b      	mov	r3, r9
10005388:	2101      	movs	r1, #1
1000538a:	695b      	ldr	r3, [r3, #20]
1000538c:	aa0e      	add	r2, sp, #56	@ 0x38
1000538e:	4658      	mov	r0, fp
10005390:	4798      	blx	r3
10005392:	2000      	movs	r0, #0
10005394:	f000 fa0a 	bl	100057ac <usbd_control_set_complete_callback>
10005398:	2335      	movs	r3, #53	@ 0x35
1000539a:	5ceb      	ldrb	r3, [r5, r3]
1000539c:	07db      	lsls	r3, r3, #31
1000539e:	d500      	bpl.n	100053a2 <tud_task_ext+0x64e>
100053a0:	e4ee      	b.n	10004d80 <tud_task_ext+0x2c>
100053a2:	e6b0      	b.n	10005106 <tud_task_ext+0x3b2>
100053a4:	f7ff fbec 	bl	10004b80 <dcd_edpt_clear_stall>
100053a8:	4643      	mov	r3, r8
100053aa:	2102      	movs	r1, #2
100053ac:	18eb      	adds	r3, r5, r3
100053ae:	4453      	add	r3, sl
100053b0:	3330      	adds	r3, #48	@ 0x30
100053b2:	791a      	ldrb	r2, [r3, #4]
100053b4:	438a      	bics	r2, r1
100053b6:	711a      	strb	r2, [r3, #4]
100053b8:	791a      	ldrb	r2, [r3, #4]
100053ba:	9903      	ldr	r1, [sp, #12]
100053bc:	438a      	bics	r2, r1
100053be:	711a      	strb	r2, [r3, #4]
100053c0:	e7da      	b.n	10005378 <tud_task_ext+0x624>
100053c2:	f7ff fc3f 	bl	10004c44 <tud_umount_cb>
100053c6:	e69e      	b.n	10005106 <tud_task_ext+0x3b2>
100053c8:	2100      	movs	r1, #0
100053ca:	4658      	mov	r0, fp
100053cc:	f7ff fb08 	bl	100049e0 <dcd_sof_enable>
100053d0:	4658      	mov	r0, fp
100053d2:	f7ff fba5 	bl	10004b20 <dcd_edpt_close_all>
100053d6:	78ab      	ldrb	r3, [r5, #2]
100053d8:	4907      	ldr	r1, [pc, #28]	@ (100053f8 <tud_task_ext+0x6a4>)
100053da:	9303      	str	r3, [sp, #12]
100053dc:	9104      	str	r1, [sp, #16]
100053de:	4b05      	ldr	r3, [pc, #20]	@ (100053f4 <tud_task_ext+0x6a0>)
100053e0:	4906      	ldr	r1, [pc, #24]	@ (100053fc <tud_task_ext+0x6a8>)
100053e2:	4698      	mov	r8, r3
100053e4:	781a      	ldrb	r2, [r3, #0]
100053e6:	9105      	str	r1, [sp, #20]
100053e8:	2300      	movs	r3, #0
100053ea:	0029      	movs	r1, r5
100053ec:	001d      	movs	r5, r3
100053ee:	468a      	mov	sl, r1
100053f0:	e01b      	b.n	1000542a <tud_task_ext+0x6d6>
100053f2:	46c0      	nop			@ (mov r8, r8)
100053f4:	200020c1 	.word	0x200020c1
100053f8:	10006f24 	.word	0x10006f24
100053fc:	200016a8 	.word	0x200016a8
10005400:	200019e8 	.word	0x200019e8
10005404:	10006ec8 	.word	0x10006ec8
10005408:	9b05      	ldr	r3, [sp, #20]
1000540a:	016a      	lsls	r2, r5, #5
1000540c:	681b      	ldr	r3, [r3, #0]
1000540e:	189b      	adds	r3, r3, r2
10005410:	2b00      	cmp	r3, #0
10005412:	d04d      	beq.n	100054b0 <tud_task_ext+0x75c>
10005414:	68db      	ldr	r3, [r3, #12]
10005416:	4658      	mov	r0, fp
10005418:	4798      	blx	r3
1000541a:	4643      	mov	r3, r8
1000541c:	781a      	ldrb	r2, [r3, #0]
1000541e:	3501      	adds	r5, #1
10005420:	b2ed      	uxtb	r5, r5
10005422:	1c51      	adds	r1, r2, #1
10005424:	002b      	movs	r3, r5
10005426:	428d      	cmp	r5, r1
10005428:	dc2e      	bgt.n	10005488 <tud_task_ext+0x734>
1000542a:	4295      	cmp	r5, r2
1000542c:	d3ec      	bcc.n	10005408 <tud_task_ext+0x6b4>
1000542e:	1a9b      	subs	r3, r3, r2
10005430:	9a04      	ldr	r2, [sp, #16]
10005432:	015b      	lsls	r3, r3, #5
10005434:	4694      	mov	ip, r2
10005436:	4463      	add	r3, ip
10005438:	e7ec      	b.n	10005414 <tud_task_ext+0x6c0>
1000543a:	ab0c      	add	r3, sp, #48	@ 0x30
1000543c:	1c9a      	adds	r2, r3, #2
1000543e:	4658      	mov	r0, fp
10005440:	2301      	movs	r3, #1
10005442:	a90e      	add	r1, sp, #56	@ 0x38
10005444:	7015      	strb	r5, [r2, #0]
10005446:	f000 f951 	bl	100056ec <tud_control_xfer>
1000544a:	e499      	b.n	10004d80 <tud_task_ext+0x2c>
1000544c:	9a0b      	ldr	r2, [sp, #44]	@ 0x2c
1000544e:	2a01      	cmp	r2, #1
10005450:	d04f      	beq.n	100054f2 <tud_task_ext+0x79e>
10005452:	2a00      	cmp	r2, #0
10005454:	d03c      	beq.n	100054d0 <tud_task_ext+0x77c>
10005456:	2300      	movs	r3, #0
10005458:	78b0      	ldrb	r0, [r6, #2]
1000545a:	e004      	b.n	10005466 <tud_task_ext+0x712>
1000545c:	3301      	adds	r3, #1
1000545e:	b2db      	uxtb	r3, r3
10005460:	710f      	strb	r7, [r1, #4]
10005462:	4293      	cmp	r3, r2
10005464:	d234      	bcs.n	100054d0 <tud_task_ext+0x77c>
10005466:	18c1      	adds	r1, r0, r3
10005468:	b2c9      	uxtb	r1, r1
1000546a:	4441      	add	r1, r8
1000546c:	790d      	ldrb	r5, [r1, #4]
1000546e:	2dff      	cmp	r5, #255	@ 0xff
10005470:	d0f4      	beq.n	1000545c <tud_task_ext+0x708>
10005472:	464e      	mov	r6, r9
10005474:	4645      	mov	r5, r8
10005476:	4657      	mov	r7, sl
10005478:	2300      	movs	r3, #0
1000547a:	706b      	strb	r3, [r5, #1]
1000547c:	e5ec      	b.n	10005058 <tud_task_ext+0x304>
1000547e:	464e      	mov	r6, r9
10005480:	4657      	mov	r7, sl
10005482:	f7ff fbdd 	bl	10004c40 <tud_mount_cb>
10005486:	e63e      	b.n	10005106 <tud_task_ext+0x3b2>
10005488:	4655      	mov	r5, sl
1000548a:	2254      	movs	r2, #84	@ 0x54
1000548c:	2100      	movs	r1, #0
1000548e:	0028      	movs	r0, r5
10005490:	f7fd f8ac 	bl	100025ec <__wrap_memset>
10005494:	2210      	movs	r2, #16
10005496:	21ff      	movs	r1, #255	@ 0xff
10005498:	1d28      	adds	r0, r5, #4
1000549a:	f7fd f8a7 	bl	100025ec <__wrap_memset>
1000549e:	0028      	movs	r0, r5
100054a0:	2220      	movs	r2, #32
100054a2:	21ff      	movs	r1, #255	@ 0xff
100054a4:	3014      	adds	r0, #20
100054a6:	f7fd f8a1 	bl	100025ec <__wrap_memset>
100054aa:	9b03      	ldr	r3, [sp, #12]
100054ac:	70ab      	strb	r3, [r5, #2]
100054ae:	e657      	b.n	10005160 <tud_task_ext+0x40c>
100054b0:	4655      	mov	r5, sl
100054b2:	e7fa      	b.n	100054aa <tud_task_ext+0x756>
100054b4:	f7fe feb8 	bl	10004228 <tud_descriptor_bos_cb>
100054b8:	1e02      	subs	r2, r0, #0
100054ba:	d100      	bne.n	100054be <tud_task_ext+0x76a>
100054bc:	e5cc      	b.n	10005058 <tud_task_ext+0x304>
100054be:	78d3      	ldrb	r3, [r2, #3]
100054c0:	7891      	ldrb	r1, [r2, #2]
100054c2:	021b      	lsls	r3, r3, #8
100054c4:	430b      	orrs	r3, r1
100054c6:	4658      	mov	r0, fp
100054c8:	a90e      	add	r1, sp, #56	@ 0x38
100054ca:	f000 f90f 	bl	100056ec <tud_control_xfer>
100054ce:	e5d4      	b.n	1000507a <tud_task_ext+0x326>
100054d0:	4665      	mov	r5, ip
100054d2:	003b      	movs	r3, r7
100054d4:	002a      	movs	r2, r5
100054d6:	0031      	movs	r1, r6
100054d8:	980a      	ldr	r0, [sp, #40]	@ 0x28
100054da:	f000 fead 	bl	10006238 <tu_edpt_bind_driver>
100054de:	46ac      	mov	ip, r5
100054e0:	9b04      	ldr	r3, [sp, #16]
100054e2:	9a03      	ldr	r2, [sp, #12]
100054e4:	781b      	ldrb	r3, [r3, #0]
100054e6:	4466      	add	r6, ip
100054e8:	3301      	adds	r3, #1
100054ea:	4293      	cmp	r3, r2
100054ec:	db00      	blt.n	100054f0 <tud_task_ext+0x79c>
100054ee:	e66c      	b.n	100051ca <tud_task_ext+0x476>
100054f0:	e7bf      	b.n	10005472 <tud_task_ext+0x71e>
100054f2:	4b17      	ldr	r3, [pc, #92]	@ (10005550 <tud_task_ext+0x7fc>)
100054f4:	6929      	ldr	r1, [r5, #16]
100054f6:	4299      	cmp	r1, r3
100054f8:	d1ad      	bne.n	10005456 <tud_task_ext+0x702>
100054fa:	9a07      	ldr	r2, [sp, #28]
100054fc:	e7ab      	b.n	10005456 <tud_task_ext+0x702>
100054fe:	f7ff fb9b 	bl	10004c38 <tud_descriptor_device_qualifier_cb>
10005502:	1e02      	subs	r2, r0, #0
10005504:	d100      	bne.n	10005508 <tud_task_ext+0x7b4>
10005506:	e5a7      	b.n	10005058 <tud_task_ext+0x304>
10005508:	4658      	mov	r0, fp
1000550a:	7813      	ldrb	r3, [r2, #0]
1000550c:	a90e      	add	r1, sp, #56	@ 0x38
1000550e:	f000 f8ed 	bl	100056ec <tud_control_xfer>
10005512:	e5b2      	b.n	1000507a <tud_task_ext+0x326>
10005514:	8921      	ldrh	r1, [r4, #8]
10005516:	f7ff f8d7 	bl	100046c8 <tud_descriptor_string_cb>
1000551a:	1e02      	subs	r2, r0, #0
1000551c:	d1f4      	bne.n	10005508 <tud_task_ext+0x7b4>
1000551e:	e59b      	b.n	10005058 <tud_task_ext+0x304>
10005520:	2a02      	cmp	r2, #2
10005522:	d00f      	beq.n	10005544 <tud_task_ext+0x7f0>
10005524:	f7ff fb8a 	bl	10004c3c <tud_descriptor_other_speed_configuration_cb>
10005528:	1e02      	subs	r2, r0, #0
1000552a:	d1c8      	bne.n	100054be <tud_task_ext+0x76a>
1000552c:	e594      	b.n	10005058 <tud_task_ext+0x304>
1000552e:	f7ff f8c3 	bl	100046b8 <tud_descriptor_device_cb>
10005532:	1e02      	subs	r2, r0, #0
10005534:	d100      	bne.n	10005538 <tud_task_ext+0x7e4>
10005536:	e58f      	b.n	10005058 <tud_task_ext+0x304>
10005538:	2312      	movs	r3, #18
1000553a:	4658      	mov	r0, fp
1000553c:	a90e      	add	r1, sp, #56	@ 0x38
1000553e:	f000 f8d5 	bl	100056ec <tud_control_xfer>
10005542:	e59a      	b.n	1000507a <tud_task_ext+0x326>
10005544:	f7ff f8bc 	bl	100046c0 <tud_descriptor_configuration_cb>
10005548:	1e02      	subs	r2, r0, #0
1000554a:	d1b8      	bne.n	100054be <tud_task_ext+0x76a>
1000554c:	e584      	b.n	10005058 <tud_task_ext+0x304>
1000554e:	46c0      	nop			@ (mov r8, r8)
10005550:	10005bc9 	.word	0x10005bc9

10005554 <usbd_open_edpt_pair>:
10005554:	b5f8      	push	{r3, r4, r5, r6, r7, lr}
10005556:	4657      	mov	r7, sl
10005558:	464e      	mov	r6, r9
1000555a:	46de      	mov	lr, fp
1000555c:	4645      	mov	r5, r8
1000555e:	000c      	movs	r4, r1
10005560:	b5e0      	push	{r5, r6, r7, lr}
10005562:	0016      	movs	r6, r2
10005564:	001f      	movs	r7, r3
10005566:	2a00      	cmp	r2, #0
10005568:	d03c      	beq.n	100055e4 <usbd_open_edpt_pair+0x90>
1000556a:	4b1f      	ldr	r3, [pc, #124]	@ (100055e8 <usbd_open_edpt_pair+0x94>)
1000556c:	2500      	movs	r5, #0
1000556e:	469a      	mov	sl, r3
10005570:	2370      	movs	r3, #112	@ 0x70
10005572:	4699      	mov	r9, r3
10005574:	4b1d      	ldr	r3, [pc, #116]	@ (100055ec <usbd_open_edpt_pair+0x98>)
10005576:	469b      	mov	fp, r3
10005578:	e017      	b.n	100055aa <usbd_open_edpt_pair+0x56>
1000557a:	465b      	mov	r3, fp
1000557c:	0020      	movs	r0, r4
1000557e:	7899      	ldrb	r1, [r3, #2]
10005580:	f000 fe1c 	bl	100061bc <tu_edpt_validate>
10005584:	2800      	cmp	r0, #0
10005586:	d01f      	beq.n	100055c8 <usbd_open_edpt_pair+0x74>
10005588:	0021      	movs	r1, r4
1000558a:	4640      	mov	r0, r8
1000558c:	f7ff fa44 	bl	10004a18 <dcd_edpt_open>
10005590:	2800      	cmp	r0, #0
10005592:	d019      	beq.n	100055c8 <usbd_open_edpt_pair+0x74>
10005594:	78a3      	ldrb	r3, [r4, #2]
10005596:	09da      	lsrs	r2, r3, #7
10005598:	2a01      	cmp	r2, #1
1000559a:	d01c      	beq.n	100055d6 <usbd_open_edpt_pair+0x82>
1000559c:	9a0a      	ldr	r2, [sp, #40]	@ 0x28
1000559e:	3501      	adds	r5, #1
100055a0:	7013      	strb	r3, [r2, #0]
100055a2:	7823      	ldrb	r3, [r4, #0]
100055a4:	18e4      	adds	r4, r4, r3
100055a6:	42b5      	cmp	r5, r6
100055a8:	da1c      	bge.n	100055e4 <usbd_open_edpt_pair+0x90>
100055aa:	7863      	ldrb	r3, [r4, #1]
100055ac:	2b05      	cmp	r3, #5
100055ae:	d10b      	bne.n	100055c8 <usbd_open_edpt_pair+0x74>
100055b0:	78e3      	ldrb	r3, [r4, #3]
100055b2:	079b      	lsls	r3, r3, #30
100055b4:	0f9b      	lsrs	r3, r3, #30
100055b6:	42bb      	cmp	r3, r7
100055b8:	d106      	bne.n	100055c8 <usbd_open_edpt_pair+0x74>
100055ba:	4653      	mov	r3, sl
100055bc:	464a      	mov	r2, r9
100055be:	781b      	ldrb	r3, [r3, #0]
100055c0:	4698      	mov	r8, r3
100055c2:	78a3      	ldrb	r3, [r4, #2]
100055c4:	421a      	tst	r2, r3
100055c6:	d0d8      	beq.n	1000557a <usbd_open_edpt_pair+0x26>
100055c8:	2000      	movs	r0, #0
100055ca:	bcf0      	pop	{r4, r5, r6, r7}
100055cc:	46bb      	mov	fp, r7
100055ce:	46b2      	mov	sl, r6
100055d0:	46a9      	mov	r9, r5
100055d2:	46a0      	mov	r8, r4
100055d4:	bdf8      	pop	{r3, r4, r5, r6, r7, pc}
100055d6:	9a0b      	ldr	r2, [sp, #44]	@ 0x2c
100055d8:	3501      	adds	r5, #1
100055da:	7013      	strb	r3, [r2, #0]
100055dc:	7823      	ldrb	r3, [r4, #0]
100055de:	18e4      	adds	r4, r4, r3
100055e0:	42b5      	cmp	r5, r6
100055e2:	dbe2      	blt.n	100055aa <usbd_open_edpt_pair+0x56>
100055e4:	2001      	movs	r0, #1
100055e6:	e7f0      	b.n	100055ca <usbd_open_edpt_pair+0x76>
100055e8:	20001054 	.word	0x20001054
100055ec:	200019d4 	.word	0x200019d4

100055f0 <usbd_edpt_open>:
100055f0:	2270      	movs	r2, #112	@ 0x70
100055f2:	b570      	push	{r4, r5, r6, lr}
100055f4:	4b09      	ldr	r3, [pc, #36]	@ (1000561c <usbd_edpt_open+0x2c>)
100055f6:	000c      	movs	r4, r1
100055f8:	781d      	ldrb	r5, [r3, #0]
100055fa:	788b      	ldrb	r3, [r1, #2]
100055fc:	421a      	tst	r2, r3
100055fe:	d001      	beq.n	10005604 <usbd_edpt_open+0x14>
10005600:	2000      	movs	r0, #0
10005602:	bd70      	pop	{r4, r5, r6, pc}
10005604:	4b06      	ldr	r3, [pc, #24]	@ (10005620 <usbd_edpt_open+0x30>)
10005606:	0020      	movs	r0, r4
10005608:	7899      	ldrb	r1, [r3, #2]
1000560a:	f000 fdd7 	bl	100061bc <tu_edpt_validate>
1000560e:	2800      	cmp	r0, #0
10005610:	d0f6      	beq.n	10005600 <usbd_edpt_open+0x10>
10005612:	0021      	movs	r1, r4
10005614:	0028      	movs	r0, r5
10005616:	f7ff f9ff 	bl	10004a18 <dcd_edpt_open>
1000561a:	e7f2      	b.n	10005602 <usbd_edpt_open+0x12>
1000561c:	20001054 	.word	0x20001054
10005620:	200019d4 	.word	0x200019d4

10005624 <usbd_edpt_claim>:
10005624:	000b      	movs	r3, r1
10005626:	207f      	movs	r0, #127	@ 0x7f
10005628:	b510      	push	{r4, lr}
1000562a:	4018      	ands	r0, r3
1000562c:	09db      	lsrs	r3, r3, #7
1000562e:	3334      	adds	r3, #52	@ 0x34
10005630:	0040      	lsls	r0, r0, #1
10005632:	4a04      	ldr	r2, [pc, #16]	@ (10005644 <usbd_edpt_claim+0x20>)
10005634:	18c0      	adds	r0, r0, r3
10005636:	4b04      	ldr	r3, [pc, #16]	@ (10005648 <usbd_edpt_claim+0x24>)
10005638:	6811      	ldr	r1, [r2, #0]
1000563a:	18c0      	adds	r0, r0, r3
1000563c:	f000 fd7a 	bl	10006134 <tu_edpt_claim>
10005640:	bd10      	pop	{r4, pc}
10005642:	46c0      	nop			@ (mov r8, r8)
10005644:	20001a28 	.word	0x20001a28
10005648:	200019d4 	.word	0x200019d4

1000564c <usbd_edpt_release>:
1000564c:	000b      	movs	r3, r1
1000564e:	207f      	movs	r0, #127	@ 0x7f
10005650:	b510      	push	{r4, lr}
10005652:	4018      	ands	r0, r3
10005654:	09db      	lsrs	r3, r3, #7
10005656:	3334      	adds	r3, #52	@ 0x34
10005658:	0040      	lsls	r0, r0, #1
1000565a:	4a04      	ldr	r2, [pc, #16]	@ (1000566c <usbd_edpt_release+0x20>)
1000565c:	18c0      	adds	r0, r0, r3
1000565e:	4b04      	ldr	r3, [pc, #16]	@ (10005670 <usbd_edpt_release+0x24>)
10005660:	6811      	ldr	r1, [r2, #0]
10005662:	18c0      	adds	r0, r0, r3
10005664:	f000 fd8e 	bl	10006184 <tu_edpt_release>
10005668:	bd10      	pop	{r4, pc}
1000566a:	46c0      	nop			@ (mov r8, r8)
1000566c:	20001a28 	.word	0x20001a28
10005670:	200019d4 	.word	0x200019d4

10005674 <usbd_edpt_xfer>:
10005674:	b570      	push	{r4, r5, r6, lr}
10005676:	247f      	movs	r4, #127	@ 0x7f
10005678:	480f      	ldr	r0, [pc, #60]	@ (100056b8 <usbd_edpt_xfer+0x44>)
1000567a:	400c      	ands	r4, r1
1000567c:	0064      	lsls	r4, r4, #1
1000567e:	1904      	adds	r4, r0, r4
10005680:	09cd      	lsrs	r5, r1, #7
10005682:	1964      	adds	r4, r4, r5
10005684:	3430      	adds	r4, #48	@ 0x30
10005686:	7920      	ldrb	r0, [r4, #4]
10005688:	07c0      	lsls	r0, r0, #31
1000568a:	d501      	bpl.n	10005690 <usbd_edpt_xfer+0x1c>
1000568c:	2000      	movs	r0, #0
1000568e:	bd70      	pop	{r4, r5, r6, pc}
10005690:	2601      	movs	r6, #1
10005692:	7925      	ldrb	r5, [r4, #4]
10005694:	4809      	ldr	r0, [pc, #36]	@ (100056bc <usbd_edpt_xfer+0x48>)
10005696:	4335      	orrs	r5, r6
10005698:	7800      	ldrb	r0, [r0, #0]
1000569a:	7125      	strb	r5, [r4, #4]
1000569c:	f7ff fa44 	bl	10004b28 <dcd_edpt_xfer>
100056a0:	2800      	cmp	r0, #0
100056a2:	d1f4      	bne.n	1000568e <usbd_edpt_xfer+0x1a>
100056a4:	2201      	movs	r2, #1
100056a6:	7923      	ldrb	r3, [r4, #4]
100056a8:	4393      	bics	r3, r2
100056aa:	7123      	strb	r3, [r4, #4]
100056ac:	7923      	ldrb	r3, [r4, #4]
100056ae:	3203      	adds	r2, #3
100056b0:	4393      	bics	r3, r2
100056b2:	7123      	strb	r3, [r4, #4]
100056b4:	e7ea      	b.n	1000568c <usbd_edpt_xfer+0x18>
100056b6:	46c0      	nop			@ (mov r8, r8)
100056b8:	200019d4 	.word	0x200019d4
100056bc:	20001054 	.word	0x20001054

100056c0 <tud_control_status>:
100056c0:	b570      	push	{r4, r5, r6, lr}
100056c2:	4c09      	ldr	r4, [pc, #36]	@ (100056e8 <tud_control_status+0x28>)
100056c4:	0006      	movs	r6, r0
100056c6:	2208      	movs	r2, #8
100056c8:	0020      	movs	r0, r4
100056ca:	000d      	movs	r5, r1
100056cc:	f7fc ff94 	bl	100025f8 <__wrap___aeabi_memcpy>
100056d0:	2300      	movs	r3, #0
100056d2:	2180      	movs	r1, #128	@ 0x80
100056d4:	60e3      	str	r3, [r4, #12]
100056d6:	60a3      	str	r3, [r4, #8]
100056d8:	782b      	ldrb	r3, [r5, #0]
100056da:	0030      	movs	r0, r6
100056dc:	4399      	bics	r1, r3
100056de:	2200      	movs	r2, #0
100056e0:	2300      	movs	r3, #0
100056e2:	f7ff ffc7 	bl	10005674 <usbd_edpt_xfer>
100056e6:	bd70      	pop	{r4, r5, r6, pc}
100056e8:	20001978 	.word	0x20001978

100056ec <tud_control_xfer>:
100056ec:	b5f8      	push	{r3, r4, r5, r6, r7, lr}
100056ee:	46ce      	mov	lr, r9
100056f0:	4647      	mov	r7, r8
100056f2:	4690      	mov	r8, r2
100056f4:	4e26      	ldr	r6, [pc, #152]	@ (10005790 <tud_control_xfer+0xa4>)
100056f6:	b580      	push	{r7, lr}
100056f8:	4681      	mov	r9, r0
100056fa:	2208      	movs	r2, #8
100056fc:	0030      	movs	r0, r6
100056fe:	000d      	movs	r5, r1
10005700:	001f      	movs	r7, r3
10005702:	f7fc ff79 	bl	100025f8 <__wrap___aeabi_memcpy>
10005706:	4643      	mov	r3, r8
10005708:	60b3      	str	r3, [r6, #8]
1000570a:	2300      	movs	r3, #0
1000570c:	81f3      	strh	r3, [r6, #14]
1000570e:	79ec      	ldrb	r4, [r5, #7]
10005710:	79ab      	ldrb	r3, [r5, #6]
10005712:	0224      	lsls	r4, r4, #8
10005714:	431c      	orrs	r4, r3
10005716:	1c23      	adds	r3, r4, #0
10005718:	42bc      	cmp	r4, r7
1000571a:	d900      	bls.n	1000571e <tud_control_xfer+0x32>
1000571c:	1c3b      	adds	r3, r7, #0
1000571e:	b29f      	uxth	r7, r3
10005720:	81b3      	strh	r3, [r6, #12]
10005722:	2c00      	cmp	r4, #0
10005724:	d00e      	beq.n	10005744 <tud_control_xfer+0x58>
10005726:	2f00      	cmp	r7, #0
10005728:	d018      	beq.n	1000575c <tud_control_xfer+0x70>
1000572a:	4643      	mov	r3, r8
1000572c:	2b00      	cmp	r3, #0
1000572e:	d02c      	beq.n	1000578a <tud_control_xfer+0x9e>
10005730:	1c3b      	adds	r3, r7, #0
10005732:	2f40      	cmp	r7, #64	@ 0x40
10005734:	d81b      	bhi.n	1000576e <tud_control_xfer+0x82>
10005736:	b29f      	uxth	r7, r3
10005738:	7833      	ldrb	r3, [r6, #0]
1000573a:	2b7f      	cmp	r3, #127	@ 0x7f
1000573c:	d81c      	bhi.n	10005778 <tud_control_xfer+0x8c>
1000573e:	2100      	movs	r1, #0
10005740:	4a14      	ldr	r2, [pc, #80]	@ (10005794 <tud_control_xfer+0xa8>)
10005742:	e00f      	b.n	10005764 <tud_control_xfer+0x78>
10005744:	2180      	movs	r1, #128	@ 0x80
10005746:	782b      	ldrb	r3, [r5, #0]
10005748:	2200      	movs	r2, #0
1000574a:	4399      	bics	r1, r3
1000574c:	4648      	mov	r0, r9
1000574e:	2300      	movs	r3, #0
10005750:	f7ff ff90 	bl	10005674 <usbd_edpt_xfer>
10005754:	bcc0      	pop	{r6, r7}
10005756:	46b9      	mov	r9, r7
10005758:	46b0      	mov	r8, r6
1000575a:	bdf8      	pop	{r3, r4, r5, r6, r7, pc}
1000575c:	237f      	movs	r3, #127	@ 0x7f
1000575e:	2200      	movs	r2, #0
10005760:	7831      	ldrb	r1, [r6, #0]
10005762:	4399      	bics	r1, r3
10005764:	003b      	movs	r3, r7
10005766:	4648      	mov	r0, r9
10005768:	f7ff ff84 	bl	10005674 <usbd_edpt_xfer>
1000576c:	e7f2      	b.n	10005754 <tud_control_xfer+0x68>
1000576e:	2340      	movs	r3, #64	@ 0x40
10005770:	b29f      	uxth	r7, r3
10005772:	7833      	ldrb	r3, [r6, #0]
10005774:	2b7f      	cmp	r3, #127	@ 0x7f
10005776:	d9e2      	bls.n	1000573e <tud_control_xfer+0x52>
10005778:	4c06      	ldr	r4, [pc, #24]	@ (10005794 <tud_control_xfer+0xa8>)
1000577a:	003a      	movs	r2, r7
1000577c:	4641      	mov	r1, r8
1000577e:	0020      	movs	r0, r4
10005780:	f7fc ff3a 	bl	100025f8 <__wrap___aeabi_memcpy>
10005784:	2180      	movs	r1, #128	@ 0x80
10005786:	0022      	movs	r2, r4
10005788:	e7ec      	b.n	10005764 <tud_control_xfer+0x78>
1000578a:	2000      	movs	r0, #0
1000578c:	e7e2      	b.n	10005754 <tud_control_xfer+0x68>
1000578e:	46c0      	nop			@ (mov r8, r8)
10005790:	20001978 	.word	0x20001978
10005794:	20001994 	.word	0x20001994

10005798 <usbd_control_reset>:
10005798:	b510      	push	{r4, lr}
1000579a:	2214      	movs	r2, #20
1000579c:	2100      	movs	r1, #0
1000579e:	4802      	ldr	r0, [pc, #8]	@ (100057a8 <usbd_control_reset+0x10>)
100057a0:	f7fc ff24 	bl	100025ec <__wrap_memset>
100057a4:	bd10      	pop	{r4, pc}
100057a6:	46c0      	nop			@ (mov r8, r8)
100057a8:	20001978 	.word	0x20001978

100057ac <usbd_control_set_complete_callback>:
100057ac:	4b01      	ldr	r3, [pc, #4]	@ (100057b4 <usbd_control_set_complete_callback+0x8>)
100057ae:	6118      	str	r0, [r3, #16]
100057b0:	4770      	bx	lr
100057b2:	46c0      	nop			@ (mov r8, r8)
100057b4:	20001978 	.word	0x20001978

100057b8 <usbd_control_set_request>:
100057b8:	b510      	push	{r4, lr}
100057ba:	4c05      	ldr	r4, [pc, #20]	@ (100057d0 <usbd_control_set_request+0x18>)
100057bc:	0001      	movs	r1, r0
100057be:	2208      	movs	r2, #8
100057c0:	0020      	movs	r0, r4
100057c2:	f7fc ff19 	bl	100025f8 <__wrap___aeabi_memcpy>
100057c6:	2300      	movs	r3, #0
100057c8:	60a3      	str	r3, [r4, #8]
100057ca:	60e3      	str	r3, [r4, #12]
100057cc:	bd10      	pop	{r4, pc}
100057ce:	46c0      	nop			@ (mov r8, r8)
100057d0:	20001978 	.word	0x20001978

100057d4 <usbd_control_xfer_cb>:
100057d4:	b570      	push	{r4, r5, r6, lr}
100057d6:	4c38      	ldr	r4, [pc, #224]	@ (100058b8 <usbd_control_xfer_cb+0xe4>)
100057d8:	001d      	movs	r5, r3
100057da:	7823      	ldrb	r3, [r4, #0]
100057dc:	0006      	movs	r6, r0
100057de:	09da      	lsrs	r2, r3, #7
100057e0:	09c9      	lsrs	r1, r1, #7
100057e2:	428a      	cmp	r2, r1
100057e4:	d010      	beq.n	10005808 <usbd_control_xfer_cb+0x34>
100057e6:	2000      	movs	r0, #0
100057e8:	2d00      	cmp	r5, #0
100057ea:	d000      	beq.n	100057ee <usbd_control_xfer_cb+0x1a>
100057ec:	bd70      	pop	{r4, r5, r6, pc}
100057ee:	0021      	movs	r1, r4
100057f0:	0030      	movs	r0, r6
100057f2:	f7ff f903 	bl	100049fc <dcd_edpt0_status_complete>
100057f6:	6923      	ldr	r3, [r4, #16]
100057f8:	2b00      	cmp	r3, #0
100057fa:	d003      	beq.n	10005804 <usbd_control_xfer_cb+0x30>
100057fc:	0022      	movs	r2, r4
100057fe:	2103      	movs	r1, #3
10005800:	0030      	movs	r0, r6
10005802:	4798      	blx	r3
10005804:	2001      	movs	r0, #1
10005806:	e7f1      	b.n	100057ec <usbd_control_xfer_cb+0x18>
10005808:	68a0      	ldr	r0, [r4, #8]
1000580a:	2b7f      	cmp	r3, #127	@ 0x7f
1000580c:	d805      	bhi.n	1000581a <usbd_control_xfer_cb+0x46>
1000580e:	2800      	cmp	r0, #0
10005810:	d034      	beq.n	1000587c <usbd_control_xfer_cb+0xa8>
10005812:	002a      	movs	r2, r5
10005814:	4929      	ldr	r1, [pc, #164]	@ (100058bc <usbd_control_xfer_cb+0xe8>)
10005816:	f7fc feef 	bl	100025f8 <__wrap___aeabi_memcpy>
1000581a:	89e2      	ldrh	r2, [r4, #14]
1000581c:	68a1      	ldr	r1, [r4, #8]
1000581e:	1952      	adds	r2, r2, r5
10005820:	88e3      	ldrh	r3, [r4, #6]
10005822:	b292      	uxth	r2, r2
10005824:	1949      	adds	r1, r1, r5
10005826:	81e2      	strh	r2, [r4, #14]
10005828:	60a1      	str	r1, [r4, #8]
1000582a:	4293      	cmp	r3, r2
1000582c:	d014      	beq.n	10005858 <usbd_control_xfer_cb+0x84>
1000582e:	2d3f      	cmp	r5, #63	@ 0x3f
10005830:	d912      	bls.n	10005858 <usbd_control_xfer_cb+0x84>
10005832:	89a3      	ldrh	r3, [r4, #12]
10005834:	1a98      	subs	r0, r3, r2
10005836:	1c05      	adds	r5, r0, #0
10005838:	b280      	uxth	r0, r0
1000583a:	2840      	cmp	r0, #64	@ 0x40
1000583c:	d82a      	bhi.n	10005894 <usbd_control_xfer_cb+0xc0>
1000583e:	7820      	ldrb	r0, [r4, #0]
10005840:	b2ad      	uxth	r5, r5
10005842:	287f      	cmp	r0, #127	@ 0x7f
10005844:	d828      	bhi.n	10005898 <usbd_control_xfer_cb+0xc4>
10005846:	2100      	movs	r1, #0
10005848:	429a      	cmp	r2, r3
1000584a:	d032      	beq.n	100058b2 <usbd_control_xfer_cb+0xde>
1000584c:	4a1b      	ldr	r2, [pc, #108]	@ (100058bc <usbd_control_xfer_cb+0xe8>)
1000584e:	002b      	movs	r3, r5
10005850:	0030      	movs	r0, r6
10005852:	f7ff ff0f 	bl	10005674 <usbd_edpt_xfer>
10005856:	e7c9      	b.n	100057ec <usbd_control_xfer_cb+0x18>
10005858:	6923      	ldr	r3, [r4, #16]
1000585a:	2b00      	cmp	r3, #0
1000585c:	d005      	beq.n	1000586a <usbd_control_xfer_cb+0x96>
1000585e:	0022      	movs	r2, r4
10005860:	2102      	movs	r1, #2
10005862:	0030      	movs	r0, r6
10005864:	4798      	blx	r3
10005866:	2800      	cmp	r0, #0
10005868:	d00a      	beq.n	10005880 <usbd_control_xfer_cb+0xac>
1000586a:	2180      	movs	r1, #128	@ 0x80
1000586c:	7823      	ldrb	r3, [r4, #0]
1000586e:	2200      	movs	r2, #0
10005870:	4399      	bics	r1, r3
10005872:	0030      	movs	r0, r6
10005874:	2300      	movs	r3, #0
10005876:	f7ff fefd 	bl	10005674 <usbd_edpt_xfer>
1000587a:	e7b7      	b.n	100057ec <usbd_control_xfer_cb+0x18>
1000587c:	2000      	movs	r0, #0
1000587e:	e7b5      	b.n	100057ec <usbd_control_xfer_cb+0x18>
10005880:	2100      	movs	r1, #0
10005882:	0030      	movs	r0, r6
10005884:	f7ff f962 	bl	10004b4c <dcd_edpt_stall>
10005888:	0030      	movs	r0, r6
1000588a:	2180      	movs	r1, #128	@ 0x80
1000588c:	f7ff f95e 	bl	10004b4c <dcd_edpt_stall>
10005890:	2001      	movs	r0, #1
10005892:	e7ab      	b.n	100057ec <usbd_control_xfer_cb+0x18>
10005894:	2540      	movs	r5, #64	@ 0x40
10005896:	e7d2      	b.n	1000583e <usbd_control_xfer_cb+0x6a>
10005898:	429a      	cmp	r2, r3
1000589a:	d007      	beq.n	100058ac <usbd_control_xfer_cb+0xd8>
1000589c:	4c07      	ldr	r4, [pc, #28]	@ (100058bc <usbd_control_xfer_cb+0xe8>)
1000589e:	002a      	movs	r2, r5
100058a0:	0020      	movs	r0, r4
100058a2:	f7fc fea9 	bl	100025f8 <__wrap___aeabi_memcpy>
100058a6:	2180      	movs	r1, #128	@ 0x80
100058a8:	0022      	movs	r2, r4
100058aa:	e7d0      	b.n	1000584e <usbd_control_xfer_cb+0x7a>
100058ac:	2180      	movs	r1, #128	@ 0x80
100058ae:	2200      	movs	r2, #0
100058b0:	e7cd      	b.n	1000584e <usbd_control_xfer_cb+0x7a>
100058b2:	2200      	movs	r2, #0
100058b4:	e7cb      	b.n	1000584e <usbd_control_xfer_cb+0x7a>
100058b6:	46c0      	nop			@ (mov r8, r8)
100058b8:	20001978 	.word	0x20001978
100058bc:	20001994 	.word	0x20001994

100058c0 <_prep_out_transaction.isra.0>:
100058c0:	b570      	push	{r4, r5, r6, lr}
100058c2:	0004      	movs	r4, r0
100058c4:	f7ff f9c4 	bl	10004c50 <tud_mounted>
100058c8:	2800      	cmp	r0, #0
100058ca:	d100      	bne.n	100058ce <_prep_out_transaction.isra.0+0xe>
100058cc:	bd70      	pop	{r4, r5, r6, pc}
100058ce:	f7ff f9c7 	bl	10004c60 <tud_suspended>
100058d2:	2800      	cmp	r0, #0
100058d4:	d1fa      	bne.n	100058cc <_prep_out_transaction.isra.0+0xc>
100058d6:	78e3      	ldrb	r3, [r4, #3]
100058d8:	2b00      	cmp	r3, #0
100058da:	d0f7      	beq.n	100058cc <_prep_out_transaction.isra.0+0xc>
100058dc:	0025      	movs	r5, r4
100058de:	3510      	adds	r5, #16
100058e0:	0028      	movs	r0, r5
100058e2:	f000 fd17 	bl	10006314 <tu_fifo_remaining>
100058e6:	283f      	cmp	r0, #63	@ 0x3f
100058e8:	d9f0      	bls.n	100058cc <_prep_out_transaction.isra.0+0xc>
100058ea:	2000      	movs	r0, #0
100058ec:	78e1      	ldrb	r1, [r4, #3]
100058ee:	f7ff fe99 	bl	10005624 <usbd_edpt_claim>
100058f2:	2800      	cmp	r0, #0
100058f4:	d0ea      	beq.n	100058cc <_prep_out_transaction.isra.0+0xc>
100058f6:	0028      	movs	r0, r5
100058f8:	f000 fd0c 	bl	10006314 <tu_fifo_remaining>
100058fc:	283f      	cmp	r0, #63	@ 0x3f
100058fe:	d908      	bls.n	10005912 <_prep_out_transaction.isra.0+0x52>
10005900:	2392      	movs	r3, #146	@ 0x92
10005902:	009b      	lsls	r3, r3, #2
10005904:	18e2      	adds	r2, r4, r3
10005906:	78e1      	ldrb	r1, [r4, #3]
10005908:	2340      	movs	r3, #64	@ 0x40
1000590a:	2000      	movs	r0, #0
1000590c:	f7ff feb2 	bl	10005674 <usbd_edpt_xfer>
10005910:	e7dc      	b.n	100058cc <_prep_out_transaction.isra.0+0xc>
10005912:	78e1      	ldrb	r1, [r4, #3]
10005914:	2000      	movs	r0, #0
10005916:	f7ff fe99 	bl	1000564c <usbd_edpt_release>
1000591a:	e7d7      	b.n	100058cc <_prep_out_transaction.isra.0+0xc>

1000591c <tud_cdc_n_connected>:
1000591c:	b510      	push	{r4, lr}
1000591e:	0004      	movs	r4, r0
10005920:	f7ff f996 	bl	10004c50 <tud_mounted>
10005924:	2800      	cmp	r0, #0
10005926:	d101      	bne.n	1000592c <tud_cdc_n_connected+0x10>
10005928:	2000      	movs	r0, #0
1000592a:	bd10      	pop	{r4, pc}
1000592c:	f7ff f998 	bl	10004c60 <tud_suspended>
10005930:	2800      	cmp	r0, #0
10005932:	d1f9      	bne.n	10005928 <tud_cdc_n_connected+0xc>
10005934:	22b2      	movs	r2, #178	@ 0xb2
10005936:	0092      	lsls	r2, r2, #2
10005938:	4362      	muls	r2, r4
1000593a:	4b03      	ldr	r3, [pc, #12]	@ (10005948 <tud_cdc_n_connected+0x2c>)
1000593c:	3001      	adds	r0, #1
1000593e:	189b      	adds	r3, r3, r2
10005940:	791b      	ldrb	r3, [r3, #4]
10005942:	4018      	ands	r0, r3
10005944:	e7f1      	b.n	1000592a <tud_cdc_n_connected+0xe>
10005946:	46c0      	nop			@ (mov r8, r8)
10005948:	200016b0 	.word	0x200016b0

1000594c <tud_cdc_n_available>:
1000594c:	23b2      	movs	r3, #178	@ 0xb2
1000594e:	009b      	lsls	r3, r3, #2
10005950:	4343      	muls	r3, r0
10005952:	b510      	push	{r4, lr}
10005954:	4802      	ldr	r0, [pc, #8]	@ (10005960 <tud_cdc_n_available+0x14>)
10005956:	1818      	adds	r0, r3, r0
10005958:	f000 fcbe 	bl	100062d8 <tu_fifo_count>
1000595c:	bd10      	pop	{r4, pc}
1000595e:	46c0      	nop			@ (mov r8, r8)
10005960:	200016c0 	.word	0x200016c0

10005964 <tud_cdc_n_read>:
10005964:	b5f0      	push	{r4, r5, r6, r7, lr}
10005966:	26b2      	movs	r6, #178	@ 0xb2
10005968:	00b6      	lsls	r6, r6, #2
1000596a:	4346      	muls	r6, r0
1000596c:	0035      	movs	r5, r6
1000596e:	46c6      	mov	lr, r8
10005970:	2380      	movs	r3, #128	@ 0x80
10005972:	4f20      	ldr	r7, [pc, #128]	@ (100059f4 <tud_cdc_n_read+0x90>)
10005974:	3510      	adds	r5, #16
10005976:	0004      	movs	r4, r0
10005978:	b500      	push	{lr}
1000597a:	197d      	adds	r5, r7, r5
1000597c:	025b      	lsls	r3, r3, #9
1000597e:	429a      	cmp	r2, r3
10005980:	d300      	bcc.n	10005984 <tud_cdc_n_read+0x20>
10005982:	4a1d      	ldr	r2, [pc, #116]	@ (100059f8 <tud_cdc_n_read+0x94>)
10005984:	0028      	movs	r0, r5
10005986:	b292      	uxth	r2, r2
10005988:	f000 fd28 	bl	100063dc <tu_fifo_read_n>
1000598c:	4680      	mov	r8, r0
1000598e:	f7ff f95f 	bl	10004c50 <tud_mounted>
10005992:	2800      	cmp	r0, #0
10005994:	d103      	bne.n	1000599e <tud_cdc_n_read+0x3a>
10005996:	4640      	mov	r0, r8
10005998:	bc80      	pop	{r7}
1000599a:	46b8      	mov	r8, r7
1000599c:	bdf0      	pop	{r4, r5, r6, r7, pc}
1000599e:	f7ff f95f 	bl	10004c60 <tud_suspended>
100059a2:	2800      	cmp	r0, #0
100059a4:	d1f7      	bne.n	10005996 <tud_cdc_n_read+0x32>
100059a6:	23b2      	movs	r3, #178	@ 0xb2
100059a8:	009b      	lsls	r3, r3, #2
100059aa:	435c      	muls	r4, r3
100059ac:	193c      	adds	r4, r7, r4
100059ae:	78e3      	ldrb	r3, [r4, #3]
100059b0:	2b00      	cmp	r3, #0
100059b2:	d0f0      	beq.n	10005996 <tud_cdc_n_read+0x32>
100059b4:	0028      	movs	r0, r5
100059b6:	f000 fcad 	bl	10006314 <tu_fifo_remaining>
100059ba:	283f      	cmp	r0, #63	@ 0x3f
100059bc:	d9eb      	bls.n	10005996 <tud_cdc_n_read+0x32>
100059be:	2000      	movs	r0, #0
100059c0:	78e1      	ldrb	r1, [r4, #3]
100059c2:	f7ff fe2f 	bl	10005624 <usbd_edpt_claim>
100059c6:	2800      	cmp	r0, #0
100059c8:	d0e5      	beq.n	10005996 <tud_cdc_n_read+0x32>
100059ca:	0028      	movs	r0, r5
100059cc:	f000 fca2 	bl	10006314 <tu_fifo_remaining>
100059d0:	283f      	cmp	r0, #63	@ 0x3f
100059d2:	d90a      	bls.n	100059ea <tud_cdc_n_read+0x86>
100059d4:	2392      	movs	r3, #146	@ 0x92
100059d6:	009b      	lsls	r3, r3, #2
100059d8:	469c      	mov	ip, r3
100059da:	4466      	add	r6, ip
100059dc:	2340      	movs	r3, #64	@ 0x40
100059de:	78e1      	ldrb	r1, [r4, #3]
100059e0:	19ba      	adds	r2, r7, r6
100059e2:	2000      	movs	r0, #0
100059e4:	f7ff fe46 	bl	10005674 <usbd_edpt_xfer>
100059e8:	e7d5      	b.n	10005996 <tud_cdc_n_read+0x32>
100059ea:	78e1      	ldrb	r1, [r4, #3]
100059ec:	2000      	movs	r0, #0
100059ee:	f7ff fe2d 	bl	1000564c <usbd_edpt_release>
100059f2:	e7d0      	b.n	10005996 <tud_cdc_n_read+0x32>
100059f4:	200016b0 	.word	0x200016b0
100059f8:	0000ffff 	.word	0x0000ffff

100059fc <tud_cdc_n_write_flush>:
100059fc:	b5f8      	push	{r3, r4, r5, r6, r7, lr}
100059fe:	0004      	movs	r4, r0
10005a00:	f7ff f926 	bl	10004c50 <tud_mounted>
10005a04:	2800      	cmp	r0, #0
10005a06:	d101      	bne.n	10005a0c <tud_cdc_n_write_flush+0x10>
10005a08:	2000      	movs	r0, #0
10005a0a:	bdf8      	pop	{r3, r4, r5, r6, r7, pc}
10005a0c:	f7ff f928 	bl	10004c60 <tud_suspended>
10005a10:	2800      	cmp	r0, #0
10005a12:	d1f9      	bne.n	10005a08 <tud_cdc_n_write_flush+0xc>
10005a14:	23b2      	movs	r3, #178	@ 0xb2
10005a16:	009b      	lsls	r3, r3, #2
10005a18:	435c      	muls	r4, r3
10005a1a:	0025      	movs	r5, r4
10005a1c:	4e14      	ldr	r6, [pc, #80]	@ (10005a70 <tud_cdc_n_write_flush+0x74>)
10005a1e:	3524      	adds	r5, #36	@ 0x24
10005a20:	19ad      	adds	r5, r5, r6
10005a22:	0028      	movs	r0, r5
10005a24:	f000 fc58 	bl	100062d8 <tu_fifo_count>
10005a28:	2800      	cmp	r0, #0
10005a2a:	d0ed      	beq.n	10005a08 <tud_cdc_n_write_flush+0xc>
10005a2c:	1937      	adds	r7, r6, r4
10005a2e:	2000      	movs	r0, #0
10005a30:	78b9      	ldrb	r1, [r7, #2]
10005a32:	f7ff fdf7 	bl	10005624 <usbd_edpt_claim>
10005a36:	2800      	cmp	r0, #0
10005a38:	d0e6      	beq.n	10005a08 <tud_cdc_n_write_flush+0xc>
10005a3a:	23a2      	movs	r3, #162	@ 0xa2
10005a3c:	009b      	lsls	r3, r3, #2
10005a3e:	469c      	mov	ip, r3
10005a40:	4464      	add	r4, ip
10005a42:	19a4      	adds	r4, r4, r6
10005a44:	0021      	movs	r1, r4
10005a46:	0028      	movs	r0, r5
10005a48:	2240      	movs	r2, #64	@ 0x40
10005a4a:	f000 fcc7 	bl	100063dc <tu_fifo_read_n>
10005a4e:	78b9      	ldrb	r1, [r7, #2]
10005a50:	1e05      	subs	r5, r0, #0
10005a52:	d008      	beq.n	10005a66 <tud_cdc_n_write_flush+0x6a>
10005a54:	0003      	movs	r3, r0
10005a56:	0022      	movs	r2, r4
10005a58:	2000      	movs	r0, #0
10005a5a:	f7ff fe0b 	bl	10005674 <usbd_edpt_xfer>
10005a5e:	2800      	cmp	r0, #0
10005a60:	d0d2      	beq.n	10005a08 <tud_cdc_n_write_flush+0xc>
10005a62:	0028      	movs	r0, r5
10005a64:	e7d1      	b.n	10005a0a <tud_cdc_n_write_flush+0xe>
10005a66:	2000      	movs	r0, #0
10005a68:	f7ff fdf0 	bl	1000564c <usbd_edpt_release>
10005a6c:	e7cc      	b.n	10005a08 <tud_cdc_n_write_flush+0xc>
10005a6e:	46c0      	nop			@ (mov r8, r8)
10005a70:	200016b0 	.word	0x200016b0

10005a74 <tud_cdc_n_write>:
10005a74:	b570      	push	{r4, r5, r6, lr}
10005a76:	24b2      	movs	r4, #178	@ 0xb2
10005a78:	00a4      	lsls	r4, r4, #2
10005a7a:	4344      	muls	r4, r0
10005a7c:	4b0b      	ldr	r3, [pc, #44]	@ (10005aac <tud_cdc_n_write+0x38>)
10005a7e:	0005      	movs	r5, r0
10005a80:	18e4      	adds	r4, r4, r3
10005a82:	2380      	movs	r3, #128	@ 0x80
10005a84:	025b      	lsls	r3, r3, #9
10005a86:	429a      	cmp	r2, r3
10005a88:	d300      	bcc.n	10005a8c <tud_cdc_n_write+0x18>
10005a8a:	4a09      	ldr	r2, [pc, #36]	@ (10005ab0 <tud_cdc_n_write+0x3c>)
10005a8c:	0020      	movs	r0, r4
10005a8e:	b292      	uxth	r2, r2
10005a90:	f000 fd6c 	bl	1000656c <tu_fifo_write_n>
10005a94:	0006      	movs	r6, r0
10005a96:	0020      	movs	r0, r4
10005a98:	f000 fc1e 	bl	100062d8 <tu_fifo_count>
10005a9c:	283f      	cmp	r0, #63	@ 0x3f
10005a9e:	d801      	bhi.n	10005aa4 <tud_cdc_n_write+0x30>
10005aa0:	0030      	movs	r0, r6
10005aa2:	bd70      	pop	{r4, r5, r6, pc}
10005aa4:	0028      	movs	r0, r5
10005aa6:	f7ff ffa9 	bl	100059fc <tud_cdc_n_write_flush>
10005aaa:	e7f9      	b.n	10005aa0 <tud_cdc_n_write+0x2c>
10005aac:	200016d4 	.word	0x200016d4
10005ab0:	0000ffff 	.word	0x0000ffff

10005ab4 <tud_cdc_n_write_available>:
10005ab4:	23b2      	movs	r3, #178	@ 0xb2
10005ab6:	009b      	lsls	r3, r3, #2
10005ab8:	4343      	muls	r3, r0
10005aba:	b510      	push	{r4, lr}
10005abc:	4802      	ldr	r0, [pc, #8]	@ (10005ac8 <tud_cdc_n_write_available+0x14>)
10005abe:	1818      	adds	r0, r3, r0
10005ac0:	f000 fc28 	bl	10006314 <tu_fifo_remaining>
10005ac4:	bd10      	pop	{r4, pc}
10005ac6:	46c0      	nop			@ (mov r8, r8)
10005ac8:	200016d4 	.word	0x200016d4

10005acc <cdcd_init>:
10005acc:	22b2      	movs	r2, #178	@ 0xb2
10005ace:	b5f0      	push	{r4, r5, r6, r7, lr}
10005ad0:	2500      	movs	r5, #0
10005ad2:	4c1b      	ldr	r4, [pc, #108]	@ (10005b40 <cdcd_init+0x74>)
10005ad4:	b083      	sub	sp, #12
10005ad6:	2100      	movs	r1, #0
10005ad8:	0020      	movs	r0, r4
10005ada:	0092      	lsls	r2, r2, #2
10005adc:	f7fc fd86 	bl	100025ec <__wrap_memset>
10005ae0:	4b18      	ldr	r3, [pc, #96]	@ (10005b44 <cdcd_init+0x78>)
10005ae2:	2680      	movs	r6, #128	@ 0x80
10005ae4:	701d      	strb	r5, [r3, #0]
10005ae6:	23ff      	movs	r3, #255	@ 0xff
10005ae8:	7163      	strb	r3, [r4, #5]
10005aea:	23e1      	movs	r3, #225	@ 0xe1
10005aec:	025b      	lsls	r3, r3, #9
10005aee:	60a3      	str	r3, [r4, #8]
10005af0:	0021      	movs	r1, r4
10005af2:	2308      	movs	r3, #8
10005af4:	0020      	movs	r0, r4
10005af6:	0076      	lsls	r6, r6, #1
10005af8:	73a3      	strb	r3, [r4, #14]
10005afa:	0032      	movs	r2, r6
10005afc:	3138      	adds	r1, #56	@ 0x38
10005afe:	9500      	str	r5, [sp, #0]
10005b00:	3b07      	subs	r3, #7
10005b02:	3010      	adds	r0, #16
10005b04:	f000 fbb2 	bl	1000626c <tu_fifo_config>
10005b08:	0021      	movs	r1, r4
10005b0a:	2301      	movs	r3, #1
10005b0c:	0020      	movs	r0, r4
10005b0e:	3139      	adds	r1, #57	@ 0x39
10005b10:	0032      	movs	r2, r6
10005b12:	31ff      	adds	r1, #255	@ 0xff
10005b14:	9300      	str	r3, [sp, #0]
10005b16:	3024      	adds	r0, #36	@ 0x24
10005b18:	f000 fba8 	bl	1000626c <tu_fifo_config>
10005b1c:	238e      	movs	r3, #142	@ 0x8e
10005b1e:	009b      	lsls	r3, r3, #2
10005b20:	18e7      	adds	r7, r4, r3
10005b22:	0038      	movs	r0, r7
10005b24:	f7fa ff74 	bl	10000a10 <mutex_init>
10005b28:	2390      	movs	r3, #144	@ 0x90
10005b2a:	009b      	lsls	r3, r3, #2
10005b2c:	18e6      	adds	r6, r4, r3
10005b2e:	0030      	movs	r0, r6
10005b30:	f7fa ff6e 	bl	10000a10 <mutex_init>
10005b34:	61e5      	str	r5, [r4, #28]
10005b36:	6227      	str	r7, [r4, #32]
10005b38:	6326      	str	r6, [r4, #48]	@ 0x30
10005b3a:	6365      	str	r5, [r4, #52]	@ 0x34
10005b3c:	b003      	add	sp, #12
10005b3e:	bdf0      	pop	{r4, r5, r6, r7, pc}
10005b40:	200016b0 	.word	0x200016b0
10005b44:	200016ac 	.word	0x200016ac

10005b48 <cdcd_deinit>:
10005b48:	4b0b      	ldr	r3, [pc, #44]	@ (10005b78 <cdcd_deinit+0x30>)
10005b4a:	6b19      	ldr	r1, [r3, #48]	@ 0x30
10005b4c:	2900      	cmp	r1, #0
10005b4e:	d00a      	beq.n	10005b66 <cdcd_deinit+0x1e>
10005b50:	6a1a      	ldr	r2, [r3, #32]
10005b52:	2a00      	cmp	r2, #0
10005b54:	d00d      	beq.n	10005b72 <cdcd_deinit+0x2a>
10005b56:	2200      	movs	r2, #0
10005b58:	621a      	str	r2, [r3, #32]
10005b5a:	631a      	str	r2, [r3, #48]	@ 0x30
10005b5c:	61da      	str	r2, [r3, #28]
10005b5e:	2200      	movs	r2, #0
10005b60:	635a      	str	r2, [r3, #52]	@ 0x34
10005b62:	2001      	movs	r0, #1
10005b64:	4770      	bx	lr
10005b66:	6a1a      	ldr	r2, [r3, #32]
10005b68:	2a00      	cmp	r2, #0
10005b6a:	d0fa      	beq.n	10005b62 <cdcd_deinit+0x1a>
10005b6c:	61d9      	str	r1, [r3, #28]
10005b6e:	6219      	str	r1, [r3, #32]
10005b70:	e7f7      	b.n	10005b62 <cdcd_deinit+0x1a>
10005b72:	631a      	str	r2, [r3, #48]	@ 0x30
10005b74:	e7f3      	b.n	10005b5e <cdcd_deinit+0x16>
10005b76:	46c0      	nop			@ (mov r8, r8)
10005b78:	200016b0 	.word	0x200016b0

10005b7c <cdcd_reset>:
10005b7c:	b570      	push	{r4, r5, r6, lr}
10005b7e:	4c0f      	ldr	r4, [pc, #60]	@ (10005bbc <cdcd_reset+0x40>)
10005b80:	2205      	movs	r2, #5
10005b82:	2100      	movs	r1, #0
10005b84:	0020      	movs	r0, r4
10005b86:	f7fc fd31 	bl	100025ec <__wrap_memset>
10005b8a:	4d0d      	ldr	r5, [pc, #52]	@ (10005bc0 <cdcd_reset+0x44>)
10005b8c:	782b      	ldrb	r3, [r5, #0]
10005b8e:	07da      	lsls	r2, r3, #31
10005b90:	d507      	bpl.n	10005ba2 <cdcd_reset+0x26>
10005b92:	4c0c      	ldr	r4, [pc, #48]	@ (10005bc4 <cdcd_reset+0x48>)
10005b94:	079b      	lsls	r3, r3, #30
10005b96:	d50c      	bpl.n	10005bb2 <cdcd_reset+0x36>
10005b98:	2101      	movs	r1, #1
10005b9a:	0020      	movs	r0, r4
10005b9c:	f000 fdc2 	bl	10006724 <tu_fifo_set_overwritable>
10005ba0:	bd70      	pop	{r4, r5, r6, pc}
10005ba2:	0020      	movs	r0, r4
10005ba4:	3010      	adds	r0, #16
10005ba6:	f000 fd9d 	bl	100066e4 <tu_fifo_clear>
10005baa:	782b      	ldrb	r3, [r5, #0]
10005bac:	4c05      	ldr	r4, [pc, #20]	@ (10005bc4 <cdcd_reset+0x48>)
10005bae:	079b      	lsls	r3, r3, #30
10005bb0:	d4f2      	bmi.n	10005b98 <cdcd_reset+0x1c>
10005bb2:	0020      	movs	r0, r4
10005bb4:	f000 fd96 	bl	100066e4 <tu_fifo_clear>
10005bb8:	e7ee      	b.n	10005b98 <cdcd_reset+0x1c>
10005bba:	46c0      	nop			@ (mov r8, r8)
10005bbc:	200016b0 	.word	0x200016b0
10005bc0:	200016ac 	.word	0x200016ac
10005bc4:	200016d4 	.word	0x200016d4

10005bc8 <cdcd_open>:
10005bc8:	b5f0      	push	{r4, r5, r6, r7, lr}
10005bca:	46c6      	mov	lr, r8
10005bcc:	b500      	push	{lr}
10005bce:	794b      	ldrb	r3, [r1, #5]
10005bd0:	0006      	movs	r6, r0
10005bd2:	b082      	sub	sp, #8
10005bd4:	2b02      	cmp	r3, #2
10005bd6:	d102      	bne.n	10005bde <cdcd_open+0x16>
10005bd8:	798b      	ldrb	r3, [r1, #6]
10005bda:	2b02      	cmp	r3, #2
10005bdc:	d005      	beq.n	10005bea <cdcd_open+0x22>
10005bde:	2500      	movs	r5, #0
10005be0:	0028      	movs	r0, r5
10005be2:	b002      	add	sp, #8
10005be4:	bc80      	pop	{r7}
10005be6:	46b8      	mov	r8, r7
10005be8:	bdf0      	pop	{r4, r5, r6, r7, pc}
10005bea:	4f21      	ldr	r7, [pc, #132]	@ (10005c70 <cdcd_open+0xa8>)
10005bec:	78bb      	ldrb	r3, [r7, #2]
10005bee:	2b00      	cmp	r3, #0
10005bf0:	d1f5      	bne.n	10005bde <cdcd_open+0x16>
10005bf2:	788b      	ldrb	r3, [r1, #2]
10005bf4:	2509      	movs	r5, #9
10005bf6:	703b      	strb	r3, [r7, #0]
10005bf8:	780c      	ldrb	r4, [r1, #0]
10005bfa:	190c      	adds	r4, r1, r4
10005bfc:	7863      	ldrb	r3, [r4, #1]
10005bfe:	2b24      	cmp	r3, #36	@ 0x24
10005c00:	d10b      	bne.n	10005c1a <cdcd_open+0x52>
10005c02:	2a08      	cmp	r2, #8
10005c04:	d802      	bhi.n	10005c0c <cdcd_open+0x44>
10005c06:	e021      	b.n	10005c4c <cdcd_open+0x84>
10005c08:	42aa      	cmp	r2, r5
10005c0a:	d31f      	bcc.n	10005c4c <cdcd_open+0x84>
10005c0c:	7823      	ldrb	r3, [r4, #0]
10005c0e:	18e4      	adds	r4, r4, r3
10005c10:	195d      	adds	r5, r3, r5
10005c12:	7863      	ldrb	r3, [r4, #1]
10005c14:	b2ad      	uxth	r5, r5
10005c16:	2b24      	cmp	r3, #36	@ 0x24
10005c18:	d0f6      	beq.n	10005c08 <cdcd_open+0x40>
10005c1a:	2b05      	cmp	r3, #5
10005c1c:	d01a      	beq.n	10005c54 <cdcd_open+0x8c>
10005c1e:	2b04      	cmp	r3, #4
10005c20:	d114      	bne.n	10005c4c <cdcd_open+0x84>
10005c22:	7963      	ldrb	r3, [r4, #5]
10005c24:	2b0a      	cmp	r3, #10
10005c26:	d111      	bne.n	10005c4c <cdcd_open+0x84>
10005c28:	7823      	ldrb	r3, [r4, #0]
10005c2a:	0021      	movs	r1, r4
10005c2c:	4698      	mov	r8, r3
10005c2e:	4b11      	ldr	r3, [pc, #68]	@ (10005c74 <cdcd_open+0xac>)
10005c30:	2202      	movs	r2, #2
10005c32:	9301      	str	r3, [sp, #4]
10005c34:	3301      	adds	r3, #1
10005c36:	9300      	str	r3, [sp, #0]
10005c38:	0030      	movs	r0, r6
10005c3a:	2302      	movs	r3, #2
10005c3c:	4441      	add	r1, r8
10005c3e:	f7ff fc89 	bl	10005554 <usbd_open_edpt_pair>
10005c42:	2800      	cmp	r0, #0
10005c44:	d0cb      	beq.n	10005bde <cdcd_open+0x16>
10005c46:	350e      	adds	r5, #14
10005c48:	4445      	add	r5, r8
10005c4a:	b2ad      	uxth	r5, r5
10005c4c:	0038      	movs	r0, r7
10005c4e:	f7ff fe37 	bl	100058c0 <_prep_out_transaction.isra.0>
10005c52:	e7c5      	b.n	10005be0 <cdcd_open+0x18>
10005c54:	0021      	movs	r1, r4
10005c56:	0030      	movs	r0, r6
10005c58:	f7ff fcca 	bl	100055f0 <usbd_edpt_open>
10005c5c:	2800      	cmp	r0, #0
10005c5e:	d0be      	beq.n	10005bde <cdcd_open+0x16>
10005c60:	78a3      	ldrb	r3, [r4, #2]
10005c62:	707b      	strb	r3, [r7, #1]
10005c64:	7823      	ldrb	r3, [r4, #0]
10005c66:	195d      	adds	r5, r3, r5
10005c68:	18e4      	adds	r4, r4, r3
10005c6a:	7863      	ldrb	r3, [r4, #1]
10005c6c:	b2ad      	uxth	r5, r5
10005c6e:	e7d6      	b.n	10005c1e <cdcd_open+0x56>
10005c70:	200016b0 	.word	0x200016b0
10005c74:	200016b2 	.word	0x200016b2

10005c78 <cdcd_control_xfer_cb>:
10005c78:	b5f8      	push	{r3, r4, r5, r6, r7, lr}
10005c7a:	2360      	movs	r3, #96	@ 0x60
10005c7c:	0014      	movs	r4, r2
10005c7e:	7812      	ldrb	r2, [r2, #0]
10005c80:	0005      	movs	r5, r0
10005c82:	4013      	ands	r3, r2
10005c84:	2000      	movs	r0, #0
10005c86:	2b20      	cmp	r3, #32
10005c88:	d112      	bne.n	10005cb0 <cdcd_control_xfer_cb+0x38>
10005c8a:	4a2f      	ldr	r2, [pc, #188]	@ (10005d48 <cdcd_control_xfer_cb+0xd0>)
10005c8c:	7963      	ldrb	r3, [r4, #5]
10005c8e:	7927      	ldrb	r7, [r4, #4]
10005c90:	7816      	ldrb	r6, [r2, #0]
10005c92:	021b      	lsls	r3, r3, #8
10005c94:	433b      	orrs	r3, r7
10005c96:	429e      	cmp	r6, r3
10005c98:	d10a      	bne.n	10005cb0 <cdcd_control_xfer_cb+0x38>
10005c9a:	7863      	ldrb	r3, [r4, #1]
10005c9c:	2b22      	cmp	r3, #34	@ 0x22
10005c9e:	d01a      	beq.n	10005cd6 <cdcd_control_xfer_cb+0x5e>
10005ca0:	d807      	bhi.n	10005cb2 <cdcd_control_xfer_cb+0x3a>
10005ca2:	2b20      	cmp	r3, #32
10005ca4:	d03c      	beq.n	10005d20 <cdcd_control_xfer_cb+0xa8>
10005ca6:	2b21      	cmp	r3, #33	@ 0x21
10005ca8:	d102      	bne.n	10005cb0 <cdcd_control_xfer_cb+0x38>
10005caa:	2901      	cmp	r1, #1
10005cac:	d030      	beq.n	10005d10 <cdcd_control_xfer_cb+0x98>
10005cae:	2001      	movs	r0, #1
10005cb0:	bdf8      	pop	{r3, r4, r5, r6, r7, pc}
10005cb2:	2b23      	cmp	r3, #35	@ 0x23
10005cb4:	d1fc      	bne.n	10005cb0 <cdcd_control_xfer_cb+0x38>
10005cb6:	2901      	cmp	r1, #1
10005cb8:	d040      	beq.n	10005d3c <cdcd_control_xfer_cb+0xc4>
10005cba:	2903      	cmp	r1, #3
10005cbc:	d1f7      	bne.n	10005cae <cdcd_control_xfer_cb+0x36>
10005cbe:	4b23      	ldr	r3, [pc, #140]	@ (10005d4c <cdcd_control_xfer_cb+0xd4>)
10005cc0:	2b00      	cmp	r3, #0
10005cc2:	d0f4      	beq.n	10005cae <cdcd_control_xfer_cb+0x36>
10005cc4:	78e1      	ldrb	r1, [r4, #3]
10005cc6:	78a3      	ldrb	r3, [r4, #2]
10005cc8:	0209      	lsls	r1, r1, #8
10005cca:	2000      	movs	r0, #0
10005ccc:	4319      	orrs	r1, r3
10005cce:	e000      	b.n	10005cd2 <cdcd_control_xfer_cb+0x5a>
10005cd0:	bf00      	nop
10005cd2:	2001      	movs	r0, #1
10005cd4:	e7ec      	b.n	10005cb0 <cdcd_control_xfer_cb+0x38>
10005cd6:	2901      	cmp	r1, #1
10005cd8:	d030      	beq.n	10005d3c <cdcd_control_xfer_cb+0xc4>
10005cda:	2903      	cmp	r1, #3
10005cdc:	d1e7      	bne.n	10005cae <cdcd_control_xfer_cb+0x36>
10005cde:	2501      	movs	r5, #1
10005ce0:	002e      	movs	r6, r5
10005ce2:	78a3      	ldrb	r3, [r4, #2]
10005ce4:	78e4      	ldrb	r4, [r4, #3]
10005ce6:	3902      	subs	r1, #2
10005ce8:	0224      	lsls	r4, r4, #8
10005cea:	431c      	orrs	r4, r3
10005cec:	7114      	strb	r4, [r2, #4]
10005cee:	4026      	ands	r6, r4
10005cf0:	3224      	adds	r2, #36	@ 0x24
10005cf2:	0010      	movs	r0, r2
10005cf4:	4071      	eors	r1, r6
10005cf6:	f000 fd15 	bl	10006724 <tu_fifo_set_overwritable>
10005cfa:	4b15      	ldr	r3, [pc, #84]	@ (10005d50 <cdcd_control_xfer_cb+0xd8>)
10005cfc:	2b00      	cmp	r3, #0
10005cfe:	d0d6      	beq.n	10005cae <cdcd_control_xfer_cb+0x36>
10005d00:	0862      	lsrs	r2, r4, #1
10005d02:	2000      	movs	r0, #0
10005d04:	0031      	movs	r1, r6
10005d06:	402a      	ands	r2, r5
10005d08:	e000      	b.n	10005d0c <cdcd_control_xfer_cb+0x94>
10005d0a:	bf00      	nop
10005d0c:	2001      	movs	r0, #1
10005d0e:	e7cf      	b.n	10005cb0 <cdcd_control_xfer_cb+0x38>
10005d10:	2307      	movs	r3, #7
10005d12:	0021      	movs	r1, r4
10005d14:	0028      	movs	r0, r5
10005d16:	4a0f      	ldr	r2, [pc, #60]	@ (10005d54 <cdcd_control_xfer_cb+0xdc>)
10005d18:	f7ff fce8 	bl	100056ec <tud_control_xfer>
10005d1c:	2001      	movs	r0, #1
10005d1e:	e7c7      	b.n	10005cb0 <cdcd_control_xfer_cb+0x38>
10005d20:	2901      	cmp	r1, #1
10005d22:	d0f5      	beq.n	10005d10 <cdcd_control_xfer_cb+0x98>
10005d24:	2903      	cmp	r1, #3
10005d26:	d1c2      	bne.n	10005cae <cdcd_control_xfer_cb+0x36>
10005d28:	4b0b      	ldr	r3, [pc, #44]	@ (10005d58 <cdcd_control_xfer_cb+0xe0>)
10005d2a:	2b00      	cmp	r3, #0
10005d2c:	d0bf      	beq.n	10005cae <cdcd_control_xfer_cb+0x36>
10005d2e:	3208      	adds	r2, #8
10005d30:	2000      	movs	r0, #0
10005d32:	0011      	movs	r1, r2
10005d34:	f7fe fa9c 	bl	10004270 <tud_cdc_line_coding_cb>
10005d38:	2001      	movs	r0, #1
10005d3a:	e7b9      	b.n	10005cb0 <cdcd_control_xfer_cb+0x38>
10005d3c:	0021      	movs	r1, r4
10005d3e:	0028      	movs	r0, r5
10005d40:	f7ff fcbe 	bl	100056c0 <tud_control_status>
10005d44:	2001      	movs	r0, #1
10005d46:	e7b3      	b.n	10005cb0 <cdcd_control_xfer_cb+0x38>
10005d48:	200016b0 	.word	0x200016b0
	...
10005d54:	200016b8 	.word	0x200016b8
10005d58:	10004271 	.word	0x10004271

10005d5c <cdcd_xfer_cb>:
10005d5c:	b5f0      	push	{r4, r5, r6, r7, lr}
10005d5e:	464f      	mov	r7, r9
10005d60:	4646      	mov	r6, r8
10005d62:	46d6      	mov	lr, sl
10005d64:	4d37      	ldr	r5, [pc, #220]	@ (10005e44 <cdcd_xfer_cb+0xe8>)
10005d66:	b5c0      	push	{r6, r7, lr}
10005d68:	78ea      	ldrb	r2, [r5, #3]
10005d6a:	001f      	movs	r7, r3
10005d6c:	4680      	mov	r8, r0
10005d6e:	000c      	movs	r4, r1
10005d70:	78ab      	ldrb	r3, [r5, #2]
10005d72:	428a      	cmp	r2, r1
10005d74:	d03b      	beq.n	10005dee <cdcd_xfer_cb+0x92>
10005d76:	428b      	cmp	r3, r1
10005d78:	d010      	beq.n	10005d9c <cdcd_xfer_cb+0x40>
10005d7a:	2000      	movs	r0, #0
10005d7c:	bce0      	pop	{r5, r6, r7}
10005d7e:	46ba      	mov	sl, r7
10005d80:	46b1      	mov	r9, r6
10005d82:	46a8      	mov	r8, r5
10005d84:	bdf0      	pop	{r4, r5, r6, r7, pc}
10005d86:	4b30      	ldr	r3, [pc, #192]	@ (10005e48 <cdcd_xfer_cb+0xec>)
10005d88:	2b00      	cmp	r3, #0
10005d8a:	d004      	beq.n	10005d96 <cdcd_xfer_cb+0x3a>
10005d8c:	482f      	ldr	r0, [pc, #188]	@ (10005e4c <cdcd_xfer_cb+0xf0>)
10005d8e:	f000 fab9 	bl	10006304 <tu_fifo_empty>
10005d92:	2800      	cmp	r0, #0
10005d94:	d053      	beq.n	10005e3e <cdcd_xfer_cb+0xe2>
10005d96:	0028      	movs	r0, r5
10005d98:	f7ff fd92 	bl	100058c0 <_prep_out_transaction.isra.0>
10005d9c:	78ab      	ldrb	r3, [r5, #2]
10005d9e:	42a3      	cmp	r3, r4
10005da0:	d001      	beq.n	10005da6 <cdcd_xfer_cb+0x4a>
10005da2:	2001      	movs	r0, #1
10005da4:	e7ea      	b.n	10005d7c <cdcd_xfer_cb+0x20>
10005da6:	4b2a      	ldr	r3, [pc, #168]	@ (10005e50 <cdcd_xfer_cb+0xf4>)
10005da8:	2b00      	cmp	r3, #0
10005daa:	d002      	beq.n	10005db2 <cdcd_xfer_cb+0x56>
10005dac:	2000      	movs	r0, #0
10005dae:	e000      	b.n	10005db2 <cdcd_xfer_cb+0x56>
10005db0:	bf00      	nop
10005db2:	2000      	movs	r0, #0
10005db4:	f7ff fe22 	bl	100059fc <tud_cdc_n_write_flush>
10005db8:	2800      	cmp	r0, #0
10005dba:	d1f2      	bne.n	10005da2 <cdcd_xfer_cb+0x46>
10005dbc:	4c25      	ldr	r4, [pc, #148]	@ (10005e54 <cdcd_xfer_cb+0xf8>)
10005dbe:	0020      	movs	r0, r4
10005dc0:	f000 fa8a 	bl	100062d8 <tu_fifo_count>
10005dc4:	2800      	cmp	r0, #0
10005dc6:	d1ec      	bne.n	10005da2 <cdcd_xfer_cb+0x46>
10005dc8:	2f00      	cmp	r7, #0
10005dca:	d0ea      	beq.n	10005da2 <cdcd_xfer_cb+0x46>
10005dcc:	06bf      	lsls	r7, r7, #26
10005dce:	d1e8      	bne.n	10005da2 <cdcd_xfer_cb+0x46>
10005dd0:	3c24      	subs	r4, #36	@ 0x24
10005dd2:	4640      	mov	r0, r8
10005dd4:	78a1      	ldrb	r1, [r4, #2]
10005dd6:	f7ff fc25 	bl	10005624 <usbd_edpt_claim>
10005dda:	2800      	cmp	r0, #0
10005ddc:	d0e1      	beq.n	10005da2 <cdcd_xfer_cb+0x46>
10005dde:	2300      	movs	r3, #0
10005de0:	2200      	movs	r2, #0
10005de2:	4640      	mov	r0, r8
10005de4:	78a1      	ldrb	r1, [r4, #2]
10005de6:	f7ff fc45 	bl	10005674 <usbd_edpt_xfer>
10005dea:	2001      	movs	r0, #1
10005dec:	e7c6      	b.n	10005d7c <cdcd_xfer_cb+0x20>
10005dee:	2392      	movs	r3, #146	@ 0x92
10005df0:	009b      	lsls	r3, r3, #2
10005df2:	18ee      	adds	r6, r5, r3
10005df4:	2310      	movs	r3, #16
10005df6:	469a      	mov	sl, r3
10005df8:	44aa      	add	sl, r5
10005dfa:	0031      	movs	r1, r6
10005dfc:	4650      	mov	r0, sl
10005dfe:	b2ba      	uxth	r2, r7
10005e00:	f000 fbb4 	bl	1000656c <tu_fifo_write_n>
10005e04:	4b14      	ldr	r3, [pc, #80]	@ (10005e58 <cdcd_xfer_cb+0xfc>)
10005e06:	2b00      	cmp	r3, #0
10005e08:	d0bd      	beq.n	10005d86 <cdcd_xfer_cb+0x2a>
10005e0a:	796b      	ldrb	r3, [r5, #5]
10005e0c:	2bff      	cmp	r3, #255	@ 0xff
10005e0e:	d0ba      	beq.n	10005d86 <cdcd_xfer_cb+0x2a>
10005e10:	2f00      	cmp	r7, #0
10005e12:	d0b8      	beq.n	10005d86 <cdcd_xfer_cb+0x2a>
10005e14:	19f2      	adds	r2, r6, r7
10005e16:	4691      	mov	r9, r2
10005e18:	e003      	b.n	10005e22 <cdcd_xfer_cb+0xc6>
10005e1a:	3601      	adds	r6, #1
10005e1c:	45b1      	cmp	r9, r6
10005e1e:	d0b2      	beq.n	10005d86 <cdcd_xfer_cb+0x2a>
10005e20:	796b      	ldrb	r3, [r5, #5]
10005e22:	7832      	ldrb	r2, [r6, #0]
10005e24:	429a      	cmp	r2, r3
10005e26:	d1f8      	bne.n	10005e1a <cdcd_xfer_cb+0xbe>
10005e28:	4650      	mov	r0, sl
10005e2a:	f000 fa6b 	bl	10006304 <tu_fifo_empty>
10005e2e:	2800      	cmp	r0, #0
10005e30:	d1f3      	bne.n	10005e1a <cdcd_xfer_cb+0xbe>
10005e32:	4653      	mov	r3, sl
10005e34:	3b10      	subs	r3, #16
10005e36:	7959      	ldrb	r1, [r3, #5]
10005e38:	e000      	b.n	10005e3c <cdcd_xfer_cb+0xe0>
10005e3a:	bf00      	nop
10005e3c:	e7ed      	b.n	10005e1a <cdcd_xfer_cb+0xbe>
10005e3e:	e000      	b.n	10005e42 <cdcd_xfer_cb+0xe6>
10005e40:	bf00      	nop
10005e42:	e7a8      	b.n	10005d96 <cdcd_xfer_cb+0x3a>
10005e44:	200016b0 	.word	0x200016b0
10005e48:	00000000 	.word	0x00000000
10005e4c:	200016c0 	.word	0x200016c0
10005e50:	00000000 	.word	0x00000000
10005e54:	200016d4 	.word	0x200016d4
10005e58:	00000000 	.word	0x00000000

10005e5c <tud_vendor_n_write_flush>:
10005e5c:	b5f8      	push	{r3, r4, r5, r6, r7, lr}
10005e5e:	0004      	movs	r4, r0
10005e60:	f7fe fef6 	bl	10004c50 <tud_mounted>
10005e64:	2800      	cmp	r0, #0
10005e66:	d101      	bne.n	10005e6c <tud_vendor_n_write_flush+0x10>
10005e68:	2000      	movs	r0, #0
10005e6a:	bdf8      	pop	{r3, r4, r5, r6, r7, pc}
10005e6c:	f7fe fef8 	bl	10004c60 <tud_suspended>
10005e70:	2800      	cmp	r0, #0
10005e72:	d1f9      	bne.n	10005e68 <tud_vendor_n_write_flush+0xc>
10005e74:	23af      	movs	r3, #175	@ 0xaf
10005e76:	009b      	lsls	r3, r3, #2
10005e78:	435c      	muls	r4, r3
10005e7a:	0025      	movs	r5, r4
10005e7c:	4e14      	ldr	r6, [pc, #80]	@ (10005ed0 <tud_vendor_n_write_flush+0x74>)
10005e7e:	3518      	adds	r5, #24
10005e80:	19ad      	adds	r5, r5, r6
10005e82:	0028      	movs	r0, r5
10005e84:	f000 fa28 	bl	100062d8 <tu_fifo_count>
10005e88:	2800      	cmp	r0, #0
10005e8a:	d0ed      	beq.n	10005e68 <tud_vendor_n_write_flush+0xc>
10005e8c:	1937      	adds	r7, r6, r4
10005e8e:	2000      	movs	r0, #0
10005e90:	7879      	ldrb	r1, [r7, #1]
10005e92:	f7ff fbc7 	bl	10005624 <usbd_edpt_claim>
10005e96:	2800      	cmp	r0, #0
10005e98:	d0e6      	beq.n	10005e68 <tud_vendor_n_write_flush+0xc>
10005e9a:	239f      	movs	r3, #159	@ 0x9f
10005e9c:	009b      	lsls	r3, r3, #2
10005e9e:	469c      	mov	ip, r3
10005ea0:	4464      	add	r4, ip
10005ea2:	19a4      	adds	r4, r4, r6
10005ea4:	0021      	movs	r1, r4
10005ea6:	0028      	movs	r0, r5
10005ea8:	2240      	movs	r2, #64	@ 0x40
10005eaa:	f000 fa97 	bl	100063dc <tu_fifo_read_n>
10005eae:	7879      	ldrb	r1, [r7, #1]
10005eb0:	1e05      	subs	r5, r0, #0
10005eb2:	d008      	beq.n	10005ec6 <tud_vendor_n_write_flush+0x6a>
10005eb4:	0003      	movs	r3, r0
10005eb6:	0022      	movs	r2, r4
10005eb8:	2000      	movs	r0, #0
10005eba:	f7ff fbdb 	bl	10005674 <usbd_edpt_xfer>
10005ebe:	2800      	cmp	r0, #0
10005ec0:	d0d2      	beq.n	10005e68 <tud_vendor_n_write_flush+0xc>
10005ec2:	0028      	movs	r0, r5
10005ec4:	e7d1      	b.n	10005e6a <tud_vendor_n_write_flush+0xe>
10005ec6:	2000      	movs	r0, #0
10005ec8:	f7ff fbc0 	bl	1000564c <usbd_edpt_release>
10005ecc:	e7cc      	b.n	10005e68 <tud_vendor_n_write_flush+0xc>
10005ece:	46c0      	nop			@ (mov r8, r8)
10005ed0:	20001060 	.word	0x20001060

10005ed4 <vendord_init>:
10005ed4:	22af      	movs	r2, #175	@ 0xaf
10005ed6:	b5f0      	push	{r4, r5, r6, r7, lr}
10005ed8:	4c16      	ldr	r4, [pc, #88]	@ (10005f34 <vendord_init+0x60>)
10005eda:	b083      	sub	sp, #12
10005edc:	2100      	movs	r1, #0
10005ede:	0020      	movs	r0, r4
10005ee0:	0092      	lsls	r2, r2, #2
10005ee2:	2680      	movs	r6, #128	@ 0x80
10005ee4:	f7fc fb82 	bl	100025ec <__wrap_memset>
10005ee8:	2500      	movs	r5, #0
10005eea:	0021      	movs	r1, r4
10005eec:	0076      	lsls	r6, r6, #1
10005eee:	0032      	movs	r2, r6
10005ef0:	2301      	movs	r3, #1
10005ef2:	312c      	adds	r1, #44	@ 0x2c
10005ef4:	1d20      	adds	r0, r4, #4
10005ef6:	9500      	str	r5, [sp, #0]
10005ef8:	f000 f9b8 	bl	1000626c <tu_fifo_config>
10005efc:	0021      	movs	r1, r4
10005efe:	0020      	movs	r0, r4
10005f00:	312d      	adds	r1, #45	@ 0x2d
10005f02:	0032      	movs	r2, r6
10005f04:	31ff      	adds	r1, #255	@ 0xff
10005f06:	2301      	movs	r3, #1
10005f08:	9500      	str	r5, [sp, #0]
10005f0a:	3018      	adds	r0, #24
10005f0c:	f000 f9ae 	bl	1000626c <tu_fifo_config>
10005f10:	238b      	movs	r3, #139	@ 0x8b
10005f12:	009b      	lsls	r3, r3, #2
10005f14:	18e7      	adds	r7, r4, r3
10005f16:	0038      	movs	r0, r7
10005f18:	f7fa fd7a 	bl	10000a10 <mutex_init>
10005f1c:	238d      	movs	r3, #141	@ 0x8d
10005f1e:	009b      	lsls	r3, r3, #2
10005f20:	18e6      	adds	r6, r4, r3
10005f22:	0030      	movs	r0, r6
10005f24:	f7fa fd74 	bl	10000a10 <mutex_init>
10005f28:	6125      	str	r5, [r4, #16]
10005f2a:	6167      	str	r7, [r4, #20]
10005f2c:	6266      	str	r6, [r4, #36]	@ 0x24
10005f2e:	62a5      	str	r5, [r4, #40]	@ 0x28
10005f30:	b003      	add	sp, #12
10005f32:	bdf0      	pop	{r4, r5, r6, r7, pc}
10005f34:	20001060 	.word	0x20001060

10005f38 <vendord_deinit>:
10005f38:	4b0b      	ldr	r3, [pc, #44]	@ (10005f68 <vendord_deinit+0x30>)
10005f3a:	6a5a      	ldr	r2, [r3, #36]	@ 0x24
10005f3c:	2a00      	cmp	r2, #0
10005f3e:	d00b      	beq.n	10005f58 <vendord_deinit+0x20>
10005f40:	695a      	ldr	r2, [r3, #20]
10005f42:	2a00      	cmp	r2, #0
10005f44:	d003      	beq.n	10005f4e <vendord_deinit+0x16>
10005f46:	2000      	movs	r0, #0
10005f48:	2100      	movs	r1, #0
10005f4a:	6118      	str	r0, [r3, #16]
10005f4c:	6159      	str	r1, [r3, #20]
10005f4e:	2200      	movs	r2, #0
10005f50:	625a      	str	r2, [r3, #36]	@ 0x24
10005f52:	629a      	str	r2, [r3, #40]	@ 0x28
10005f54:	2001      	movs	r0, #1
10005f56:	4770      	bx	lr
10005f58:	695a      	ldr	r2, [r3, #20]
10005f5a:	2a00      	cmp	r2, #0
10005f5c:	d0fa      	beq.n	10005f54 <vendord_deinit+0x1c>
10005f5e:	2000      	movs	r0, #0
10005f60:	2100      	movs	r1, #0
10005f62:	6118      	str	r0, [r3, #16]
10005f64:	6159      	str	r1, [r3, #20]
10005f66:	e7f5      	b.n	10005f54 <vendord_deinit+0x1c>
10005f68:	20001060 	.word	0x20001060

10005f6c <vendord_reset>:
10005f6c:	b510      	push	{r4, lr}
10005f6e:	4c05      	ldr	r4, [pc, #20]	@ (10005f84 <vendord_reset+0x18>)
10005f70:	2300      	movs	r3, #0
10005f72:	0020      	movs	r0, r4
10005f74:	c008      	stmia	r0!, {r3}
10005f76:	f000 fbb5 	bl	100066e4 <tu_fifo_clear>
10005f7a:	0020      	movs	r0, r4
10005f7c:	3018      	adds	r0, #24
10005f7e:	f000 fbb1 	bl	100066e4 <tu_fifo_clear>
10005f82:	bd10      	pop	{r4, pc}
10005f84:	20001060 	.word	0x20001060

10005f88 <vendord_open>:
10005f88:	b5f0      	push	{r4, r5, r6, r7, lr}
10005f8a:	46ce      	mov	lr, r9
10005f8c:	4647      	mov	r7, r8
10005f8e:	b580      	push	{r7, lr}
10005f90:	794b      	ldrb	r3, [r1, #5]
10005f92:	000d      	movs	r5, r1
10005f94:	b083      	sub	sp, #12
10005f96:	2bff      	cmp	r3, #255	@ 0xff
10005f98:	d107      	bne.n	10005faa <vendord_open+0x22>
10005f9a:	4e2e      	ldr	r6, [pc, #184]	@ (10006054 <vendord_open+0xcc>)
10005f9c:	780c      	ldrb	r4, [r1, #0]
10005f9e:	7873      	ldrb	r3, [r6, #1]
10005fa0:	78b1      	ldrb	r1, [r6, #2]
10005fa2:	2b00      	cmp	r3, #0
10005fa4:	d101      	bne.n	10005faa <vendord_open+0x22>
10005fa6:	2900      	cmp	r1, #0
10005fa8:	d005      	beq.n	10005fb6 <vendord_open+0x2e>
10005faa:	2000      	movs	r0, #0
10005fac:	b003      	add	sp, #12
10005fae:	bcc0      	pop	{r6, r7}
10005fb0:	46b9      	mov	r9, r7
10005fb2:	46b0      	mov	r8, r6
10005fb4:	bdf0      	pop	{r4, r5, r6, r7, pc}
10005fb6:	78ab      	ldrb	r3, [r5, #2]
10005fb8:	192c      	adds	r4, r5, r4
10005fba:	7033      	strb	r3, [r6, #0]
10005fbc:	792f      	ldrb	r7, [r5, #4]
10005fbe:	2f00      	cmp	r7, #0
10005fc0:	d026      	beq.n	10006010 <vendord_open+0x88>
10005fc2:	7863      	ldrb	r3, [r4, #1]
10005fc4:	2b05      	cmp	r3, #5
10005fc6:	d008      	beq.n	10005fda <vendord_open+0x52>
10005fc8:	18a2      	adds	r2, r4, r2
10005fca:	e004      	b.n	10005fd6 <vendord_open+0x4e>
10005fcc:	7821      	ldrb	r1, [r4, #0]
10005fce:	1864      	adds	r4, r4, r1
10005fd0:	7861      	ldrb	r1, [r4, #1]
10005fd2:	2905      	cmp	r1, #5
10005fd4:	d001      	beq.n	10005fda <vendord_open+0x52>
10005fd6:	4294      	cmp	r4, r2
10005fd8:	d3f8      	bcc.n	10005fcc <vendord_open+0x44>
10005fda:	4b1f      	ldr	r3, [pc, #124]	@ (10006058 <vendord_open+0xd0>)
10005fdc:	003a      	movs	r2, r7
10005fde:	4698      	mov	r8, r3
10005fe0:	9301      	str	r3, [sp, #4]
10005fe2:	3301      	adds	r3, #1
10005fe4:	9300      	str	r3, [sp, #0]
10005fe6:	0021      	movs	r1, r4
10005fe8:	2302      	movs	r3, #2
10005fea:	f7ff fab3 	bl	10005554 <usbd_open_edpt_pair>
10005fee:	2800      	cmp	r0, #0
10005ff0:	d0db      	beq.n	10005faa <vendord_open+0x22>
10005ff2:	2301      	movs	r3, #1
10005ff4:	425b      	negs	r3, r3
10005ff6:	4443      	add	r3, r8
10005ff8:	4699      	mov	r9, r3
10005ffa:	4643      	mov	r3, r8
10005ffc:	7859      	ldrb	r1, [r3, #1]
10005ffe:	792f      	ldrb	r7, [r5, #4]
10006000:	2900      	cmp	r1, #0
10006002:	d10c      	bne.n	1000601e <vendord_open+0x96>
10006004:	7873      	ldrb	r3, [r6, #1]
10006006:	2b00      	cmp	r3, #0
10006008:	d105      	bne.n	10006016 <vendord_open+0x8e>
1000600a:	00fb      	lsls	r3, r7, #3
1000600c:	1bdb      	subs	r3, r3, r7
1000600e:	18e4      	adds	r4, r4, r3
10006010:	1b60      	subs	r0, r4, r5
10006012:	b280      	uxth	r0, r0
10006014:	e7ca      	b.n	10005fac <vendord_open+0x24>
10006016:	2000      	movs	r0, #0
10006018:	f7ff ff20 	bl	10005e5c <tud_vendor_n_write_flush>
1000601c:	e7f5      	b.n	1000600a <vendord_open+0x82>
1000601e:	2000      	movs	r0, #0
10006020:	f7ff fb00 	bl	10005624 <usbd_edpt_claim>
10006024:	2800      	cmp	r0, #0
10006026:	d0ed      	beq.n	10006004 <vendord_open+0x7c>
10006028:	4643      	mov	r3, r8
1000602a:	1cd8      	adds	r0, r3, #3
1000602c:	f000 f972 	bl	10006314 <tu_fifo_remaining>
10006030:	283f      	cmp	r0, #63	@ 0x3f
10006032:	d908      	bls.n	10006046 <vendord_open+0xbe>
10006034:	464b      	mov	r3, r9
10006036:	4a09      	ldr	r2, [pc, #36]	@ (1000605c <vendord_open+0xd4>)
10006038:	7899      	ldrb	r1, [r3, #2]
1000603a:	4442      	add	r2, r8
1000603c:	2340      	movs	r3, #64	@ 0x40
1000603e:	2000      	movs	r0, #0
10006040:	f7ff fb18 	bl	10005674 <usbd_edpt_xfer>
10006044:	e7de      	b.n	10006004 <vendord_open+0x7c>
10006046:	464b      	mov	r3, r9
10006048:	2000      	movs	r0, #0
1000604a:	7899      	ldrb	r1, [r3, #2]
1000604c:	f7ff fafe 	bl	1000564c <usbd_edpt_release>
10006050:	e7d8      	b.n	10006004 <vendord_open+0x7c>
10006052:	46c0      	nop			@ (mov r8, r8)
10006054:	20001060 	.word	0x20001060
10006058:	20001061 	.word	0x20001061
1000605c:	0000023b 	.word	0x0000023b

10006060 <vendord_xfer_cb>:
10006060:	b570      	push	{r4, r5, r6, lr}
10006062:	4c2d      	ldr	r4, [pc, #180]	@ (10006118 <vendord_xfer_cb+0xb8>)
10006064:	0006      	movs	r6, r0
10006066:	78a2      	ldrb	r2, [r4, #2]
10006068:	001d      	movs	r5, r3
1000606a:	428a      	cmp	r2, r1
1000606c:	d012      	beq.n	10006094 <vendord_xfer_cb+0x34>
1000606e:	7863      	ldrb	r3, [r4, #1]
10006070:	2000      	movs	r0, #0
10006072:	428b      	cmp	r3, r1
10006074:	d10d      	bne.n	10006092 <vendord_xfer_cb+0x32>
10006076:	4b29      	ldr	r3, [pc, #164]	@ (1000611c <vendord_xfer_cb+0xbc>)
10006078:	2b00      	cmp	r3, #0
1000607a:	d004      	beq.n	10006086 <vendord_xfer_cb+0x26>
1000607c:	0429      	lsls	r1, r5, #16
1000607e:	2000      	movs	r0, #0
10006080:	0c09      	lsrs	r1, r1, #16
10006082:	e000      	b.n	10006086 <vendord_xfer_cb+0x26>
10006084:	bf00      	nop
10006086:	2000      	movs	r0, #0
10006088:	f7ff fee8 	bl	10005e5c <tud_vendor_n_write_flush>
1000608c:	2800      	cmp	r0, #0
1000608e:	d024      	beq.n	100060da <vendord_xfer_cb+0x7a>
10006090:	2001      	movs	r0, #1
10006092:	bd70      	pop	{r4, r5, r6, pc}
10006094:	b29a      	uxth	r2, r3
10006096:	238f      	movs	r3, #143	@ 0x8f
10006098:	009b      	lsls	r3, r3, #2
1000609a:	18e1      	adds	r1, r4, r3
1000609c:	1d20      	adds	r0, r4, #4
1000609e:	f000 fa65 	bl	1000656c <tu_fifo_write_n>
100060a2:	4b1f      	ldr	r3, [pc, #124]	@ (10006120 <vendord_xfer_cb+0xc0>)
100060a4:	2b00      	cmp	r3, #0
100060a6:	d002      	beq.n	100060ae <vendord_xfer_cb+0x4e>
100060a8:	2000      	movs	r0, #0
100060aa:	e000      	b.n	100060ae <vendord_xfer_cb+0x4e>
100060ac:	bf00      	nop
100060ae:	2000      	movs	r0, #0
100060b0:	78a1      	ldrb	r1, [r4, #2]
100060b2:	f7ff fab7 	bl	10005624 <usbd_edpt_claim>
100060b6:	2800      	cmp	r0, #0
100060b8:	d0ea      	beq.n	10006090 <vendord_xfer_cb+0x30>
100060ba:	1d20      	adds	r0, r4, #4
100060bc:	f000 f92a 	bl	10006314 <tu_fifo_remaining>
100060c0:	283f      	cmp	r0, #63	@ 0x3f
100060c2:	d923      	bls.n	1000610c <vendord_xfer_cb+0xac>
100060c4:	238f      	movs	r3, #143	@ 0x8f
100060c6:	009b      	lsls	r3, r3, #2
100060c8:	18e2      	adds	r2, r4, r3
100060ca:	3bfd      	subs	r3, #253	@ 0xfd
100060cc:	2000      	movs	r0, #0
100060ce:	78a1      	ldrb	r1, [r4, #2]
100060d0:	3bff      	subs	r3, #255	@ 0xff
100060d2:	f7ff facf 	bl	10005674 <usbd_edpt_xfer>
100060d6:	2001      	movs	r0, #1
100060d8:	e7db      	b.n	10006092 <vendord_xfer_cb+0x32>
100060da:	4c12      	ldr	r4, [pc, #72]	@ (10006124 <vendord_xfer_cb+0xc4>)
100060dc:	0020      	movs	r0, r4
100060de:	f000 f8fb 	bl	100062d8 <tu_fifo_count>
100060e2:	2800      	cmp	r0, #0
100060e4:	d1d4      	bne.n	10006090 <vendord_xfer_cb+0x30>
100060e6:	2d00      	cmp	r5, #0
100060e8:	d0d2      	beq.n	10006090 <vendord_xfer_cb+0x30>
100060ea:	06ad      	lsls	r5, r5, #26
100060ec:	d1d0      	bne.n	10006090 <vendord_xfer_cb+0x30>
100060ee:	3c18      	subs	r4, #24
100060f0:	0030      	movs	r0, r6
100060f2:	7861      	ldrb	r1, [r4, #1]
100060f4:	f7ff fa96 	bl	10005624 <usbd_edpt_claim>
100060f8:	2800      	cmp	r0, #0
100060fa:	d0c9      	beq.n	10006090 <vendord_xfer_cb+0x30>
100060fc:	2300      	movs	r3, #0
100060fe:	0030      	movs	r0, r6
10006100:	001a      	movs	r2, r3
10006102:	7861      	ldrb	r1, [r4, #1]
10006104:	f7ff fab6 	bl	10005674 <usbd_edpt_xfer>
10006108:	2001      	movs	r0, #1
1000610a:	e7c2      	b.n	10006092 <vendord_xfer_cb+0x32>
1000610c:	2000      	movs	r0, #0
1000610e:	78a1      	ldrb	r1, [r4, #2]
10006110:	f7ff fa9c 	bl	1000564c <usbd_edpt_release>
10006114:	2001      	movs	r0, #1
10006116:	e7bc      	b.n	10006092 <vendord_xfer_cb+0x32>
10006118:	20001060 	.word	0x20001060
	...
10006124:	20001078 	.word	0x20001078

10006128 <tusb_init>:
10006128:	b510      	push	{r4, lr}
1000612a:	2000      	movs	r0, #0
1000612c:	f7fe fda0 	bl	10004c70 <tud_init>
10006130:	bd10      	pop	{r4, pc}
10006132:	46c0      	nop			@ (mov r8, r8)

10006134 <tu_edpt_claim>:
10006134:	7803      	ldrb	r3, [r0, #0]
10006136:	b570      	push	{r4, r5, r6, lr}
10006138:	07db      	lsls	r3, r3, #31
1000613a:	0004      	movs	r4, r0
1000613c:	000e      	movs	r6, r1
1000613e:	0fdd      	lsrs	r5, r3, #31
10006140:	2b00      	cmp	r3, #0
10006142:	d117      	bne.n	10006174 <tu_edpt_claim+0x40>
10006144:	7803      	ldrb	r3, [r0, #0]
10006146:	075b      	lsls	r3, r3, #29
10006148:	d501      	bpl.n	1000614e <tu_edpt_claim+0x1a>
1000614a:	0028      	movs	r0, r5
1000614c:	bd70      	pop	{r4, r5, r6, pc}
1000614e:	2101      	movs	r1, #1
10006150:	0030      	movs	r0, r6
10006152:	4249      	negs	r1, r1
10006154:	f000 fb80 	bl	10006858 <__mutex_enter_timeout_ms_veneer>
10006158:	7823      	ldrb	r3, [r4, #0]
1000615a:	07db      	lsls	r3, r3, #31
1000615c:	0fdd      	lsrs	r5, r3, #31
1000615e:	2b00      	cmp	r3, #0
10006160:	d10a      	bne.n	10006178 <tu_edpt_claim+0x44>
10006162:	7823      	ldrb	r3, [r4, #0]
10006164:	075b      	lsls	r3, r3, #29
10006166:	d408      	bmi.n	1000617a <tu_edpt_claim+0x46>
10006168:	2204      	movs	r2, #4
1000616a:	7823      	ldrb	r3, [r4, #0]
1000616c:	2501      	movs	r5, #1
1000616e:	4313      	orrs	r3, r2
10006170:	7023      	strb	r3, [r4, #0]
10006172:	e002      	b.n	1000617a <tu_edpt_claim+0x46>
10006174:	2500      	movs	r5, #0
10006176:	e7e8      	b.n	1000614a <tu_edpt_claim+0x16>
10006178:	2500      	movs	r5, #0
1000617a:	0030      	movs	r0, r6
1000617c:	f000 fb4c 	bl	10006818 <__mutex_exit_veneer>
10006180:	e7e3      	b.n	1000614a <tu_edpt_claim+0x16>
10006182:	46c0      	nop			@ (mov r8, r8)

10006184 <tu_edpt_release>:
10006184:	b570      	push	{r4, r5, r6, lr}
10006186:	000c      	movs	r4, r1
10006188:	2101      	movs	r1, #1
1000618a:	0006      	movs	r6, r0
1000618c:	4249      	negs	r1, r1
1000618e:	0020      	movs	r0, r4
10006190:	f000 fb62 	bl	10006858 <__mutex_enter_timeout_ms_veneer>
10006194:	7833      	ldrb	r3, [r6, #0]
10006196:	075b      	lsls	r3, r3, #29
10006198:	0fdd      	lsrs	r5, r3, #31
1000619a:	2b00      	cmp	r3, #0
1000619c:	db04      	blt.n	100061a8 <tu_edpt_release+0x24>
1000619e:	0020      	movs	r0, r4
100061a0:	f000 fb3a 	bl	10006818 <__mutex_exit_veneer>
100061a4:	0028      	movs	r0, r5
100061a6:	bd70      	pop	{r4, r5, r6, pc}
100061a8:	7833      	ldrb	r3, [r6, #0]
100061aa:	07db      	lsls	r3, r3, #31
100061ac:	d404      	bmi.n	100061b8 <tu_edpt_release+0x34>
100061ae:	2204      	movs	r2, #4
100061b0:	7833      	ldrb	r3, [r6, #0]
100061b2:	4393      	bics	r3, r2
100061b4:	7033      	strb	r3, [r6, #0]
100061b6:	e7f2      	b.n	1000619e <tu_edpt_release+0x1a>
100061b8:	2500      	movs	r5, #0
100061ba:	e7f0      	b.n	1000619e <tu_edpt_release+0x1a>

100061bc <tu_edpt_validate>:
100061bc:	7943      	ldrb	r3, [r0, #5]
100061be:	7902      	ldrb	r2, [r0, #4]
100061c0:	021b      	lsls	r3, r3, #8
100061c2:	4313      	orrs	r3, r2
100061c4:	78c2      	ldrb	r2, [r0, #3]
100061c6:	055b      	lsls	r3, r3, #21
100061c8:	0792      	lsls	r2, r2, #30
100061ca:	0d5b      	lsrs	r3, r3, #21
100061cc:	0f92      	lsrs	r2, r2, #30
100061ce:	2a02      	cmp	r2, #2
100061d0:	d01d      	beq.n	1000620e <tu_edpt_validate+0x52>
100061d2:	2a03      	cmp	r2, #3
100061d4:	d00c      	beq.n	100061f0 <tu_edpt_validate+0x34>
100061d6:	2000      	movs	r0, #0
100061d8:	2a01      	cmp	r2, #1
100061da:	d108      	bne.n	100061ee <tu_edpt_validate+0x32>
100061dc:	3902      	subs	r1, #2
100061de:	424a      	negs	r2, r1
100061e0:	4151      	adcs	r1, r2
100061e2:	4a12      	ldr	r2, [pc, #72]	@ (1000622c <tu_edpt_validate+0x70>)
100061e4:	4694      	mov	ip, r2
100061e6:	4461      	add	r1, ip
100061e8:	4299      	cmp	r1, r3
100061ea:	4140      	adcs	r0, r0
100061ec:	b2c0      	uxtb	r0, r0
100061ee:	4770      	bx	lr
100061f0:	3902      	subs	r1, #2
100061f2:	1e4a      	subs	r2, r1, #1
100061f4:	4191      	sbcs	r1, r2
100061f6:	4a0e      	ldr	r2, [pc, #56]	@ (10006230 <tu_edpt_validate+0x74>)
100061f8:	4249      	negs	r1, r1
100061fa:	4011      	ands	r1, r2
100061fc:	2280      	movs	r2, #128	@ 0x80
100061fe:	00d2      	lsls	r2, r2, #3
10006200:	4694      	mov	ip, r2
10006202:	2000      	movs	r0, #0
10006204:	4461      	add	r1, ip
10006206:	4299      	cmp	r1, r3
10006208:	4140      	adcs	r0, r0
1000620a:	b2c0      	uxtb	r0, r0
1000620c:	e7ef      	b.n	100061ee <tu_edpt_validate+0x32>
1000620e:	2902      	cmp	r1, #2
10006210:	d005      	beq.n	1000621e <tu_edpt_validate+0x62>
10006212:	2000      	movs	r0, #0
10006214:	2240      	movs	r2, #64	@ 0x40
10006216:	429a      	cmp	r2, r3
10006218:	4140      	adcs	r0, r0
1000621a:	b2c0      	uxtb	r0, r0
1000621c:	e7e7      	b.n	100061ee <tu_edpt_validate+0x32>
1000621e:	4a05      	ldr	r2, [pc, #20]	@ (10006234 <tu_edpt_validate+0x78>)
10006220:	1898      	adds	r0, r3, r2
10006222:	4243      	negs	r3, r0
10006224:	4158      	adcs	r0, r3
10006226:	b2c0      	uxtb	r0, r0
10006228:	e7e1      	b.n	100061ee <tu_edpt_validate+0x32>
1000622a:	46c0      	nop			@ (mov r8, r8)
1000622c:	000003ff 	.word	0x000003ff
10006230:	fffffc40 	.word	0xfffffc40
10006234:	fffffe00 	.word	0xfffffe00

10006238 <tu_edpt_bind_driver>:
10006238:	188a      	adds	r2, r1, r2
1000623a:	b570      	push	{r4, r5, r6, lr}
1000623c:	4291      	cmp	r1, r2
1000623e:	d207      	bcs.n	10006250 <tu_edpt_bind_driver+0x18>
10006240:	267f      	movs	r6, #127	@ 0x7f
10006242:	784c      	ldrb	r4, [r1, #1]
10006244:	2c05      	cmp	r4, #5
10006246:	d004      	beq.n	10006252 <tu_edpt_bind_driver+0x1a>
10006248:	780c      	ldrb	r4, [r1, #0]
1000624a:	1909      	adds	r1, r1, r4
1000624c:	428a      	cmp	r2, r1
1000624e:	d8f8      	bhi.n	10006242 <tu_edpt_bind_driver+0xa>
10006250:	bd70      	pop	{r4, r5, r6, pc}
10006252:	0034      	movs	r4, r6
10006254:	788d      	ldrb	r5, [r1, #2]
10006256:	402c      	ands	r4, r5
10006258:	0064      	lsls	r4, r4, #1
1000625a:	1904      	adds	r4, r0, r4
1000625c:	09ed      	lsrs	r5, r5, #7
1000625e:	5563      	strb	r3, [r4, r5]
10006260:	780c      	ldrb	r4, [r1, #0]
10006262:	1909      	adds	r1, r1, r4
10006264:	428a      	cmp	r2, r1
10006266:	d8ec      	bhi.n	10006242 <tu_edpt_bind_driver+0xa>
10006268:	e7f2      	b.n	10006250 <tu_edpt_bind_driver+0x18>
1000626a:	46c0      	nop			@ (mov r8, r8)

1000626c <tu_fifo_config>:
1000626c:	b5f0      	push	{r4, r5, r6, r7, lr}
1000626e:	46c6      	mov	lr, r8
10006270:	b500      	push	{lr}
10006272:	0004      	movs	r4, r0
10006274:	a806      	add	r0, sp, #24
10006276:	7805      	ldrb	r5, [r0, #0]
10006278:	2080      	movs	r0, #128	@ 0x80
1000627a:	4688      	mov	r8, r1
1000627c:	0017      	movs	r7, r2
1000627e:	001e      	movs	r6, r3
10006280:	0200      	lsls	r0, r0, #8
10006282:	4282      	cmp	r2, r0
10006284:	d826      	bhi.n	100062d4 <tu_fifo_config+0x68>
10006286:	68e0      	ldr	r0, [r4, #12]
10006288:	2800      	cmp	r0, #0
1000628a:	d003      	beq.n	10006294 <tu_fifo_config+0x28>
1000628c:	2101      	movs	r1, #1
1000628e:	4249      	negs	r1, r1
10006290:	f000 fae2 	bl	10006858 <__mutex_enter_timeout_ms_veneer>
10006294:	6920      	ldr	r0, [r4, #16]
10006296:	2800      	cmp	r0, #0
10006298:	d003      	beq.n	100062a2 <tu_fifo_config+0x36>
1000629a:	2101      	movs	r1, #1
1000629c:	4249      	negs	r1, r1
1000629e:	f000 fadb 	bl	10006858 <__mutex_enter_timeout_ms_veneer>
100062a2:	4643      	mov	r3, r8
100062a4:	6023      	str	r3, [r4, #0]
100062a6:	0473      	lsls	r3, r6, #17
100062a8:	0c5b      	lsrs	r3, r3, #17
100062aa:	03ed      	lsls	r5, r5, #15
100062ac:	431d      	orrs	r5, r3
100062ae:	2300      	movs	r3, #0
100062b0:	68e0      	ldr	r0, [r4, #12]
100062b2:	8163      	strh	r3, [r4, #10]
100062b4:	80a7      	strh	r7, [r4, #4]
100062b6:	80e5      	strh	r5, [r4, #6]
100062b8:	8123      	strh	r3, [r4, #8]
100062ba:	2800      	cmp	r0, #0
100062bc:	d001      	beq.n	100062c2 <tu_fifo_config+0x56>
100062be:	f000 faab 	bl	10006818 <__mutex_exit_veneer>
100062c2:	6920      	ldr	r0, [r4, #16]
100062c4:	2800      	cmp	r0, #0
100062c6:	d001      	beq.n	100062cc <tu_fifo_config+0x60>
100062c8:	f000 faa6 	bl	10006818 <__mutex_exit_veneer>
100062cc:	2001      	movs	r0, #1
100062ce:	bc80      	pop	{r7}
100062d0:	46b8      	mov	r8, r7
100062d2:	bdf0      	pop	{r4, r5, r6, r7, pc}
100062d4:	2000      	movs	r0, #0
100062d6:	e7fa      	b.n	100062ce <tu_fifo_config+0x62>

100062d8 <tu_fifo_count>:
100062d8:	b510      	push	{r4, lr}
100062da:	8904      	ldrh	r4, [r0, #8]
100062dc:	8941      	ldrh	r1, [r0, #10]
100062de:	8882      	ldrh	r2, [r0, #4]
100062e0:	b2a3      	uxth	r3, r4
100062e2:	b288      	uxth	r0, r1
100062e4:	428c      	cmp	r4, r1
100062e6:	d307      	bcc.n	100062f8 <tu_fifo_count+0x20>
100062e8:	1a1b      	subs	r3, r3, r0
100062ea:	b29b      	uxth	r3, r3
100062ec:	1c10      	adds	r0, r2, #0
100062ee:	429a      	cmp	r2, r3
100062f0:	d900      	bls.n	100062f4 <tu_fifo_count+0x1c>
100062f2:	1c18      	adds	r0, r3, #0
100062f4:	b280      	uxth	r0, r0
100062f6:	bd10      	pop	{r4, pc}
100062f8:	0051      	lsls	r1, r2, #1
100062fa:	1a09      	subs	r1, r1, r0
100062fc:	185b      	adds	r3, r3, r1
100062fe:	b29b      	uxth	r3, r3
10006300:	e7f4      	b.n	100062ec <tu_fifo_count+0x14>
10006302:	46c0      	nop			@ (mov r8, r8)

10006304 <tu_fifo_empty>:
10006304:	8903      	ldrh	r3, [r0, #8]
10006306:	8940      	ldrh	r0, [r0, #10]
10006308:	1a18      	subs	r0, r3, r0
1000630a:	4243      	negs	r3, r0
1000630c:	4158      	adcs	r0, r3
1000630e:	b2c0      	uxtb	r0, r0
10006310:	4770      	bx	lr
10006312:	46c0      	nop			@ (mov r8, r8)

10006314 <tu_fifo_remaining>:
10006314:	b510      	push	{r4, lr}
10006316:	8904      	ldrh	r4, [r0, #8]
10006318:	8941      	ldrh	r1, [r0, #10]
1000631a:	8882      	ldrh	r2, [r0, #4]
1000631c:	b2a3      	uxth	r3, r4
1000631e:	b288      	uxth	r0, r1
10006320:	428c      	cmp	r4, r1
10006322:	d307      	bcc.n	10006334 <tu_fifo_remaining+0x20>
10006324:	1a1b      	subs	r3, r3, r0
10006326:	b29b      	uxth	r3, r3
10006328:	2000      	movs	r0, #0
1000632a:	429a      	cmp	r2, r3
1000632c:	d901      	bls.n	10006332 <tu_fifo_remaining+0x1e>
1000632e:	1ad2      	subs	r2, r2, r3
10006330:	b290      	uxth	r0, r2
10006332:	bd10      	pop	{r4, pc}
10006334:	0051      	lsls	r1, r2, #1
10006336:	1a09      	subs	r1, r1, r0
10006338:	185b      	adds	r3, r3, r1
1000633a:	b29b      	uxth	r3, r3
1000633c:	e7f4      	b.n	10006328 <tu_fifo_remaining+0x14>
1000633e:	46c0      	nop			@ (mov r8, r8)

10006340 <tu_fifo_read>:
10006340:	b570      	push	{r4, r5, r6, lr}
10006342:	0004      	movs	r4, r0
10006344:	6900      	ldr	r0, [r0, #16]
10006346:	000e      	movs	r6, r1
10006348:	2800      	cmp	r0, #0
1000634a:	d003      	beq.n	10006354 <tu_fifo_read+0x14>
1000634c:	2101      	movs	r1, #1
1000634e:	4249      	negs	r1, r1
10006350:	f000 fa82 	bl	10006858 <__mutex_enter_timeout_ms_veneer>
10006354:	8925      	ldrh	r5, [r4, #8]
10006356:	8960      	ldrh	r0, [r4, #10]
10006358:	88a2      	ldrh	r2, [r4, #4]
1000635a:	b2a9      	uxth	r1, r5
1000635c:	b283      	uxth	r3, r0
1000635e:	4285      	cmp	r5, r0
10006360:	d32c      	bcc.n	100063bc <tu_fifo_read+0x7c>
10006362:	1acd      	subs	r5, r1, r3
10006364:	b2ad      	uxth	r5, r5
10006366:	2d00      	cmp	r5, #0
10006368:	d02e      	beq.n	100063c8 <tu_fifo_read+0x88>
1000636a:	42aa      	cmp	r2, r5
1000636c:	d208      	bcs.n	10006380 <tu_fifo_read+0x40>
1000636e:	4291      	cmp	r1, r2
10006370:	d330      	bcc.n	100063d4 <tu_fifo_read+0x94>
10006372:	1a89      	subs	r1, r1, r2
10006374:	b28b      	uxth	r3, r1
10006376:	8163      	strh	r3, [r4, #10]
10006378:	429a      	cmp	r2, r3
1000637a:	d803      	bhi.n	10006384 <tu_fifo_read+0x44>
1000637c:	1a9b      	subs	r3, r3, r2
1000637e:	b29b      	uxth	r3, r3
10006380:	429a      	cmp	r2, r3
10006382:	d9fb      	bls.n	1000637c <tu_fifo_read+0x3c>
10006384:	88e2      	ldrh	r2, [r4, #6]
10006386:	6821      	ldr	r1, [r4, #0]
10006388:	0452      	lsls	r2, r2, #17
1000638a:	0c52      	lsrs	r2, r2, #17
1000638c:	4353      	muls	r3, r2
1000638e:	0030      	movs	r0, r6
10006390:	18c9      	adds	r1, r1, r3
10006392:	f7fc f931 	bl	100025f8 <__wrap___aeabi_memcpy>
10006396:	8963      	ldrh	r3, [r4, #10]
10006398:	2501      	movs	r5, #1
1000639a:	1c59      	adds	r1, r3, #1
1000639c:	b289      	uxth	r1, r1
1000639e:	88a2      	ldrh	r2, [r4, #4]
100063a0:	428b      	cmp	r3, r1
100063a2:	d913      	bls.n	100063cc <tu_fifo_read+0x8c>
100063a4:	2100      	movs	r1, #0
100063a6:	0052      	lsls	r2, r2, #1
100063a8:	1a89      	subs	r1, r1, r2
100063aa:	b289      	uxth	r1, r1
100063ac:	6920      	ldr	r0, [r4, #16]
100063ae:	8161      	strh	r1, [r4, #10]
100063b0:	2800      	cmp	r0, #0
100063b2:	d001      	beq.n	100063b8 <tu_fifo_read+0x78>
100063b4:	f000 fa30 	bl	10006818 <__mutex_exit_veneer>
100063b8:	0028      	movs	r0, r5
100063ba:	bd70      	pop	{r4, r5, r6, pc}
100063bc:	0055      	lsls	r5, r2, #1
100063be:	1aed      	subs	r5, r5, r3
100063c0:	194d      	adds	r5, r1, r5
100063c2:	b2ad      	uxth	r5, r5
100063c4:	2d00      	cmp	r5, #0
100063c6:	d1d0      	bne.n	1000636a <tu_fifo_read+0x2a>
100063c8:	8961      	ldrh	r1, [r4, #10]
100063ca:	b289      	uxth	r1, r1
100063cc:	0052      	lsls	r2, r2, #1
100063ce:	4291      	cmp	r1, r2
100063d0:	dbec      	blt.n	100063ac <tu_fifo_read+0x6c>
100063d2:	e7e9      	b.n	100063a8 <tu_fifo_read+0x68>
100063d4:	1889      	adds	r1, r1, r2
100063d6:	b28b      	uxth	r3, r1
100063d8:	8163      	strh	r3, [r4, #10]
100063da:	e7cd      	b.n	10006378 <tu_fifo_read+0x38>

100063dc <tu_fifo_read_n>:
100063dc:	b5f0      	push	{r4, r5, r6, r7, lr}
100063de:	4646      	mov	r6, r8
100063e0:	464f      	mov	r7, r9
100063e2:	46d6      	mov	lr, sl
100063e4:	b5c0      	push	{r6, r7, lr}
100063e6:	0006      	movs	r6, r0
100063e8:	6900      	ldr	r0, [r0, #16]
100063ea:	4689      	mov	r9, r1
100063ec:	4690      	mov	r8, r2
100063ee:	2800      	cmp	r0, #0
100063f0:	d003      	beq.n	100063fa <tu_fifo_read_n+0x1e>
100063f2:	2101      	movs	r1, #1
100063f4:	4249      	negs	r1, r1
100063f6:	f000 fa2f 	bl	10006858 <__mutex_enter_timeout_ms_veneer>
100063fa:	8931      	ldrh	r1, [r6, #8]
100063fc:	8972      	ldrh	r2, [r6, #10]
100063fe:	88b5      	ldrh	r5, [r6, #4]
10006400:	b28b      	uxth	r3, r1
10006402:	b294      	uxth	r4, r2
10006404:	4291      	cmp	r1, r2
10006406:	d354      	bcc.n	100064b2 <tu_fifo_read_n+0xd6>
10006408:	1b1f      	subs	r7, r3, r4
1000640a:	b2bf      	uxth	r7, r7
1000640c:	2f00      	cmp	r7, #0
1000640e:	d04a      	beq.n	100064a6 <tu_fifo_read_n+0xca>
10006410:	42bd      	cmp	r5, r7
10006412:	d205      	bcs.n	10006420 <tu_fifo_read_n+0x44>
10006414:	42ab      	cmp	r3, r5
10006416:	d251      	bcs.n	100064bc <tu_fifo_read_n+0xe0>
10006418:	195b      	adds	r3, r3, r5
1000641a:	b29c      	uxth	r4, r3
1000641c:	002f      	movs	r7, r5
1000641e:	8174      	strh	r4, [r6, #10]
10006420:	4643      	mov	r3, r8
10006422:	45b8      	cmp	r8, r7
10006424:	d83d      	bhi.n	100064a2 <tu_fifo_read_n+0xc6>
10006426:	b29f      	uxth	r7, r3
10006428:	42a5      	cmp	r5, r4
1000642a:	d803      	bhi.n	10006434 <tu_fifo_read_n+0x58>
1000642c:	1b64      	subs	r4, r4, r5
1000642e:	b2a4      	uxth	r4, r4
10006430:	42a5      	cmp	r5, r4
10006432:	d9fb      	bls.n	1000642c <tu_fifo_read_n+0x50>
10006434:	88f2      	ldrh	r2, [r6, #6]
10006436:	6831      	ldr	r1, [r6, #0]
10006438:	0452      	lsls	r2, r2, #17
1000643a:	0c52      	lsrs	r2, r2, #17
1000643c:	4690      	mov	r8, r2
1000643e:	4362      	muls	r2, r4
10006440:	1b2b      	subs	r3, r5, r4
10006442:	b29b      	uxth	r3, r3
10006444:	1889      	adds	r1, r1, r2
10006446:	4642      	mov	r2, r8
10006448:	429f      	cmp	r7, r3
1000644a:	d925      	bls.n	10006498 <tu_fifo_read_n+0xbc>
1000644c:	4353      	muls	r3, r2
1000644e:	b29b      	uxth	r3, r3
10006450:	001a      	movs	r2, r3
10006452:	4648      	mov	r0, r9
10006454:	469a      	mov	sl, r3
10006456:	f7fc f8cf 	bl	100025f8 <__wrap___aeabi_memcpy>
1000645a:	4643      	mov	r3, r8
1000645c:	4648      	mov	r0, r9
1000645e:	1b7d      	subs	r5, r7, r5
10006460:	1964      	adds	r4, r4, r5
10006462:	435c      	muls	r4, r3
10006464:	6831      	ldr	r1, [r6, #0]
10006466:	4450      	add	r0, sl
10006468:	b2a2      	uxth	r2, r4
1000646a:	f7fc f8c5 	bl	100025f8 <__wrap___aeabi_memcpy>
1000646e:	8971      	ldrh	r1, [r6, #10]
10006470:	88b5      	ldrh	r5, [r6, #4]
10006472:	19cb      	adds	r3, r1, r7
10006474:	b29b      	uxth	r3, r3
10006476:	006a      	lsls	r2, r5, #1
10006478:	4299      	cmp	r1, r3
1000647a:	d916      	bls.n	100064aa <tu_fifo_read_n+0xce>
1000647c:	1a9b      	subs	r3, r3, r2
1000647e:	b29b      	uxth	r3, r3
10006480:	6930      	ldr	r0, [r6, #16]
10006482:	8173      	strh	r3, [r6, #10]
10006484:	2800      	cmp	r0, #0
10006486:	d001      	beq.n	1000648c <tu_fifo_read_n+0xb0>
10006488:	f000 f9c6 	bl	10006818 <__mutex_exit_veneer>
1000648c:	0038      	movs	r0, r7
1000648e:	bce0      	pop	{r5, r6, r7}
10006490:	46ba      	mov	sl, r7
10006492:	46b1      	mov	r9, r6
10006494:	46a8      	mov	r8, r5
10006496:	bdf0      	pop	{r4, r5, r6, r7, pc}
10006498:	4648      	mov	r0, r9
1000649a:	437a      	muls	r2, r7
1000649c:	f7fc f8ac 	bl	100025f8 <__wrap___aeabi_memcpy>
100064a0:	e7e5      	b.n	1000646e <tu_fifo_read_n+0x92>
100064a2:	1c3b      	adds	r3, r7, #0
100064a4:	e7bf      	b.n	10006426 <tu_fifo_read_n+0x4a>
100064a6:	8973      	ldrh	r3, [r6, #10]
100064a8:	b29b      	uxth	r3, r3
100064aa:	006a      	lsls	r2, r5, #1
100064ac:	4293      	cmp	r3, r2
100064ae:	dbe7      	blt.n	10006480 <tu_fifo_read_n+0xa4>
100064b0:	e7e4      	b.n	1000647c <tu_fifo_read_n+0xa0>
100064b2:	006f      	lsls	r7, r5, #1
100064b4:	1b3f      	subs	r7, r7, r4
100064b6:	19df      	adds	r7, r3, r7
100064b8:	b2bf      	uxth	r7, r7
100064ba:	e7a7      	b.n	1000640c <tu_fifo_read_n+0x30>
100064bc:	1b5b      	subs	r3, r3, r5
100064be:	b29c      	uxth	r4, r3
100064c0:	e7ac      	b.n	1000641c <tu_fifo_read_n+0x40>
100064c2:	46c0      	nop			@ (mov r8, r8)

100064c4 <tu_fifo_write>:
100064c4:	b5f8      	push	{r3, r4, r5, r6, r7, lr}
100064c6:	0004      	movs	r4, r0
100064c8:	68c0      	ldr	r0, [r0, #12]
100064ca:	000e      	movs	r6, r1
100064cc:	2800      	cmp	r0, #0
100064ce:	d003      	beq.n	100064d8 <tu_fifo_write+0x14>
100064d0:	2101      	movs	r1, #1
100064d2:	4249      	negs	r1, r1
100064d4:	f000 f9c0 	bl	10006858 <__mutex_enter_timeout_ms_veneer>
100064d8:	8925      	ldrh	r5, [r4, #8]
100064da:	8920      	ldrh	r0, [r4, #8]
100064dc:	8961      	ldrh	r1, [r4, #10]
100064de:	88a2      	ldrh	r2, [r4, #4]
100064e0:	b2ad      	uxth	r5, r5
100064e2:	b283      	uxth	r3, r0
100064e4:	b28f      	uxth	r7, r1
100064e6:	4288      	cmp	r0, r1
100064e8:	d329      	bcc.n	1000653e <tu_fifo_write+0x7a>
100064ea:	1bdb      	subs	r3, r3, r7
100064ec:	b29b      	uxth	r3, r3
100064ee:	429a      	cmp	r2, r3
100064f0:	d809      	bhi.n	10006506 <tu_fifo_write+0x42>
100064f2:	79e7      	ldrb	r7, [r4, #7]
100064f4:	09ff      	lsrs	r7, r7, #7
100064f6:	d106      	bne.n	10006506 <tu_fifo_write+0x42>
100064f8:	68e0      	ldr	r0, [r4, #12]
100064fa:	2800      	cmp	r0, #0
100064fc:	d001      	beq.n	10006502 <tu_fifo_write+0x3e>
100064fe:	f000 f98b 	bl	10006818 <__mutex_exit_veneer>
10006502:	0038      	movs	r0, r7
10006504:	bdf8      	pop	{r3, r4, r5, r6, r7, pc}
10006506:	4295      	cmp	r5, r2
10006508:	d31e      	bcc.n	10006548 <tu_fifo_write+0x84>
1000650a:	002b      	movs	r3, r5
1000650c:	1a9b      	subs	r3, r3, r2
1000650e:	b29b      	uxth	r3, r3
10006510:	4293      	cmp	r3, r2
10006512:	d2fb      	bcs.n	1000650c <tu_fifo_write+0x48>
10006514:	88e2      	ldrh	r2, [r4, #6]
10006516:	6820      	ldr	r0, [r4, #0]
10006518:	0452      	lsls	r2, r2, #17
1000651a:	0c52      	lsrs	r2, r2, #17
1000651c:	4353      	muls	r3, r2
1000651e:	0031      	movs	r1, r6
10006520:	18c0      	adds	r0, r0, r3
10006522:	f7fc f869 	bl	100025f8 <__wrap___aeabi_memcpy>
10006526:	1c6b      	adds	r3, r5, #1
10006528:	b29b      	uxth	r3, r3
1000652a:	88a2      	ldrh	r2, [r4, #4]
1000652c:	429d      	cmp	r5, r3
1000652e:	d918      	bls.n	10006562 <tu_fifo_write+0x9e>
10006530:	2300      	movs	r3, #0
10006532:	0052      	lsls	r2, r2, #1
10006534:	1a9b      	subs	r3, r3, r2
10006536:	b29b      	uxth	r3, r3
10006538:	2701      	movs	r7, #1
1000653a:	8123      	strh	r3, [r4, #8]
1000653c:	e7dc      	b.n	100064f8 <tu_fifo_write+0x34>
1000653e:	0051      	lsls	r1, r2, #1
10006540:	1bc9      	subs	r1, r1, r7
10006542:	185b      	adds	r3, r3, r1
10006544:	b29b      	uxth	r3, r3
10006546:	e7d2      	b.n	100064ee <tu_fifo_write+0x2a>
10006548:	002b      	movs	r3, r5
1000654a:	88e2      	ldrh	r2, [r4, #6]
1000654c:	6820      	ldr	r0, [r4, #0]
1000654e:	0452      	lsls	r2, r2, #17
10006550:	0c52      	lsrs	r2, r2, #17
10006552:	4353      	muls	r3, r2
10006554:	0031      	movs	r1, r6
10006556:	18c0      	adds	r0, r0, r3
10006558:	f7fc f84e 	bl	100025f8 <__wrap___aeabi_memcpy>
1000655c:	3501      	adds	r5, #1
1000655e:	88a2      	ldrh	r2, [r4, #4]
10006560:	b2ab      	uxth	r3, r5
10006562:	0052      	lsls	r2, r2, #1
10006564:	4293      	cmp	r3, r2
10006566:	dbe7      	blt.n	10006538 <tu_fifo_write+0x74>
10006568:	e7e4      	b.n	10006534 <tu_fifo_write+0x70>
1000656a:	46c0      	nop			@ (mov r8, r8)

1000656c <tu_fifo_write_n>:
1000656c:	b5f0      	push	{r4, r5, r6, r7, lr}
1000656e:	4657      	mov	r7, sl
10006570:	4645      	mov	r5, r8
10006572:	46de      	mov	lr, fp
10006574:	464e      	mov	r6, r9
10006576:	b5e0      	push	{r5, r6, r7, lr}
10006578:	0014      	movs	r4, r2
1000657a:	0005      	movs	r5, r0
1000657c:	000f      	movs	r7, r1
1000657e:	b083      	sub	sp, #12
10006580:	2a00      	cmp	r2, #0
10006582:	d075      	beq.n	10006670 <tu_fifo_write_n+0x104>
10006584:	68c0      	ldr	r0, [r0, #12]
10006586:	2800      	cmp	r0, #0
10006588:	d003      	beq.n	10006592 <tu_fifo_write_n+0x26>
1000658a:	2101      	movs	r1, #1
1000658c:	4249      	negs	r1, r1
1000658e:	f000 f963 	bl	10006858 <__mutex_enter_timeout_ms_veneer>
10006592:	892e      	ldrh	r6, [r5, #8]
10006594:	79e9      	ldrb	r1, [r5, #7]
10006596:	896a      	ldrh	r2, [r5, #10]
10006598:	88ab      	ldrh	r3, [r5, #4]
1000659a:	b2b6      	uxth	r6, r6
1000659c:	b292      	uxth	r2, r2
1000659e:	09c9      	lsrs	r1, r1, #7
100065a0:	d145      	bne.n	1000662e <tu_fifo_write_n+0xc2>
100065a2:	4296      	cmp	r6, r2
100065a4:	d300      	bcc.n	100065a8 <tu_fifo_write_n+0x3c>
100065a6:	e06d      	b.n	10006684 <tu_fifo_write_n+0x118>
100065a8:	0059      	lsls	r1, r3, #1
100065aa:	1a8a      	subs	r2, r1, r2
100065ac:	18b2      	adds	r2, r6, r2
100065ae:	b292      	uxth	r2, r2
100065b0:	2100      	movs	r1, #0
100065b2:	4689      	mov	r9, r1
100065b4:	429a      	cmp	r2, r3
100065b6:	d234      	bcs.n	10006622 <tu_fifo_write_n+0xb6>
100065b8:	1a9a      	subs	r2, r3, r2
100065ba:	1c11      	adds	r1, r2, #0
100065bc:	b292      	uxth	r2, r2
100065be:	42a2      	cmp	r2, r4
100065c0:	d900      	bls.n	100065c4 <tu_fifo_write_n+0x58>
100065c2:	1c21      	adds	r1, r4, #0
100065c4:	b28a      	uxth	r2, r1
100065c6:	4691      	mov	r9, r2
100065c8:	88ea      	ldrh	r2, [r5, #6]
100065ca:	0452      	lsls	r2, r2, #17
100065cc:	0c52      	lsrs	r2, r2, #17
100065ce:	4690      	mov	r8, r2
100065d0:	464a      	mov	r2, r9
100065d2:	18b2      	adds	r2, r6, r2
100065d4:	b292      	uxth	r2, r2
100065d6:	4692      	mov	sl, r2
100065d8:	464a      	mov	r2, r9
100065da:	1ad2      	subs	r2, r2, r3
100065dc:	b292      	uxth	r2, r2
100065de:	4693      	mov	fp, r2
100065e0:	0034      	movs	r4, r6
100065e2:	429e      	cmp	r6, r3
100065e4:	d303      	bcc.n	100065ee <tu_fifo_write_n+0x82>
100065e6:	1ae4      	subs	r4, r4, r3
100065e8:	b2a4      	uxth	r4, r4
100065ea:	429c      	cmp	r4, r3
100065ec:	d2fb      	bcs.n	100065e6 <tu_fifo_write_n+0x7a>
100065ee:	4642      	mov	r2, r8
100065f0:	4362      	muls	r2, r4
100065f2:	6828      	ldr	r0, [r5, #0]
100065f4:	1b1b      	subs	r3, r3, r4
100065f6:	b29b      	uxth	r3, r3
100065f8:	1880      	adds	r0, r0, r2
100065fa:	4642      	mov	r2, r8
100065fc:	454b      	cmp	r3, r9
100065fe:	d354      	bcc.n	100066aa <tu_fifo_write_n+0x13e>
10006600:	464b      	mov	r3, r9
10006602:	0039      	movs	r1, r7
10006604:	435a      	muls	r2, r3
10006606:	f7fb fff7 	bl	100025f8 <__wrap___aeabi_memcpy>
1000660a:	88ab      	ldrh	r3, [r5, #4]
1000660c:	005b      	lsls	r3, r3, #1
1000660e:	4556      	cmp	r6, sl
10006610:	d801      	bhi.n	10006616 <tu_fifo_write_n+0xaa>
10006612:	459a      	cmp	sl, r3
10006614:	db03      	blt.n	1000661e <tu_fifo_write_n+0xb2>
10006616:	4652      	mov	r2, sl
10006618:	1ad3      	subs	r3, r2, r3
1000661a:	b29b      	uxth	r3, r3
1000661c:	469a      	mov	sl, r3
1000661e:	4653      	mov	r3, sl
10006620:	812b      	strh	r3, [r5, #8]
10006622:	68e8      	ldr	r0, [r5, #12]
10006624:	2800      	cmp	r0, #0
10006626:	d025      	beq.n	10006674 <tu_fifo_write_n+0x108>
10006628:	f000 f8f6 	bl	10006818 <__mutex_exit_veneer>
1000662c:	e022      	b.n	10006674 <tu_fifo_write_n+0x108>
1000662e:	88e9      	ldrh	r1, [r5, #6]
10006630:	0449      	lsls	r1, r1, #17
10006632:	0c49      	lsrs	r1, r1, #17
10006634:	4688      	mov	r8, r1
10006636:	429c      	cmp	r4, r3
10006638:	d227      	bcs.n	1000668a <tu_fifo_write_n+0x11e>
1000663a:	4296      	cmp	r6, r2
1000663c:	d347      	bcc.n	100066ce <tu_fifo_write_n+0x162>
1000663e:	1ab1      	subs	r1, r6, r2
10006640:	b289      	uxth	r1, r1
10006642:	468c      	mov	ip, r1
10006644:	0058      	lsls	r0, r3, #1
10006646:	1ae1      	subs	r1, r4, r3
10006648:	b289      	uxth	r1, r1
1000664a:	468b      	mov	fp, r1
1000664c:	4661      	mov	r1, ip
1000664e:	1909      	adds	r1, r1, r4
10006650:	4281      	cmp	r1, r0
10006652:	db08      	blt.n	10006666 <tu_fifo_write_n+0xfa>
10006654:	18d1      	adds	r1, r2, r3
10006656:	b289      	uxth	r1, r1
10006658:	1b0e      	subs	r6, r1, r4
1000665a:	b2b6      	uxth	r6, r6
1000665c:	468a      	mov	sl, r1
1000665e:	42b2      	cmp	r2, r6
10006660:	d93b      	bls.n	100066da <tu_fifo_write_n+0x16e>
10006662:	1a36      	subs	r6, r6, r0
10006664:	b2b6      	uxth	r6, r6
10006666:	19a2      	adds	r2, r4, r6
10006668:	b292      	uxth	r2, r2
1000666a:	4692      	mov	sl, r2
1000666c:	46a1      	mov	r9, r4
1000666e:	e7b7      	b.n	100065e0 <tu_fifo_write_n+0x74>
10006670:	2300      	movs	r3, #0
10006672:	4699      	mov	r9, r3
10006674:	4648      	mov	r0, r9
10006676:	b003      	add	sp, #12
10006678:	bcf0      	pop	{r4, r5, r6, r7}
1000667a:	46bb      	mov	fp, r7
1000667c:	46b2      	mov	sl, r6
1000667e:	46a9      	mov	r9, r5
10006680:	46a0      	mov	r8, r4
10006682:	bdf0      	pop	{r4, r5, r6, r7, pc}
10006684:	1ab2      	subs	r2, r6, r2
10006686:	b292      	uxth	r2, r2
10006688:	e792      	b.n	100065b0 <tu_fifo_write_n+0x44>
1000668a:	2100      	movs	r1, #0
1000668c:	4689      	mov	r9, r1
1000668e:	2b00      	cmp	r3, #0
10006690:	d0c7      	beq.n	10006622 <tu_fifo_write_n+0xb6>
10006692:	4641      	mov	r1, r8
10006694:	1ae4      	subs	r4, r4, r3
10006696:	434c      	muls	r4, r1
10006698:	0016      	movs	r6, r2
1000669a:	18d1      	adds	r1, r2, r3
1000669c:	2200      	movs	r2, #0
1000669e:	b289      	uxth	r1, r1
100066a0:	468a      	mov	sl, r1
100066a2:	4699      	mov	r9, r3
100066a4:	4693      	mov	fp, r2
100066a6:	193f      	adds	r7, r7, r4
100066a8:	e79a      	b.n	100065e0 <tu_fifo_write_n+0x74>
100066aa:	4353      	muls	r3, r2
100066ac:	b29b      	uxth	r3, r3
100066ae:	001a      	movs	r2, r3
100066b0:	0039      	movs	r1, r7
100066b2:	445c      	add	r4, fp
100066b4:	9301      	str	r3, [sp, #4]
100066b6:	f7fb ff9f 	bl	100025f8 <__wrap___aeabi_memcpy>
100066ba:	4641      	mov	r1, r8
100066bc:	0022      	movs	r2, r4
100066be:	434a      	muls	r2, r1
100066c0:	9b01      	ldr	r3, [sp, #4]
100066c2:	6828      	ldr	r0, [r5, #0]
100066c4:	b292      	uxth	r2, r2
100066c6:	18f9      	adds	r1, r7, r3
100066c8:	f7fb ff96 	bl	100025f8 <__wrap___aeabi_memcpy>
100066cc:	e79d      	b.n	1000660a <tu_fifo_write_n+0x9e>
100066ce:	0058      	lsls	r0, r3, #1
100066d0:	1a81      	subs	r1, r0, r2
100066d2:	1871      	adds	r1, r6, r1
100066d4:	b289      	uxth	r1, r1
100066d6:	468c      	mov	ip, r1
100066d8:	e7b5      	b.n	10006646 <tu_fifo_write_n+0xda>
100066da:	46a1      	mov	r9, r4
100066dc:	42b0      	cmp	r0, r6
100066de:	dd00      	ble.n	100066e2 <tu_fifo_write_n+0x176>
100066e0:	e77e      	b.n	100065e0 <tu_fifo_write_n+0x74>
100066e2:	e7be      	b.n	10006662 <tu_fifo_write_n+0xf6>

100066e4 <tu_fifo_clear>:
100066e4:	b510      	push	{r4, lr}
100066e6:	0004      	movs	r4, r0
100066e8:	68c0      	ldr	r0, [r0, #12]
100066ea:	2800      	cmp	r0, #0
100066ec:	d003      	beq.n	100066f6 <tu_fifo_clear+0x12>
100066ee:	2101      	movs	r1, #1
100066f0:	4249      	negs	r1, r1
100066f2:	f000 f8b1 	bl	10006858 <__mutex_enter_timeout_ms_veneer>
100066f6:	6920      	ldr	r0, [r4, #16]
100066f8:	2800      	cmp	r0, #0
100066fa:	d003      	beq.n	10006704 <tu_fifo_clear+0x20>
100066fc:	2101      	movs	r1, #1
100066fe:	4249      	negs	r1, r1
10006700:	f000 f8aa 	bl	10006858 <__mutex_enter_timeout_ms_veneer>
10006704:	2300      	movs	r3, #0
10006706:	68e0      	ldr	r0, [r4, #12]
10006708:	8163      	strh	r3, [r4, #10]
1000670a:	8123      	strh	r3, [r4, #8]
1000670c:	2800      	cmp	r0, #0
1000670e:	d001      	beq.n	10006714 <tu_fifo_clear+0x30>
10006710:	f000 f882 	bl	10006818 <__mutex_exit_veneer>
10006714:	6920      	ldr	r0, [r4, #16]
10006716:	2800      	cmp	r0, #0
10006718:	d001      	beq.n	1000671e <tu_fifo_clear+0x3a>
1000671a:	f000 f87d 	bl	10006818 <__mutex_exit_veneer>
1000671e:	2001      	movs	r0, #1
10006720:	bd10      	pop	{r4, pc}
10006722:	46c0      	nop			@ (mov r8, r8)

10006724 <tu_fifo_set_overwritable>:
10006724:	b570      	push	{r4, r5, r6, lr}
10006726:	0004      	movs	r4, r0
10006728:	68c0      	ldr	r0, [r0, #12]
1000672a:	000d      	movs	r5, r1
1000672c:	2800      	cmp	r0, #0
1000672e:	d003      	beq.n	10006738 <tu_fifo_set_overwritable+0x14>
10006730:	2101      	movs	r1, #1
10006732:	4249      	negs	r1, r1
10006734:	f000 f890 	bl	10006858 <__mutex_enter_timeout_ms_veneer>
10006738:	6920      	ldr	r0, [r4, #16]
1000673a:	2800      	cmp	r0, #0
1000673c:	d003      	beq.n	10006746 <tu_fifo_set_overwritable+0x22>
1000673e:	2101      	movs	r1, #1
10006740:	4249      	negs	r1, r1
10006742:	f000 f889 	bl	10006858 <__mutex_enter_timeout_ms_veneer>
10006746:	217f      	movs	r1, #127	@ 0x7f
10006748:	79e3      	ldrb	r3, [r4, #7]
1000674a:	01ed      	lsls	r5, r5, #7
1000674c:	4019      	ands	r1, r3
1000674e:	68e0      	ldr	r0, [r4, #12]
10006750:	4329      	orrs	r1, r5
10006752:	71e1      	strb	r1, [r4, #7]
10006754:	2800      	cmp	r0, #0
10006756:	d001      	beq.n	1000675c <tu_fifo_set_overwritable+0x38>
10006758:	f000 f85e 	bl	10006818 <__mutex_exit_veneer>
1000675c:	6920      	ldr	r0, [r4, #16]
1000675e:	2800      	cmp	r0, #0
10006760:	d001      	beq.n	10006766 <tu_fifo_set_overwritable+0x42>
10006762:	f000 f859 	bl	10006818 <__mutex_exit_veneer>
10006766:	2001      	movs	r0, #1
10006768:	bd70      	pop	{r4, r5, r6, pc}
1000676a:	46c0      	nop			@ (mov r8, r8)

1000676c <adc_init>:
1000676c:	2301      	movs	r3, #1
1000676e:	2101      	movs	r1, #1
10006770:	4a08      	ldr	r2, [pc, #32]	@ (10006794 <adc_init+0x28>)
10006772:	6013      	str	r3, [r2, #0]
10006774:	4a08      	ldr	r2, [pc, #32]	@ (10006798 <adc_init+0x2c>)
10006776:	6013      	str	r3, [r2, #0]
10006778:	4a08      	ldr	r2, [pc, #32]	@ (1000679c <adc_init+0x30>)
1000677a:	0008      	movs	r0, r1
1000677c:	6813      	ldr	r3, [r2, #0]
1000677e:	4398      	bics	r0, r3
10006780:	d1fb      	bne.n	1000677a <adc_init+0xe>
10006782:	4a07      	ldr	r2, [pc, #28]	@ (100067a0 <adc_init+0x34>)
10006784:	6011      	str	r1, [r2, #0]
10006786:	2180      	movs	r1, #128	@ 0x80
10006788:	0049      	lsls	r1, r1, #1
1000678a:	6813      	ldr	r3, [r2, #0]
1000678c:	420b      	tst	r3, r1
1000678e:	d0fc      	beq.n	1000678a <adc_init+0x1e>
10006790:	4770      	bx	lr
10006792:	46c0      	nop			@ (mov r8, r8)
10006794:	4000e000 	.word	0x4000e000
10006798:	4000f000 	.word	0x4000f000
1000679c:	4000c008 	.word	0x4000c008
100067a0:	4004c000 	.word	0x4004c000

100067a4 <strlen>:
100067a4:	b510      	push	{r4, lr}
100067a6:	0783      	lsls	r3, r0, #30
100067a8:	d00a      	beq.n	100067c0 <strlen+0x1c>
100067aa:	0003      	movs	r3, r0
100067ac:	2103      	movs	r1, #3
100067ae:	e002      	b.n	100067b6 <strlen+0x12>
100067b0:	3301      	adds	r3, #1
100067b2:	420b      	tst	r3, r1
100067b4:	d005      	beq.n	100067c2 <strlen+0x1e>
100067b6:	781a      	ldrb	r2, [r3, #0]
100067b8:	2a00      	cmp	r2, #0
100067ba:	d1f9      	bne.n	100067b0 <strlen+0xc>
100067bc:	1a18      	subs	r0, r3, r0
100067be:	bd10      	pop	{r4, pc}
100067c0:	0003      	movs	r3, r0
100067c2:	6819      	ldr	r1, [r3, #0]
100067c4:	4a0c      	ldr	r2, [pc, #48]	@ (100067f8 <strlen+0x54>)
100067c6:	4c0d      	ldr	r4, [pc, #52]	@ (100067fc <strlen+0x58>)
100067c8:	188a      	adds	r2, r1, r2
100067ca:	438a      	bics	r2, r1
100067cc:	4222      	tst	r2, r4
100067ce:	d10f      	bne.n	100067f0 <strlen+0x4c>
100067d0:	6859      	ldr	r1, [r3, #4]
100067d2:	4a09      	ldr	r2, [pc, #36]	@ (100067f8 <strlen+0x54>)
100067d4:	3304      	adds	r3, #4
100067d6:	188a      	adds	r2, r1, r2
100067d8:	438a      	bics	r2, r1
100067da:	4222      	tst	r2, r4
100067dc:	d108      	bne.n	100067f0 <strlen+0x4c>
100067de:	6859      	ldr	r1, [r3, #4]
100067e0:	4a05      	ldr	r2, [pc, #20]	@ (100067f8 <strlen+0x54>)
100067e2:	3304      	adds	r3, #4
100067e4:	188a      	adds	r2, r1, r2
100067e6:	438a      	bics	r2, r1
100067e8:	4222      	tst	r2, r4
100067ea:	d0f1      	beq.n	100067d0 <strlen+0x2c>
100067ec:	e000      	b.n	100067f0 <strlen+0x4c>
100067ee:	3301      	adds	r3, #1
100067f0:	781a      	ldrb	r2, [r3, #0]
100067f2:	2a00      	cmp	r2, #0
100067f4:	d1fb      	bne.n	100067ee <strlen+0x4a>
100067f6:	e7e1      	b.n	100067bc <strlen+0x18>
100067f8:	fefefeff 	.word	0xfefefeff
100067fc:	80808080 	.word	0x80808080

10006800 <_fini>:
10006800:	b5f8      	push	{r3, r4, r5, r6, r7, lr}
10006802:	46c0      	nop			@ (mov r8, r8)
10006804:	0000      	movs	r0, r0
	...

10006808 <__flash_do_cmd_veneer>:
10006808:	b401      	push	{r0}
1000680a:	4802      	ldr	r0, [pc, #8]	@ (10006814 <__flash_do_cmd_veneer+0xc>)
1000680c:	4684      	mov	ip, r0
1000680e:	bc01      	pop	{r0}
10006810:	4760      	bx	ip
10006812:	bf00      	nop
10006814:	200002c9 	.word	0x200002c9

10006818 <__mutex_exit_veneer>:
10006818:	b401      	push	{r0}
1000681a:	4802      	ldr	r0, [pc, #8]	@ (10006824 <__mutex_exit_veneer+0xc>)
1000681c:	4684      	mov	ip, r0
1000681e:	bc01      	pop	{r0}
10006820:	4760      	bx	ip
10006822:	bf00      	nop
10006824:	2000022d 	.word	0x2000022d

10006828 <____aeabi_ldiv0_veneer>:
10006828:	b401      	push	{r0}
1000682a:	4802      	ldr	r0, [pc, #8]	@ (10006834 <____aeabi_ldiv0_veneer+0xc>)
1000682c:	4684      	mov	ip, r0
1000682e:	bc01      	pop	{r0}
10006830:	4760      	bx	ip
10006832:	bf00      	nop
10006834:	20000f11 	.word	0x20000f11

10006838 <____aeabi_idiv0_veneer>:
10006838:	b401      	push	{r0}
1000683a:	4802      	ldr	r0, [pc, #8]	@ (10006844 <____aeabi_idiv0_veneer+0xc>)
1000683c:	4684      	mov	ip, r0
1000683e:	bc01      	pop	{r0}
10006840:	4760      	bx	ip
10006842:	bf00      	nop
10006844:	20000f11 	.word	0x20000f11

10006848 <__mutex_try_enter_veneer>:
10006848:	b401      	push	{r0}
1000684a:	4802      	ldr	r0, [pc, #8]	@ (10006854 <__mutex_try_enter_veneer+0xc>)
1000684c:	4684      	mov	ip, r0
1000684e:	bc01      	pop	{r0}
10006850:	4760      	bx	ip
10006852:	bf00      	nop
10006854:	200000c1 	.word	0x200000c1

10006858 <__mutex_enter_timeout_ms_veneer>:
10006858:	b401      	push	{r0}
1000685a:	4802      	ldr	r0, [pc, #8]	@ (10006864 <__mutex_enter_timeout_ms_veneer+0xc>)
1000685c:	4684      	mov	ip, r0
1000685e:	bc01      	pop	{r0}
10006860:	4760      	bx	ip
10006862:	bf00      	nop
10006864:	2000019d 	.word	0x2000019d

10006868 <__reset_non_control_endpoints_veneer>:
10006868:	b401      	push	{r0}
1000686a:	4802      	ldr	r0, [pc, #8]	@ (10006874 <__reset_non_control_endpoints_veneer+0xc>)
1000686c:	4684      	mov	ip, r0
1000686e:	bc01      	pop	{r0}
10006870:	4760      	bx	ip
10006872:	bf00      	nop
10006874:	20000389 	.word	0x20000389

10006878 <__mutex_try_enter_block_until_veneer>:
10006878:	b401      	push	{r0}
1000687a:	4802      	ldr	r0, [pc, #8]	@ (10006884 <__mutex_try_enter_block_until_veneer+0xc>)
1000687c:	4684      	mov	ip, r0
1000687e:	bc01      	pop	{r0}
10006880:	4760      	bx	ip
10006882:	bf00      	nop
10006884:	20000101 	.word	0x20000101

10006888 <__hw_endpoint_start_next_buffer_veneer>:
10006888:	b401      	push	{r0}
1000688a:	4802      	ldr	r0, [pc, #8]	@ (10006894 <__hw_endpoint_start_next_buffer_veneer+0xc>)
1000688c:	4684      	mov	ip, r0
1000688e:	bc01      	pop	{r0}
10006890:	4760      	bx	ip
10006892:	bf00      	nop
10006894:	20000c81 	.word	0x20000c81

10006898 <___hw_endpoint_buffer_control_update32_veneer>:
10006898:	b401      	push	{r0}
1000689a:	4802      	ldr	r0, [pc, #8]	@ (100068a4 <___hw_endpoint_buffer_control_update32_veneer+0xc>)
1000689c:	4684      	mov	ip, r0
1000689e:	bc01      	pop	{r0}
100068a0:	4760      	bx	ip
100068a2:	bf00      	nop
100068a4:	20000c31 	.word	0x20000c31

100068a8 <__e15_is_critical_frame_period_veneer>:
100068a8:	b401      	push	{r0}
100068aa:	4802      	ldr	r0, [pc, #8]	@ (100068b4 <__e15_is_critical_frame_period_veneer+0xc>)
100068ac:	4684      	mov	ip, r0
100068ae:	bc01      	pop	{r0}
100068b0:	4760      	bx	ip
100068b2:	bf00      	nop
100068b4:	20000bf1 	.word	0x20000bf1

100068b8 <__e15_is_bulkin_ep_veneer>:
100068b8:	b401      	push	{r0}
100068ba:	4802      	ldr	r0, [pc, #8]	@ (100068c4 <__e15_is_bulkin_ep_veneer+0xc>)
100068bc:	4684      	mov	ip, r0
100068be:	bc01      	pop	{r0}
100068c0:	4760      	bx	ip
100068c2:	bf00      	nop
100068c4:	20000bc9 	.word	0x20000bc9

100068c8 <__pre_init_runtime_init_early_resets>:
100068c8:	10001685                                ....

100068cc <__pre_init_runtime_init_usb_power_down>:
100068cc:	100016b1 100017fd 100025dd 10001f15     .........%......
100068dc:	1000254d                                M%..

100068e0 <__pre_init_runtime_init_clocks>:
100068e0:	10001725                                %...

100068e4 <__pre_init_runtime_init_post_clock_resets>:
100068e4:	100016cd                                ....

100068e8 <__pre_init_runtime_init_rp2040_gpio_ie_disable>:
100068e8:	100016ed                                ....

100068ec <__pre_init_runtime_init_spin_locks_reset>:
100068ec:	10001701                                ....

100068f0 <__pre_init_runtime_init_mutex>:
100068f0:	100009c1                                ....

100068f4 <__pre_init_runtime_init_install_ram_vector_table>:
100068f4:	10001709                                ....

100068f8 <__pre_init_runtime_init_default_alarm_pool>:
100068f8:	10000d71                                q...

100068fc <__pre_init_first_per_core_initializer>:
100068fc:	1000164d                                M...

10006900 <__pre_init_runtime_init_per_core_irq_priorities>:
10006900:	100005ed                                ....

10006904 <__frame_dummy_init_array_entry>:
10006904:	100002b1 10004741                       ....AG..

Disassembly of section .data:

200000c0 <mutex_try_enter>:
200000c0:	0003      	movs	r3, r0
200000c2:	6800      	ldr	r0, [r0, #0]
200000c4:	f3ef 8c10 	mrs	ip, PRIMASK
200000c8:	b672      	cpsid	i
200000ca:	6802      	ldr	r2, [r0, #0]
200000cc:	2a00      	cmp	r2, #0
200000ce:	d0fc      	beq.n	200000ca <mutex_try_enter+0xa>
200000d0:	f3bf 8f5f 	dmb	sy
200000d4:	2204      	movs	r2, #4
200000d6:	569a      	ldrsb	r2, [r3, r2]
200000d8:	2a00      	cmp	r2, #0
200000da:	db04      	blt.n	200000e6 <mutex_try_enter+0x26>
200000dc:	2900      	cmp	r1, #0
200000de:	d000      	beq.n	200000e2 <mutex_try_enter+0x22>
200000e0:	600a      	str	r2, [r1, #0]
200000e2:	2000      	movs	r0, #0
200000e4:	e004      	b.n	200000f0 <mutex_try_enter+0x30>
200000e6:	22d0      	movs	r2, #208	@ 0xd0
200000e8:	2001      	movs	r0, #1
200000ea:	0612      	lsls	r2, r2, #24
200000ec:	6812      	ldr	r2, [r2, #0]
200000ee:	711a      	strb	r2, [r3, #4]
200000f0:	681b      	ldr	r3, [r3, #0]
200000f2:	f3bf 8f5f 	dmb	sy
200000f6:	2200      	movs	r2, #0
200000f8:	601a      	str	r2, [r3, #0]
200000fa:	f38c 8810 	msr	PRIMASK, ip
200000fe:	4770      	bx	lr

20000100 <mutex_try_enter_block_until>:
20000100:	b5f0      	push	{r4, r5, r6, r7, lr}
20000102:	46c6      	mov	lr, r8
20000104:	0015      	movs	r5, r2
20000106:	b500      	push	{lr}
20000108:	0004      	movs	r4, r0
2000010a:	001e      	movs	r6, r3
2000010c:	6802      	ldr	r2, [r0, #0]
2000010e:	f3ef 8110 	mrs	r1, PRIMASK
20000112:	b672      	cpsid	i
20000114:	6813      	ldr	r3, [r2, #0]
20000116:	2b00      	cmp	r3, #0
20000118:	d0fc      	beq.n	20000114 <mutex_try_enter_block_until+0x14>
2000011a:	f3bf 8f5f 	dmb	sy
2000011e:	2304      	movs	r3, #4
20000120:	56e3      	ldrsb	r3, [r4, r3]
20000122:	2b00      	cmp	r3, #0
20000124:	db2d      	blt.n	20000182 <mutex_try_enter_block_until+0x82>
20000126:	6822      	ldr	r2, [r4, #0]
20000128:	f3bf 8f5f 	dmb	sy
2000012c:	2000      	movs	r0, #0
2000012e:	6010      	str	r0, [r2, #0]
20000130:	f381 8810 	msr	PRIMASK, r1
20000134:	22d0      	movs	r2, #208	@ 0xd0
20000136:	0612      	lsls	r2, r2, #24
20000138:	7812      	ldrb	r2, [r2, #0]
2000013a:	b252      	sxtb	r2, r2
2000013c:	4690      	mov	r8, r2
2000013e:	429a      	cmp	r2, r3
20000140:	d103      	bne.n	2000014a <mutex_try_enter_block_until+0x4a>
20000142:	2000      	movs	r0, #0
20000144:	bc80      	pop	{r7}
20000146:	46b8      	mov	r8, r7
20000148:	bdf0      	pop	{r4, r5, r6, r7, pc}
2000014a:	2700      	movs	r7, #0
2000014c:	e00b      	b.n	20000166 <mutex_try_enter_block_until+0x66>
2000014e:	6823      	ldr	r3, [r4, #0]
20000150:	f3bf 8f5f 	dmb	sy
20000154:	601f      	str	r7, [r3, #0]
20000156:	f381 8810 	msr	PRIMASK, r1
2000015a:	0028      	movs	r0, r5
2000015c:	0031      	movs	r1, r6
2000015e:	f000 fee3 	bl	20000f28 <__best_effort_wfe_or_timeout_veneer>
20000162:	2800      	cmp	r0, #0
20000164:	d1ed      	bne.n	20000142 <mutex_try_enter_block_until+0x42>
20000166:	6822      	ldr	r2, [r4, #0]
20000168:	f3ef 8110 	mrs	r1, PRIMASK
2000016c:	b672      	cpsid	i
2000016e:	6813      	ldr	r3, [r2, #0]
20000170:	2b00      	cmp	r3, #0
20000172:	d0fc      	beq.n	2000016e <mutex_try_enter_block_until+0x6e>
20000174:	f3bf 8f5f 	dmb	sy
20000178:	7923      	ldrb	r3, [r4, #4]
2000017a:	2b7f      	cmp	r3, #127	@ 0x7f
2000017c:	d9e7      	bls.n	2000014e <mutex_try_enter_block_until+0x4e>
2000017e:	4643      	mov	r3, r8
20000180:	e002      	b.n	20000188 <mutex_try_enter_block_until+0x88>
20000182:	23d0      	movs	r3, #208	@ 0xd0
20000184:	061b      	lsls	r3, r3, #24
20000186:	681b      	ldr	r3, [r3, #0]
20000188:	7123      	strb	r3, [r4, #4]
2000018a:	6823      	ldr	r3, [r4, #0]
2000018c:	f3bf 8f5f 	dmb	sy
20000190:	2200      	movs	r2, #0
20000192:	601a      	str	r2, [r3, #0]
20000194:	f381 8810 	msr	PRIMASK, r1
20000198:	2001      	movs	r0, #1
2000019a:	e7d3      	b.n	20000144 <mutex_try_enter_block_until+0x44>

2000019c <mutex_enter_timeout_ms>:
2000019c:	b5f0      	push	{r4, r5, r6, r7, lr}
2000019e:	46c6      	mov	lr, r8
200001a0:	b500      	push	{lr}
200001a2:	000d      	movs	r5, r1
200001a4:	0004      	movs	r4, r0
200001a6:	f000 fecf 	bl	20000f48 <__time_us_64_veneer>
200001aa:	22fa      	movs	r2, #250	@ 0xfa
200001ac:	0006      	movs	r6, r0
200001ae:	000f      	movs	r7, r1
200001b0:	2300      	movs	r3, #0
200001b2:	0028      	movs	r0, r5
200001b4:	2100      	movs	r1, #0
200001b6:	0092      	lsls	r2, r2, #2
200001b8:	f000 febe 	bl	20000f38 <____wrap___aeabi_lmul_veneer>
200001bc:	2380      	movs	r3, #128	@ 0x80
200001be:	1836      	adds	r6, r6, r0
200001c0:	414f      	adcs	r7, r1
200001c2:	061b      	lsls	r3, r3, #24
200001c4:	429f      	cmp	r7, r3
200001c6:	d302      	bcc.n	200001ce <mutex_enter_timeout_ms+0x32>
200001c8:	2601      	movs	r6, #1
200001ca:	4f17      	ldr	r7, [pc, #92]	@ (20000228 <mutex_enter_timeout_ms+0x8c>)
200001cc:	4276      	negs	r6, r6
200001ce:	23d0      	movs	r3, #208	@ 0xd0
200001d0:	061b      	lsls	r3, r3, #24
200001d2:	681b      	ldr	r3, [r3, #0]
200001d4:	2500      	movs	r5, #0
200001d6:	4698      	mov	r8, r3
200001d8:	e00b      	b.n	200001f2 <mutex_enter_timeout_ms+0x56>
200001da:	6823      	ldr	r3, [r4, #0]
200001dc:	f3bf 8f5f 	dmb	sy
200001e0:	601d      	str	r5, [r3, #0]
200001e2:	f381 8810 	msr	PRIMASK, r1
200001e6:	0030      	movs	r0, r6
200001e8:	0039      	movs	r1, r7
200001ea:	f000 fe9d 	bl	20000f28 <__best_effort_wfe_or_timeout_veneer>
200001ee:	2800      	cmp	r0, #0
200001f0:	d118      	bne.n	20000224 <mutex_enter_timeout_ms+0x88>
200001f2:	6822      	ldr	r2, [r4, #0]
200001f4:	f3ef 8110 	mrs	r1, PRIMASK
200001f8:	b672      	cpsid	i
200001fa:	6813      	ldr	r3, [r2, #0]
200001fc:	2b00      	cmp	r3, #0
200001fe:	d0fc      	beq.n	200001fa <mutex_enter_timeout_ms+0x5e>
20000200:	f3bf 8f5f 	dmb	sy
20000204:	7923      	ldrb	r3, [r4, #4]
20000206:	2b7f      	cmp	r3, #127	@ 0x7f
20000208:	d9e7      	bls.n	200001da <mutex_enter_timeout_ms+0x3e>
2000020a:	4643      	mov	r3, r8
2000020c:	7123      	strb	r3, [r4, #4]
2000020e:	6823      	ldr	r3, [r4, #0]
20000210:	f3bf 8f5f 	dmb	sy
20000214:	2200      	movs	r2, #0
20000216:	601a      	str	r2, [r3, #0]
20000218:	f381 8810 	msr	PRIMASK, r1
2000021c:	2001      	movs	r0, #1
2000021e:	bc80      	pop	{r7}
20000220:	46b8      	mov	r8, r7
20000222:	bdf0      	pop	{r4, r5, r6, r7, pc}
20000224:	2000      	movs	r0, #0
20000226:	e7fa      	b.n	2000021e <mutex_enter_timeout_ms+0x82>
20000228:	7fffffff 	.word	0x7fffffff

2000022c <mutex_exit>:
2000022c:	6802      	ldr	r2, [r0, #0]
2000022e:	f3ef 8110 	mrs	r1, PRIMASK
20000232:	b672      	cpsid	i
20000234:	6813      	ldr	r3, [r2, #0]
20000236:	2b00      	cmp	r3, #0
20000238:	d0fc      	beq.n	20000234 <mutex_exit+0x8>
2000023a:	f3bf 8f5f 	dmb	sy
2000023e:	23ff      	movs	r3, #255	@ 0xff
20000240:	7103      	strb	r3, [r0, #4]
20000242:	6803      	ldr	r3, [r0, #0]
20000244:	f3bf 8f5f 	dmb	sy
20000248:	2200      	movs	r2, #0
2000024a:	601a      	str	r2, [r3, #0]
2000024c:	f381 8810 	msr	PRIMASK, r1
20000250:	bf40      	sev
20000252:	4770      	bx	lr

20000254 <flash_init_boot2_copyout>:
20000254:	b510      	push	{r4, lr}
20000256:	4c08      	ldr	r4, [pc, #32]	@ (20000278 <flash_init_boot2_copyout+0x24>)
20000258:	7823      	ldrb	r3, [r4, #0]
2000025a:	2b00      	cmp	r3, #0
2000025c:	d10a      	bne.n	20000274 <flash_init_boot2_copyout+0x20>
2000025e:	2380      	movs	r3, #128	@ 0x80
20000260:	4806      	ldr	r0, [pc, #24]	@ (2000027c <flash_init_boot2_copyout+0x28>)
20000262:	4907      	ldr	r1, [pc, #28]	@ (20000280 <flash_init_boot2_copyout+0x2c>)
20000264:	055b      	lsls	r3, r3, #21
20000266:	681a      	ldr	r2, [r3, #0]
20000268:	50c2      	str	r2, [r0, r3]
2000026a:	3304      	adds	r3, #4
2000026c:	428b      	cmp	r3, r1
2000026e:	d1fa      	bne.n	20000266 <flash_init_boot2_copyout+0x12>
20000270:	2301      	movs	r3, #1
20000272:	7023      	strb	r3, [r4, #0]
20000274:	bd10      	pop	{r4, pc}
20000276:	46c0      	nop			@ (mov r8, r8)
20000278:	200020c4 	.word	0x200020c4
2000027c:	10001af0 	.word	0x10001af0
20000280:	10000100 	.word	0x10000100

20000284 <flash_enable_xip_via_boot2>:
20000284:	b510      	push	{r4, lr}
20000286:	4b01      	ldr	r3, [pc, #4]	@ (2000028c <flash_enable_xip_via_boot2+0x8>)
20000288:	4798      	blx	r3
2000028a:	bd10      	pop	{r4, pc}
2000028c:	20001af1 	.word	0x20001af1

20000290 <flash_cs_force.constprop.0>:
20000290:	4b03      	ldr	r3, [pc, #12]	@ (200002a0 <flash_cs_force.constprop.0+0x10>)
20000292:	681a      	ldr	r2, [r3, #0]
20000294:	23c0      	movs	r3, #192	@ 0xc0
20000296:	009b      	lsls	r3, r3, #2
20000298:	4393      	bics	r3, r2
2000029a:	4a02      	ldr	r2, [pc, #8]	@ (200002a4 <flash_cs_force.constprop.0+0x14>)
2000029c:	6013      	str	r3, [r2, #0]
2000029e:	4770      	bx	lr
200002a0:	4001800c 	.word	0x4001800c
200002a4:	4001900c 	.word	0x4001900c

200002a8 <flash_cs_force.constprop.1>:
200002a8:	4b05      	ldr	r3, [pc, #20]	@ (200002c0 <flash_cs_force.constprop.1+0x18>)
200002aa:	681a      	ldr	r2, [r3, #0]
200002ac:	2380      	movs	r3, #128	@ 0x80
200002ae:	009b      	lsls	r3, r3, #2
200002b0:	4053      	eors	r3, r2
200002b2:	22c0      	movs	r2, #192	@ 0xc0
200002b4:	0092      	lsls	r2, r2, #2
200002b6:	4013      	ands	r3, r2
200002b8:	4a02      	ldr	r2, [pc, #8]	@ (200002c4 <flash_cs_force.constprop.1+0x1c>)
200002ba:	6013      	str	r3, [r2, #0]
200002bc:	4770      	bx	lr
200002be:	46c0      	nop			@ (mov r8, r8)
200002c0:	4001800c 	.word	0x4001800c
200002c4:	4001900c 	.word	0x4001900c

200002c8 <flash_do_cmd>:
200002c8:	2314      	movs	r3, #20
200002ca:	b5f0      	push	{r4, r5, r6, r7, lr}
200002cc:	46d6      	mov	lr, sl
200002ce:	464f      	mov	r7, r9
200002d0:	4646      	mov	r6, r8
200002d2:	469a      	mov	sl, r3
200002d4:	4681      	mov	r9, r0
200002d6:	8818      	ldrh	r0, [r3, #0]
200002d8:	3304      	adds	r3, #4
200002da:	b5c0      	push	{r6, r7, lr}
200002dc:	4698      	mov	r8, r3
200002de:	000e      	movs	r6, r1
200002e0:	881b      	ldrh	r3, [r3, #0]
200002e2:	4926      	ldr	r1, [pc, #152]	@ (2000037c <flash_do_cmd+0xb4>)
200002e4:	0014      	movs	r4, r2
200002e6:	4798      	blx	r3
200002e8:	4653      	mov	r3, sl
200002ea:	0007      	movs	r7, r0
200002ec:	8818      	ldrh	r0, [r3, #0]
200002ee:	4643      	mov	r3, r8
200002f0:	4923      	ldr	r1, [pc, #140]	@ (20000380 <flash_do_cmd+0xb8>)
200002f2:	881b      	ldrh	r3, [r3, #0]
200002f4:	4798      	blx	r3
200002f6:	4653      	mov	r3, sl
200002f8:	0005      	movs	r5, r0
200002fa:	8818      	ldrh	r0, [r3, #0]
200002fc:	4643      	mov	r3, r8
200002fe:	4921      	ldr	r1, [pc, #132]	@ (20000384 <flash_do_cmd+0xbc>)
20000300:	881b      	ldrh	r3, [r3, #0]
20000302:	4798      	blx	r3
20000304:	4680      	mov	r8, r0
20000306:	f7ff ffa5 	bl	20000254 <flash_init_boot2_copyout>
2000030a:	47b8      	blx	r7
2000030c:	47a8      	blx	r5
2000030e:	f7ff ffcb 	bl	200002a8 <flash_cs_force.constprop.1>
20000312:	1e22      	subs	r2, r4, #0
20000314:	d020      	beq.n	20000358 <flash_do_cmd+0x90>
20000316:	21c0      	movs	r1, #192	@ 0xc0
20000318:	2708      	movs	r7, #8
2000031a:	2002      	movs	r0, #2
2000031c:	0549      	lsls	r1, r1, #21
2000031e:	e011      	b.n	20000344 <flash_do_cmd+0x7c>
20000320:	2c00      	cmp	r4, #0
20000322:	d014      	beq.n	2000034e <flash_do_cmd+0x86>
20000324:	1b13      	subs	r3, r2, r4
20000326:	2b0d      	cmp	r3, #13
20000328:	d920      	bls.n	2000036c <flash_do_cmd+0xa4>
2000032a:	2d00      	cmp	r5, #0
2000032c:	d00a      	beq.n	20000344 <flash_do_cmd+0x7c>
2000032e:	0023      	movs	r3, r4
20000330:	2a00      	cmp	r2, #0
20000332:	d005      	beq.n	20000340 <flash_do_cmd+0x78>
20000334:	6e0b      	ldr	r3, [r1, #96]	@ 0x60
20000336:	3a01      	subs	r2, #1
20000338:	7033      	strb	r3, [r6, #0]
2000033a:	0013      	movs	r3, r2
2000033c:	3601      	adds	r6, #1
2000033e:	4323      	orrs	r3, r4
20000340:	2b00      	cmp	r3, #0
20000342:	d009      	beq.n	20000358 <flash_do_cmd+0x90>
20000344:	003d      	movs	r5, r7
20000346:	6a8b      	ldr	r3, [r1, #40]	@ 0x28
20000348:	401d      	ands	r5, r3
2000034a:	4218      	tst	r0, r3
2000034c:	d1e8      	bne.n	20000320 <flash_do_cmd+0x58>
2000034e:	2d00      	cmp	r5, #0
20000350:	d1ed      	bne.n	2000032e <flash_do_cmd+0x66>
20000352:	0023      	movs	r3, r4
20000354:	4313      	orrs	r3, r2
20000356:	d1f5      	bne.n	20000344 <flash_do_cmd+0x7c>
20000358:	f7ff ff9a 	bl	20000290 <flash_cs_force.constprop.0>
2000035c:	47c0      	blx	r8
2000035e:	f7ff ff91 	bl	20000284 <flash_enable_xip_via_boot2>
20000362:	bce0      	pop	{r5, r6, r7}
20000364:	46ba      	mov	sl, r7
20000366:	46b1      	mov	r9, r6
20000368:	46a8      	mov	r8, r5
2000036a:	bdf0      	pop	{r4, r5, r6, r7, pc}
2000036c:	464b      	mov	r3, r9
2000036e:	781b      	ldrb	r3, [r3, #0]
20000370:	3c01      	subs	r4, #1
20000372:	660b      	str	r3, [r1, #96]	@ 0x60
20000374:	2301      	movs	r3, #1
20000376:	469c      	mov	ip, r3
20000378:	44e1      	add	r9, ip
2000037a:	e7e8      	b.n	2000034e <flash_do_cmd+0x86>
2000037c:	00004649 	.word	0x00004649
20000380:	00005845 	.word	0x00005845
20000384:	00004346 	.word	0x00004346

20000388 <reset_non_control_endpoints>:
20000388:	2200      	movs	r2, #0
2000038a:	4b15      	ldr	r3, [pc, #84]	@ (200003e0 <reset_non_control_endpoints+0x58>)
2000038c:	b510      	push	{r4, lr}
2000038e:	609a      	str	r2, [r3, #8]
20000390:	60da      	str	r2, [r3, #12]
20000392:	611a      	str	r2, [r3, #16]
20000394:	615a      	str	r2, [r3, #20]
20000396:	619a      	str	r2, [r3, #24]
20000398:	61da      	str	r2, [r3, #28]
2000039a:	621a      	str	r2, [r3, #32]
2000039c:	625a      	str	r2, [r3, #36]	@ 0x24
2000039e:	629a      	str	r2, [r3, #40]	@ 0x28
200003a0:	62da      	str	r2, [r3, #44]	@ 0x2c
200003a2:	631a      	str	r2, [r3, #48]	@ 0x30
200003a4:	635a      	str	r2, [r3, #52]	@ 0x34
200003a6:	639a      	str	r2, [r3, #56]	@ 0x38
200003a8:	63da      	str	r2, [r3, #60]	@ 0x3c
200003aa:	641a      	str	r2, [r3, #64]	@ 0x40
200003ac:	645a      	str	r2, [r3, #68]	@ 0x44
200003ae:	649a      	str	r2, [r3, #72]	@ 0x48
200003b0:	64da      	str	r2, [r3, #76]	@ 0x4c
200003b2:	651a      	str	r2, [r3, #80]	@ 0x50
200003b4:	655a      	str	r2, [r3, #84]	@ 0x54
200003b6:	659a      	str	r2, [r3, #88]	@ 0x58
200003b8:	65da      	str	r2, [r3, #92]	@ 0x5c
200003ba:	661a      	str	r2, [r3, #96]	@ 0x60
200003bc:	665a      	str	r2, [r3, #100]	@ 0x64
200003be:	669a      	str	r2, [r3, #104]	@ 0x68
200003c0:	66da      	str	r2, [r3, #108]	@ 0x6c
200003c2:	671a      	str	r2, [r3, #112]	@ 0x70
200003c4:	675a      	str	r2, [r3, #116]	@ 0x74
200003c6:	679a      	str	r2, [r3, #120]	@ 0x78
200003c8:	67da      	str	r2, [r3, #124]	@ 0x7c
200003ca:	32f0      	adds	r2, #240	@ 0xf0
200003cc:	0092      	lsls	r2, r2, #2
200003ce:	2100      	movs	r1, #0
200003d0:	4804      	ldr	r0, [pc, #16]	@ (200003e4 <reset_non_control_endpoints+0x5c>)
200003d2:	f000 fdd9 	bl	20000f88 <____wrap_memset_veneer>
200003d6:	4b04      	ldr	r3, [pc, #16]	@ (200003e8 <reset_non_control_endpoints+0x60>)
200003d8:	4a04      	ldr	r2, [pc, #16]	@ (200003ec <reset_non_control_endpoints+0x64>)
200003da:	601a      	str	r2, [r3, #0]
200003dc:	bd10      	pop	{r4, pc}
200003de:	46c0      	nop			@ (mov r8, r8)
200003e0:	50100000 	.word	0x50100000
200003e4:	20001c9c 	.word	0x20001c9c
200003e8:	20002064 	.word	0x20002064
200003ec:	50100180 	.word	0x50100180

200003f0 <hw_handle_buff_status>:
200003f0:	b5f0      	push	{r4, r5, r6, r7, lr}
200003f2:	4657      	mov	r7, sl
200003f4:	464e      	mov	r6, r9
200003f6:	4645      	mov	r5, r8
200003f8:	46de      	mov	lr, fp
200003fa:	b5e0      	push	{r5, r6, r7, lr}
200003fc:	4b25      	ldr	r3, [pc, #148]	@ (20000494 <hw_handle_buff_status+0xa4>)
200003fe:	2500      	movs	r5, #0
20000400:	6d9f      	ldr	r7, [r3, #88]	@ 0x58
20000402:	2601      	movs	r6, #1
20000404:	b087      	sub	sp, #28
20000406:	2f00      	cmp	r7, #0
20000408:	d023      	beq.n	20000452 <hw_handle_buff_status+0x62>
2000040a:	4b23      	ldr	r3, [pc, #140]	@ (20000498 <hw_handle_buff_status+0xa8>)
2000040c:	4699      	mov	r9, r3
2000040e:	2301      	movs	r3, #1
20000410:	469b      	mov	fp, r3
20000412:	4b22      	ldr	r3, [pc, #136]	@ (2000049c <hw_handle_buff_status+0xac>)
20000414:	4698      	mov	r8, r3
20000416:	e001      	b.n	2000041c <hw_handle_buff_status+0x2c>
20000418:	2d20      	cmp	r5, #32
2000041a:	d01a      	beq.n	20000452 <hw_handle_buff_status+0x62>
2000041c:	0032      	movs	r2, r6
2000041e:	002c      	movs	r4, r5
20000420:	3501      	adds	r5, #1
20000422:	46b2      	mov	sl, r6
20000424:	403a      	ands	r2, r7
20000426:	b2ed      	uxtb	r5, r5
20000428:	0076      	lsls	r6, r6, #1
2000042a:	2a00      	cmp	r2, #0
2000042c:	d0f4      	beq.n	20000418 <hw_handle_buff_status+0x28>
2000042e:	464b      	mov	r3, r9
20000430:	4652      	mov	r2, sl
20000432:	659a      	str	r2, [r3, #88]	@ 0x58
20000434:	465b      	mov	r3, fp
20000436:	0864      	lsrs	r4, r4, #1
20000438:	0064      	lsls	r4, r4, #1
2000043a:	402b      	ands	r3, r5
2000043c:	18e4      	adds	r4, r4, r3
2000043e:	0164      	lsls	r4, r4, #5
20000440:	4444      	add	r4, r8
20000442:	0020      	movs	r0, r4
20000444:	f000 fc52 	bl	20000cec <hw_endpoint_xfer_continue>
20000448:	2800      	cmp	r0, #0
2000044a:	d109      	bne.n	20000460 <hw_handle_buff_status+0x70>
2000044c:	4653      	mov	r3, sl
2000044e:	439f      	bics	r7, r3
20000450:	d1e2      	bne.n	20000418 <hw_handle_buff_status+0x28>
20000452:	b007      	add	sp, #28
20000454:	bcf0      	pop	{r4, r5, r6, r7}
20000456:	46bb      	mov	fp, r7
20000458:	46b2      	mov	sl, r6
2000045a:	46a9      	mov	r9, r5
2000045c:	46a0      	mov	r8, r4
2000045e:	bdf0      	pop	{r4, r5, r6, r7, pc}
20000460:	8ae2      	ldrh	r2, [r4, #22]
20000462:	78a3      	ldrb	r3, [r4, #2]
20000464:	a802      	add	r0, sp, #8
20000466:	9201      	str	r2, [sp, #4]
20000468:	2100      	movs	r1, #0
2000046a:	2206      	movs	r2, #6
2000046c:	3006      	adds	r0, #6
2000046e:	9300      	str	r3, [sp, #0]
20000470:	f000 fd8a 	bl	20000f88 <____wrap_memset_veneer>
20000474:	23e0      	movs	r3, #224	@ 0xe0
20000476:	a902      	add	r1, sp, #8
20000478:	00db      	lsls	r3, r3, #3
2000047a:	808b      	strh	r3, [r1, #4]
2000047c:	9b00      	ldr	r3, [sp, #0]
2000047e:	9a01      	ldr	r2, [sp, #4]
20000480:	720b      	strb	r3, [r1, #8]
20000482:	a803      	add	r0, sp, #12
20000484:	2101      	movs	r1, #1
20000486:	9205      	str	r2, [sp, #20]
20000488:	f000 fc50 	bl	20000d2c <dcd_event_handler>
2000048c:	0020      	movs	r0, r4
2000048e:	f000 fbc9 	bl	20000c24 <hw_endpoint_reset_transfer>
20000492:	e7db      	b.n	2000044c <hw_handle_buff_status+0x5c>
20000494:	50110000 	.word	0x50110000
20000498:	50113000 	.word	0x50113000
2000049c:	20001c5c 	.word	0x20001c5c

200004a0 <dcd_rp2040_irq>:
200004a0:	2398      	movs	r3, #152	@ 0x98
200004a2:	b5f0      	push	{r4, r5, r6, r7, lr}
200004a4:	46c6      	mov	lr, r8
200004a6:	4acd      	ldr	r2, [pc, #820]	@ (200007dc <dcd_rp2040_irq+0x33c>)
200004a8:	b500      	push	{lr}
200004aa:	58d5      	ldr	r5, [r2, r3]
200004ac:	2380      	movs	r3, #128	@ 0x80
200004ae:	002e      	movs	r6, r5
200004b0:	029b      	lsls	r3, r3, #10
200004b2:	2410      	movs	r4, #16
200004b4:	b084      	sub	sp, #16
200004b6:	401e      	ands	r6, r3
200004b8:	421d      	tst	r5, r3
200004ba:	d07a      	beq.n	200005b2 <dcd_rp2040_irq+0x112>
200004bc:	4bc8      	ldr	r3, [pc, #800]	@ (200007e0 <dcd_rp2040_irq+0x340>)
200004be:	4cc9      	ldr	r4, [pc, #804]	@ (200007e4 <dcd_rp2040_irq+0x344>)
200004c0:	6a9a      	ldr	r2, [r3, #40]	@ 0x28
200004c2:	4bc9      	ldr	r3, [pc, #804]	@ (200007e8 <dcd_rp2040_irq+0x348>)
200004c4:	2600      	movs	r6, #0
200004c6:	601a      	str	r2, [r3, #0]
200004c8:	233b      	movs	r3, #59	@ 0x3b
200004ca:	5ce3      	ldrb	r3, [r4, r3]
200004cc:	2b02      	cmp	r3, #2
200004ce:	d100      	bne.n	200004d2 <dcd_rp2040_irq+0x32>
200004d0:	e10e      	b.n	200006f0 <dcd_rp2040_irq+0x250>
200004d2:	237b      	movs	r3, #123	@ 0x7b
200004d4:	5ce3      	ldrb	r3, [r4, r3]
200004d6:	2b02      	cmp	r3, #2
200004d8:	d100      	bne.n	200004dc <dcd_rp2040_irq+0x3c>
200004da:	e126      	b.n	2000072a <dcd_rp2040_irq+0x28a>
200004dc:	23bb      	movs	r3, #187	@ 0xbb
200004de:	5ce3      	ldrb	r3, [r4, r3]
200004e0:	2b02      	cmp	r3, #2
200004e2:	d100      	bne.n	200004e6 <dcd_rp2040_irq+0x46>
200004e4:	e115      	b.n	20000712 <dcd_rp2040_irq+0x272>
200004e6:	23fb      	movs	r3, #251	@ 0xfb
200004e8:	5ce3      	ldrb	r3, [r4, r3]
200004ea:	2b02      	cmp	r3, #2
200004ec:	d100      	bne.n	200004f0 <dcd_rp2040_irq+0x50>
200004ee:	e14f      	b.n	20000790 <dcd_rp2040_irq+0x2f0>
200004f0:	233c      	movs	r3, #60	@ 0x3c
200004f2:	33ff      	adds	r3, #255	@ 0xff
200004f4:	5ce3      	ldrb	r3, [r4, r3]
200004f6:	2b02      	cmp	r3, #2
200004f8:	d100      	bne.n	200004fc <dcd_rp2040_irq+0x5c>
200004fa:	e13c      	b.n	20000776 <dcd_rp2040_irq+0x2d6>
200004fc:	237c      	movs	r3, #124	@ 0x7c
200004fe:	33ff      	adds	r3, #255	@ 0xff
20000500:	5ce3      	ldrb	r3, [r4, r3]
20000502:	2b02      	cmp	r3, #2
20000504:	d100      	bne.n	20000508 <dcd_rp2040_irq+0x68>
20000506:	e129      	b.n	2000075c <dcd_rp2040_irq+0x2bc>
20000508:	23bc      	movs	r3, #188	@ 0xbc
2000050a:	33ff      	adds	r3, #255	@ 0xff
2000050c:	5ce3      	ldrb	r3, [r4, r3]
2000050e:	2b02      	cmp	r3, #2
20000510:	d100      	bne.n	20000514 <dcd_rp2040_irq+0x74>
20000512:	e116      	b.n	20000742 <dcd_rp2040_irq+0x2a2>
20000514:	23fc      	movs	r3, #252	@ 0xfc
20000516:	33ff      	adds	r3, #255	@ 0xff
20000518:	5ce3      	ldrb	r3, [r4, r3]
2000051a:	2b02      	cmp	r3, #2
2000051c:	d100      	bne.n	20000520 <dcd_rp2040_irq+0x80>
2000051e:	e1be      	b.n	2000089e <dcd_rp2040_irq+0x3fe>
20000520:	4bb2      	ldr	r3, [pc, #712]	@ (200007ec <dcd_rp2040_irq+0x34c>)
20000522:	5ce3      	ldrb	r3, [r4, r3]
20000524:	2b02      	cmp	r3, #2
20000526:	d100      	bne.n	2000052a <dcd_rp2040_irq+0x8a>
20000528:	e1ae      	b.n	20000888 <dcd_rp2040_irq+0x3e8>
2000052a:	4bb1      	ldr	r3, [pc, #708]	@ (200007f0 <dcd_rp2040_irq+0x350>)
2000052c:	5ce3      	ldrb	r3, [r4, r3]
2000052e:	2b02      	cmp	r3, #2
20000530:	d100      	bne.n	20000534 <dcd_rp2040_irq+0x94>
20000532:	e19d      	b.n	20000870 <dcd_rp2040_irq+0x3d0>
20000534:	4baf      	ldr	r3, [pc, #700]	@ (200007f4 <dcd_rp2040_irq+0x354>)
20000536:	5ce3      	ldrb	r3, [r4, r3]
20000538:	2b02      	cmp	r3, #2
2000053a:	d100      	bne.n	2000053e <dcd_rp2040_irq+0x9e>
2000053c:	e18c      	b.n	20000858 <dcd_rp2040_irq+0x3b8>
2000053e:	4bae      	ldr	r3, [pc, #696]	@ (200007f8 <dcd_rp2040_irq+0x358>)
20000540:	5ce3      	ldrb	r3, [r4, r3]
20000542:	2b02      	cmp	r3, #2
20000544:	d100      	bne.n	20000548 <dcd_rp2040_irq+0xa8>
20000546:	e17b      	b.n	20000840 <dcd_rp2040_irq+0x3a0>
20000548:	4bac      	ldr	r3, [pc, #688]	@ (200007fc <dcd_rp2040_irq+0x35c>)
2000054a:	5ce3      	ldrb	r3, [r4, r3]
2000054c:	2b02      	cmp	r3, #2
2000054e:	d100      	bne.n	20000552 <dcd_rp2040_irq+0xb2>
20000550:	e16a      	b.n	20000828 <dcd_rp2040_irq+0x388>
20000552:	4bab      	ldr	r3, [pc, #684]	@ (20000800 <dcd_rp2040_irq+0x360>)
20000554:	5ce3      	ldrb	r3, [r4, r3]
20000556:	2b02      	cmp	r3, #2
20000558:	d100      	bne.n	2000055c <dcd_rp2040_irq+0xbc>
2000055a:	e125      	b.n	200007a8 <dcd_rp2040_irq+0x308>
2000055c:	4ba9      	ldr	r3, [pc, #676]	@ (20000804 <dcd_rp2040_irq+0x364>)
2000055e:	5ce3      	ldrb	r3, [r4, r3]
20000560:	2b02      	cmp	r3, #2
20000562:	d100      	bne.n	20000566 <dcd_rp2040_irq+0xc6>
20000564:	e1a7      	b.n	200008b6 <dcd_rp2040_irq+0x416>
20000566:	4ba8      	ldr	r3, [pc, #672]	@ (20000808 <dcd_rp2040_irq+0x368>)
20000568:	5ce3      	ldrb	r3, [r4, r3]
2000056a:	2b02      	cmp	r3, #2
2000056c:	d100      	bne.n	20000570 <dcd_rp2040_irq+0xd0>
2000056e:	e1be      	b.n	200008ee <dcd_rp2040_irq+0x44e>
20000570:	2e00      	cmp	r6, #0
20000572:	d108      	bne.n	20000586 <dcd_rp2040_irq+0xe6>
20000574:	4ba5      	ldr	r3, [pc, #660]	@ (2000080c <dcd_rp2040_irq+0x36c>)
20000576:	781b      	ldrb	r3, [r3, #0]
20000578:	2b00      	cmp	r3, #0
2000057a:	d104      	bne.n	20000586 <dcd_rp2040_irq+0xe6>
2000057c:	2180      	movs	r1, #128	@ 0x80
2000057e:	4aa4      	ldr	r2, [pc, #656]	@ (20000810 <dcd_rp2040_irq+0x370>)
20000580:	3390      	adds	r3, #144	@ 0x90
20000582:	0289      	lsls	r1, r1, #10
20000584:	50d1      	str	r1, [r2, r3]
20000586:	4b95      	ldr	r3, [pc, #596]	@ (200007dc <dcd_rp2040_irq+0x33c>)
20000588:	220a      	movs	r2, #10
2000058a:	6c9c      	ldr	r4, [r3, #72]	@ 0x48
2000058c:	466b      	mov	r3, sp
2000058e:	2100      	movs	r1, #0
20000590:	1d98      	adds	r0, r3, #6
20000592:	f000 fcf9 	bl	20000f88 <____wrap_memset_veneer>
20000596:	23c0      	movs	r3, #192	@ 0xc0
20000598:	ae01      	add	r6, sp, #4
2000059a:	009b      	lsls	r3, r3, #2
2000059c:	0564      	lsls	r4, r4, #21
2000059e:	8033      	strh	r3, [r6, #0]
200005a0:	0030      	movs	r0, r6
200005a2:	0d64      	lsrs	r4, r4, #21
200005a4:	2101      	movs	r1, #1
200005a6:	2680      	movs	r6, #128	@ 0x80
200005a8:	9402      	str	r4, [sp, #8]
200005aa:	f000 fbbf 	bl	20000d2c <dcd_event_handler>
200005ae:	4c99      	ldr	r4, [pc, #612]	@ (20000814 <dcd_rp2040_irq+0x374>)
200005b0:	02b6      	lsls	r6, r6, #10
200005b2:	06eb      	lsls	r3, r5, #27
200005b4:	d500      	bpl.n	200005b8 <dcd_rp2040_irq+0x118>
200005b6:	e08f      	b.n	200006d8 <dcd_rp2040_irq+0x238>
200005b8:	2380      	movs	r3, #128	@ 0x80
200005ba:	025b      	lsls	r3, r3, #9
200005bc:	421d      	tst	r5, r3
200005be:	d032      	beq.n	20000626 <dcd_rp2040_irq+0x186>
200005c0:	431e      	orrs	r6, r3
200005c2:	2301      	movs	r3, #1
200005c4:	2402      	movs	r4, #2
200005c6:	4698      	mov	r8, r3
200005c8:	4f86      	ldr	r7, [pc, #536]	@ (200007e4 <dcd_rp2040_irq+0x344>)
200005ca:	7ebb      	ldrb	r3, [r7, #26]
200005cc:	2b00      	cmp	r3, #0
200005ce:	d014      	beq.n	200005fa <dcd_rp2040_irq+0x15a>
200005d0:	f000 fcc2 	bl	20000f58 <__rp2040_chip_version_veneer>
200005d4:	2801      	cmp	r0, #1
200005d6:	d900      	bls.n	200005da <dcd_rp2040_irq+0x13a>
200005d8:	e082      	b.n	200006e0 <dcd_rp2040_irq+0x240>
200005da:	22c0      	movs	r2, #192	@ 0xc0
200005dc:	2100      	movs	r1, #0
200005de:	0038      	movs	r0, r7
200005e0:	0192      	lsls	r2, r2, #6
200005e2:	f000 fb25 	bl	20000c30 <_hw_endpoint_buffer_control_update32>
200005e6:	0038      	movs	r0, r7
200005e8:	f000 fb1c 	bl	20000c24 <hw_endpoint_reset_transfer>
200005ec:	f000 fcb4 	bl	20000f58 <__rp2040_chip_version_veneer>
200005f0:	2801      	cmp	r0, #1
200005f2:	d902      	bls.n	200005fa <dcd_rp2040_irq+0x15a>
200005f4:	4b86      	ldr	r3, [pc, #536]	@ (20000810 <dcd_rp2040_irq+0x370>)
200005f6:	665c      	str	r4, [r3, #100]	@ 0x64
200005f8:	661c      	str	r4, [r3, #96]	@ 0x60
200005fa:	4643      	mov	r3, r8
200005fc:	70fb      	strb	r3, [r7, #3]
200005fe:	3720      	adds	r7, #32
20000600:	2c01      	cmp	r4, #1
20000602:	d001      	beq.n	20000608 <dcd_rp2040_irq+0x168>
20000604:	2401      	movs	r4, #1
20000606:	e7e0      	b.n	200005ca <dcd_rp2040_irq+0x12a>
20000608:	23c0      	movs	r3, #192	@ 0xc0
2000060a:	4a83      	ldr	r2, [pc, #524]	@ (20000818 <dcd_rp2040_irq+0x378>)
2000060c:	00db      	lsls	r3, r3, #3
2000060e:	9301      	str	r3, [sp, #4]
20000610:	ab02      	add	r3, sp, #8
20000612:	ca03      	ldmia	r2!, {r0, r1}
20000614:	c303      	stmia	r3!, {r0, r1}
20000616:	2101      	movs	r1, #1
20000618:	a801      	add	r0, sp, #4
2000061a:	f000 fb87 	bl	20000d2c <dcd_event_handler>
2000061e:	2280      	movs	r2, #128	@ 0x80
20000620:	4b7b      	ldr	r3, [pc, #492]	@ (20000810 <dcd_rp2040_irq+0x370>)
20000622:	0292      	lsls	r2, r2, #10
20000624:	651a      	str	r2, [r3, #80]	@ 0x50
20000626:	2380      	movs	r3, #128	@ 0x80
20000628:	015b      	lsls	r3, r3, #5
2000062a:	421d      	tst	r5, r3
2000062c:	d10e      	bne.n	2000064c <dcd_rp2040_irq+0x1ac>
2000062e:	2380      	movs	r3, #128	@ 0x80
20000630:	01db      	lsls	r3, r3, #7
20000632:	421d      	tst	r5, r3
20000634:	d126      	bne.n	20000684 <dcd_rp2040_irq+0x1e4>
20000636:	2380      	movs	r3, #128	@ 0x80
20000638:	021b      	lsls	r3, r3, #8
2000063a:	421d      	tst	r5, r3
2000063c:	d138      	bne.n	200006b0 <dcd_rp2040_irq+0x210>
2000063e:	42ae      	cmp	r6, r5
20000640:	d000      	beq.n	20000644 <dcd_rp2040_irq+0x1a4>
20000642:	e1d1      	b.n	200009e8 <dcd_rp2040_irq+0x548>
20000644:	b004      	add	sp, #16
20000646:	bc80      	pop	{r7}
20000648:	46b8      	mov	r8, r7
2000064a:	bdf0      	pop	{r4, r5, r6, r7, pc}
2000064c:	2200      	movs	r2, #0
2000064e:	431e      	orrs	r6, r3
20000650:	4b62      	ldr	r3, [pc, #392]	@ (200007dc <dcd_rp2040_irq+0x33c>)
20000652:	ac01      	add	r4, sp, #4
20000654:	601a      	str	r2, [r3, #0]
20000656:	f7ff fe97 	bl	20000388 <reset_non_control_endpoints>
2000065a:	466b      	mov	r3, sp
2000065c:	220a      	movs	r2, #10
2000065e:	2100      	movs	r1, #0
20000660:	1d98      	adds	r0, r3, #6
20000662:	f000 fc91 	bl	20000f88 <____wrap_memset_veneer>
20000666:	2380      	movs	r3, #128	@ 0x80
20000668:	005b      	lsls	r3, r3, #1
2000066a:	8023      	strh	r3, [r4, #0]
2000066c:	2101      	movs	r1, #1
2000066e:	0020      	movs	r0, r4
20000670:	f000 fb5c 	bl	20000d2c <dcd_event_handler>
20000674:	2280      	movs	r2, #128	@ 0x80
20000676:	4b66      	ldr	r3, [pc, #408]	@ (20000810 <dcd_rp2040_irq+0x370>)
20000678:	0312      	lsls	r2, r2, #12
2000067a:	651a      	str	r2, [r3, #80]	@ 0x50
2000067c:	2380      	movs	r3, #128	@ 0x80
2000067e:	01db      	lsls	r3, r3, #7
20000680:	421d      	tst	r5, r3
20000682:	d0d8      	beq.n	20000636 <dcd_rp2040_irq+0x196>
20000684:	431e      	orrs	r6, r3
20000686:	466b      	mov	r3, sp
20000688:	220a      	movs	r2, #10
2000068a:	2100      	movs	r1, #0
2000068c:	1d98      	adds	r0, r3, #6
2000068e:	f000 fc7b 	bl	20000f88 <____wrap_memset_veneer>
20000692:	2380      	movs	r3, #128	@ 0x80
20000694:	ac01      	add	r4, sp, #4
20000696:	00db      	lsls	r3, r3, #3
20000698:	8023      	strh	r3, [r4, #0]
2000069a:	2101      	movs	r1, #1
2000069c:	0020      	movs	r0, r4
2000069e:	f000 fb45 	bl	20000d2c <dcd_event_handler>
200006a2:	2210      	movs	r2, #16
200006a4:	4b5a      	ldr	r3, [pc, #360]	@ (20000810 <dcd_rp2040_irq+0x370>)
200006a6:	651a      	str	r2, [r3, #80]	@ 0x50
200006a8:	2380      	movs	r3, #128	@ 0x80
200006aa:	021b      	lsls	r3, r3, #8
200006ac:	421d      	tst	r5, r3
200006ae:	d0c6      	beq.n	2000063e <dcd_rp2040_irq+0x19e>
200006b0:	431e      	orrs	r6, r3
200006b2:	466b      	mov	r3, sp
200006b4:	220a      	movs	r2, #10
200006b6:	2100      	movs	r1, #0
200006b8:	1d98      	adds	r0, r3, #6
200006ba:	f000 fc65 	bl	20000f88 <____wrap_memset_veneer>
200006be:	23a0      	movs	r3, #160	@ 0xa0
200006c0:	ac01      	add	r4, sp, #4
200006c2:	00db      	lsls	r3, r3, #3
200006c4:	8023      	strh	r3, [r4, #0]
200006c6:	2101      	movs	r1, #1
200006c8:	0020      	movs	r0, r4
200006ca:	f000 fb2f 	bl	20000d2c <dcd_event_handler>
200006ce:	2280      	movs	r2, #128	@ 0x80
200006d0:	4b4f      	ldr	r3, [pc, #316]	@ (20000810 <dcd_rp2040_irq+0x370>)
200006d2:	0112      	lsls	r2, r2, #4
200006d4:	651a      	str	r2, [r3, #80]	@ 0x50
200006d6:	e7b2      	b.n	2000063e <dcd_rp2040_irq+0x19e>
200006d8:	f7ff fe8a 	bl	200003f0 <hw_handle_buff_status>
200006dc:	0026      	movs	r6, r4
200006de:	e76b      	b.n	200005b8 <dcd_rp2040_irq+0x118>
200006e0:	4b4e      	ldr	r3, [pc, #312]	@ (2000081c <dcd_rp2040_irq+0x37c>)
200006e2:	4a3e      	ldr	r2, [pc, #248]	@ (200007dc <dcd_rp2040_irq+0x33c>)
200006e4:	661c      	str	r4, [r3, #96]	@ 0x60
200006e6:	6e53      	ldr	r3, [r2, #100]	@ 0x64
200006e8:	4023      	ands	r3, r4
200006ea:	42a3      	cmp	r3, r4
200006ec:	d1fb      	bne.n	200006e6 <dcd_rp2040_irq+0x246>
200006ee:	e774      	b.n	200005da <dcd_rp2040_irq+0x13a>
200006f0:	3338      	adds	r3, #56	@ 0x38
200006f2:	5ce6      	ldrb	r6, [r4, r3]
200006f4:	2e00      	cmp	r6, #0
200006f6:	d100      	bne.n	200006fa <dcd_rp2040_irq+0x25a>
200006f8:	e6eb      	b.n	200004d2 <dcd_rp2040_irq+0x32>
200006fa:	3302      	adds	r3, #2
200006fc:	5ce2      	ldrb	r2, [r4, r3]
200006fe:	2a00      	cmp	r2, #0
20000700:	d100      	bne.n	20000704 <dcd_rp2040_irq+0x264>
20000702:	e6e6      	b.n	200004d2 <dcd_rp2040_irq+0x32>
20000704:	0020      	movs	r0, r4
20000706:	2200      	movs	r2, #0
20000708:	3020      	adds	r0, #32
2000070a:	54e2      	strb	r2, [r4, r3]
2000070c:	f000 fab8 	bl	20000c80 <hw_endpoint_start_next_buffer>
20000710:	e6df      	b.n	200004d2 <dcd_rp2040_irq+0x32>
20000712:	33b8      	adds	r3, #184	@ 0xb8
20000714:	5ce7      	ldrb	r7, [r4, r3]
20000716:	2f00      	cmp	r7, #0
20000718:	d100      	bne.n	2000071c <dcd_rp2040_irq+0x27c>
2000071a:	e6e4      	b.n	200004e6 <dcd_rp2040_irq+0x46>
2000071c:	3302      	adds	r3, #2
2000071e:	5ce2      	ldrb	r2, [r4, r3]
20000720:	2a00      	cmp	r2, #0
20000722:	d000      	beq.n	20000726 <dcd_rp2040_irq+0x286>
20000724:	e120      	b.n	20000968 <dcd_rp2040_irq+0x4c8>
20000726:	003e      	movs	r6, r7
20000728:	e6dd      	b.n	200004e6 <dcd_rp2040_irq+0x46>
2000072a:	3378      	adds	r3, #120	@ 0x78
2000072c:	5ce7      	ldrb	r7, [r4, r3]
2000072e:	2f00      	cmp	r7, #0
20000730:	d100      	bne.n	20000734 <dcd_rp2040_irq+0x294>
20000732:	e6d3      	b.n	200004dc <dcd_rp2040_irq+0x3c>
20000734:	3302      	adds	r3, #2
20000736:	5ce2      	ldrb	r2, [r4, r3]
20000738:	2a00      	cmp	r2, #0
2000073a:	d000      	beq.n	2000073e <dcd_rp2040_irq+0x29e>
2000073c:	e10c      	b.n	20000958 <dcd_rp2040_irq+0x4b8>
2000073e:	003e      	movs	r6, r7
20000740:	e6cc      	b.n	200004dc <dcd_rp2040_irq+0x3c>
20000742:	33b9      	adds	r3, #185	@ 0xb9
20000744:	33ff      	adds	r3, #255	@ 0xff
20000746:	5ce7      	ldrb	r7, [r4, r3]
20000748:	2f00      	cmp	r7, #0
2000074a:	d100      	bne.n	2000074e <dcd_rp2040_irq+0x2ae>
2000074c:	e6e2      	b.n	20000514 <dcd_rp2040_irq+0x74>
2000074e:	3302      	adds	r3, #2
20000750:	5ce2      	ldrb	r2, [r4, r3]
20000752:	2a00      	cmp	r2, #0
20000754:	d000      	beq.n	20000758 <dcd_rp2040_irq+0x2b8>
20000756:	e0f6      	b.n	20000946 <dcd_rp2040_irq+0x4a6>
20000758:	003e      	movs	r6, r7
2000075a:	e6db      	b.n	20000514 <dcd_rp2040_irq+0x74>
2000075c:	3379      	adds	r3, #121	@ 0x79
2000075e:	33ff      	adds	r3, #255	@ 0xff
20000760:	5ce7      	ldrb	r7, [r4, r3]
20000762:	2f00      	cmp	r7, #0
20000764:	d100      	bne.n	20000768 <dcd_rp2040_irq+0x2c8>
20000766:	e6cf      	b.n	20000508 <dcd_rp2040_irq+0x68>
20000768:	3302      	adds	r3, #2
2000076a:	5ce2      	ldrb	r2, [r4, r3]
2000076c:	2a00      	cmp	r2, #0
2000076e:	d000      	beq.n	20000772 <dcd_rp2040_irq+0x2d2>
20000770:	e0e0      	b.n	20000934 <dcd_rp2040_irq+0x494>
20000772:	003e      	movs	r6, r7
20000774:	e6c8      	b.n	20000508 <dcd_rp2040_irq+0x68>
20000776:	3339      	adds	r3, #57	@ 0x39
20000778:	33ff      	adds	r3, #255	@ 0xff
2000077a:	5ce7      	ldrb	r7, [r4, r3]
2000077c:	2f00      	cmp	r7, #0
2000077e:	d100      	bne.n	20000782 <dcd_rp2040_irq+0x2e2>
20000780:	e6bc      	b.n	200004fc <dcd_rp2040_irq+0x5c>
20000782:	3302      	adds	r3, #2
20000784:	5ce2      	ldrb	r2, [r4, r3]
20000786:	2a00      	cmp	r2, #0
20000788:	d000      	beq.n	2000078c <dcd_rp2040_irq+0x2ec>
2000078a:	e0ca      	b.n	20000922 <dcd_rp2040_irq+0x482>
2000078c:	003e      	movs	r6, r7
2000078e:	e6b5      	b.n	200004fc <dcd_rp2040_irq+0x5c>
20000790:	33f8      	adds	r3, #248	@ 0xf8
20000792:	5ce7      	ldrb	r7, [r4, r3]
20000794:	2f00      	cmp	r7, #0
20000796:	d100      	bne.n	2000079a <dcd_rp2040_irq+0x2fa>
20000798:	e6aa      	b.n	200004f0 <dcd_rp2040_irq+0x50>
2000079a:	3302      	adds	r3, #2
2000079c:	5ce2      	ldrb	r2, [r4, r3]
2000079e:	2a00      	cmp	r2, #0
200007a0:	d000      	beq.n	200007a4 <dcd_rp2040_irq+0x304>
200007a2:	e0b6      	b.n	20000912 <dcd_rp2040_irq+0x472>
200007a4:	003e      	movs	r6, r7
200007a6:	e6a3      	b.n	200004f0 <dcd_rp2040_irq+0x50>
200007a8:	4b1d      	ldr	r3, [pc, #116]	@ (20000820 <dcd_rp2040_irq+0x380>)
200007aa:	5ce7      	ldrb	r7, [r4, r3]
200007ac:	2f00      	cmp	r7, #0
200007ae:	d100      	bne.n	200007b2 <dcd_rp2040_irq+0x312>
200007b0:	e6d4      	b.n	2000055c <dcd_rp2040_irq+0xbc>
200007b2:	3302      	adds	r3, #2
200007b4:	5ce2      	ldrb	r2, [r4, r3]
200007b6:	2a00      	cmp	r2, #0
200007b8:	d000      	beq.n	200007bc <dcd_rp2040_irq+0x31c>
200007ba:	e10e      	b.n	200009da <dcd_rp2040_irq+0x53a>
200007bc:	4b11      	ldr	r3, [pc, #68]	@ (20000804 <dcd_rp2040_irq+0x364>)
200007be:	5ce3      	ldrb	r3, [r4, r3]
200007c0:	2b02      	cmp	r3, #2
200007c2:	d100      	bne.n	200007c6 <dcd_rp2040_irq+0x326>
200007c4:	e089      	b.n	200008da <dcd_rp2040_irq+0x43a>
200007c6:	4b10      	ldr	r3, [pc, #64]	@ (20000808 <dcd_rp2040_irq+0x368>)
200007c8:	5ce3      	ldrb	r3, [r4, r3]
200007ca:	2b02      	cmp	r3, #2
200007cc:	d000      	beq.n	200007d0 <dcd_rp2040_irq+0x330>
200007ce:	e6da      	b.n	20000586 <dcd_rp2040_irq+0xe6>
200007d0:	4b14      	ldr	r3, [pc, #80]	@ (20000824 <dcd_rp2040_irq+0x384>)
200007d2:	5ce3      	ldrb	r3, [r4, r3]
200007d4:	2b00      	cmp	r3, #0
200007d6:	d000      	beq.n	200007da <dcd_rp2040_irq+0x33a>
200007d8:	e08e      	b.n	200008f8 <dcd_rp2040_irq+0x458>
200007da:	e6d4      	b.n	20000586 <dcd_rp2040_irq+0xe6>
200007dc:	50110000 	.word	0x50110000
200007e0:	40054000 	.word	0x40054000
200007e4:	20001c5c 	.word	0x20001c5c
200007e8:	20001c54 	.word	0x20001c54
200007ec:	0000023b 	.word	0x0000023b
200007f0:	0000027b 	.word	0x0000027b
200007f4:	000002bb 	.word	0x000002bb
200007f8:	000002fb 	.word	0x000002fb
200007fc:	0000033b 	.word	0x0000033b
20000800:	0000037b 	.word	0x0000037b
20000804:	000003bb 	.word	0x000003bb
20000808:	000003fb 	.word	0x000003fb
2000080c:	200020c2 	.word	0x200020c2
20000810:	50113000 	.word	0x50113000
20000814:	00020010 	.word	0x00020010
20000818:	50100000 	.word	0x50100000
2000081c:	50112000 	.word	0x50112000
20000820:	0000037a 	.word	0x0000037a
20000824:	000003fa 	.word	0x000003fa
20000828:	4b72      	ldr	r3, [pc, #456]	@ (200009f4 <dcd_rp2040_irq+0x554>)
2000082a:	5ce7      	ldrb	r7, [r4, r3]
2000082c:	2f00      	cmp	r7, #0
2000082e:	d100      	bne.n	20000832 <dcd_rp2040_irq+0x392>
20000830:	e68f      	b.n	20000552 <dcd_rp2040_irq+0xb2>
20000832:	3302      	adds	r3, #2
20000834:	5ce2      	ldrb	r2, [r4, r3]
20000836:	2a00      	cmp	r2, #0
20000838:	d000      	beq.n	2000083c <dcd_rp2040_irq+0x39c>
2000083a:	e0c6      	b.n	200009ca <dcd_rp2040_irq+0x52a>
2000083c:	003e      	movs	r6, r7
2000083e:	e688      	b.n	20000552 <dcd_rp2040_irq+0xb2>
20000840:	4b6d      	ldr	r3, [pc, #436]	@ (200009f8 <dcd_rp2040_irq+0x558>)
20000842:	5ce7      	ldrb	r7, [r4, r3]
20000844:	2f00      	cmp	r7, #0
20000846:	d100      	bne.n	2000084a <dcd_rp2040_irq+0x3aa>
20000848:	e67e      	b.n	20000548 <dcd_rp2040_irq+0xa8>
2000084a:	3302      	adds	r3, #2
2000084c:	5ce2      	ldrb	r2, [r4, r3]
2000084e:	2a00      	cmp	r2, #0
20000850:	d000      	beq.n	20000854 <dcd_rp2040_irq+0x3b4>
20000852:	e0b2      	b.n	200009ba <dcd_rp2040_irq+0x51a>
20000854:	003e      	movs	r6, r7
20000856:	e677      	b.n	20000548 <dcd_rp2040_irq+0xa8>
20000858:	4b68      	ldr	r3, [pc, #416]	@ (200009fc <dcd_rp2040_irq+0x55c>)
2000085a:	5ce7      	ldrb	r7, [r4, r3]
2000085c:	2f00      	cmp	r7, #0
2000085e:	d100      	bne.n	20000862 <dcd_rp2040_irq+0x3c2>
20000860:	e66d      	b.n	2000053e <dcd_rp2040_irq+0x9e>
20000862:	3302      	adds	r3, #2
20000864:	5ce2      	ldrb	r2, [r4, r3]
20000866:	2a00      	cmp	r2, #0
20000868:	d000      	beq.n	2000086c <dcd_rp2040_irq+0x3cc>
2000086a:	e09e      	b.n	200009aa <dcd_rp2040_irq+0x50a>
2000086c:	003e      	movs	r6, r7
2000086e:	e666      	b.n	2000053e <dcd_rp2040_irq+0x9e>
20000870:	4b63      	ldr	r3, [pc, #396]	@ (20000a00 <dcd_rp2040_irq+0x560>)
20000872:	5ce7      	ldrb	r7, [r4, r3]
20000874:	2f00      	cmp	r7, #0
20000876:	d100      	bne.n	2000087a <dcd_rp2040_irq+0x3da>
20000878:	e65c      	b.n	20000534 <dcd_rp2040_irq+0x94>
2000087a:	3302      	adds	r3, #2
2000087c:	5ce2      	ldrb	r2, [r4, r3]
2000087e:	2a00      	cmp	r2, #0
20000880:	d000      	beq.n	20000884 <dcd_rp2040_irq+0x3e4>
20000882:	e08a      	b.n	2000099a <dcd_rp2040_irq+0x4fa>
20000884:	003e      	movs	r6, r7
20000886:	e655      	b.n	20000534 <dcd_rp2040_irq+0x94>
20000888:	4b5e      	ldr	r3, [pc, #376]	@ (20000a04 <dcd_rp2040_irq+0x564>)
2000088a:	5ce7      	ldrb	r7, [r4, r3]
2000088c:	2f00      	cmp	r7, #0
2000088e:	d100      	bne.n	20000892 <dcd_rp2040_irq+0x3f2>
20000890:	e64b      	b.n	2000052a <dcd_rp2040_irq+0x8a>
20000892:	3302      	adds	r3, #2
20000894:	5ce2      	ldrb	r2, [r4, r3]
20000896:	2a00      	cmp	r2, #0
20000898:	d177      	bne.n	2000098a <dcd_rp2040_irq+0x4ea>
2000089a:	003e      	movs	r6, r7
2000089c:	e645      	b.n	2000052a <dcd_rp2040_irq+0x8a>
2000089e:	33f9      	adds	r3, #249	@ 0xf9
200008a0:	33ff      	adds	r3, #255	@ 0xff
200008a2:	5ce7      	ldrb	r7, [r4, r3]
200008a4:	2f00      	cmp	r7, #0
200008a6:	d100      	bne.n	200008aa <dcd_rp2040_irq+0x40a>
200008a8:	e63a      	b.n	20000520 <dcd_rp2040_irq+0x80>
200008aa:	3302      	adds	r3, #2
200008ac:	5ce2      	ldrb	r2, [r4, r3]
200008ae:	2a00      	cmp	r2, #0
200008b0:	d162      	bne.n	20000978 <dcd_rp2040_irq+0x4d8>
200008b2:	003e      	movs	r6, r7
200008b4:	e634      	b.n	20000520 <dcd_rp2040_irq+0x80>
200008b6:	4b54      	ldr	r3, [pc, #336]	@ (20000a08 <dcd_rp2040_irq+0x568>)
200008b8:	5ce3      	ldrb	r3, [r4, r3]
200008ba:	2b00      	cmp	r3, #0
200008bc:	d100      	bne.n	200008c0 <dcd_rp2040_irq+0x420>
200008be:	e652      	b.n	20000566 <dcd_rp2040_irq+0xc6>
200008c0:	23ef      	movs	r3, #239	@ 0xef
200008c2:	009b      	lsls	r3, r3, #2
200008c4:	5ce2      	ldrb	r2, [r4, r3]
200008c6:	2a00      	cmp	r2, #0
200008c8:	d100      	bne.n	200008cc <dcd_rp2040_irq+0x42c>
200008ca:	e77c      	b.n	200007c6 <dcd_rp2040_irq+0x326>
200008cc:	2200      	movs	r2, #0
200008ce:	54e2      	strb	r2, [r4, r3]
200008d0:	3b1c      	subs	r3, #28
200008d2:	18e0      	adds	r0, r4, r3
200008d4:	f000 f9d4 	bl	20000c80 <hw_endpoint_start_next_buffer>
200008d8:	e775      	b.n	200007c6 <dcd_rp2040_irq+0x326>
200008da:	4b4b      	ldr	r3, [pc, #300]	@ (20000a08 <dcd_rp2040_irq+0x568>)
200008dc:	5ce3      	ldrb	r3, [r4, r3]
200008de:	2b00      	cmp	r3, #0
200008e0:	d1ee      	bne.n	200008c0 <dcd_rp2040_irq+0x420>
200008e2:	4b4a      	ldr	r3, [pc, #296]	@ (20000a0c <dcd_rp2040_irq+0x56c>)
200008e4:	5ce3      	ldrb	r3, [r4, r3]
200008e6:	2b02      	cmp	r3, #2
200008e8:	d000      	beq.n	200008ec <dcd_rp2040_irq+0x44c>
200008ea:	e64c      	b.n	20000586 <dcd_rp2040_irq+0xe6>
200008ec:	003e      	movs	r6, r7
200008ee:	4b48      	ldr	r3, [pc, #288]	@ (20000a10 <dcd_rp2040_irq+0x570>)
200008f0:	5ce3      	ldrb	r3, [r4, r3]
200008f2:	2b00      	cmp	r3, #0
200008f4:	d100      	bne.n	200008f8 <dcd_rp2040_irq+0x458>
200008f6:	e63b      	b.n	20000570 <dcd_rp2040_irq+0xd0>
200008f8:	23ff      	movs	r3, #255	@ 0xff
200008fa:	009b      	lsls	r3, r3, #2
200008fc:	5ce2      	ldrb	r2, [r4, r3]
200008fe:	2a00      	cmp	r2, #0
20000900:	d100      	bne.n	20000904 <dcd_rp2040_irq+0x464>
20000902:	e640      	b.n	20000586 <dcd_rp2040_irq+0xe6>
20000904:	2200      	movs	r2, #0
20000906:	54e2      	strb	r2, [r4, r3]
20000908:	3b1c      	subs	r3, #28
2000090a:	18e0      	adds	r0, r4, r3
2000090c:	f000 f9b8 	bl	20000c80 <hw_endpoint_start_next_buffer>
20000910:	e639      	b.n	20000586 <dcd_rp2040_irq+0xe6>
20000912:	0020      	movs	r0, r4
20000914:	2200      	movs	r2, #0
20000916:	30e0      	adds	r0, #224	@ 0xe0
20000918:	54e2      	strb	r2, [r4, r3]
2000091a:	003e      	movs	r6, r7
2000091c:	f000 f9b0 	bl	20000c80 <hw_endpoint_start_next_buffer>
20000920:	e5e6      	b.n	200004f0 <dcd_rp2040_irq+0x50>
20000922:	0020      	movs	r0, r4
20000924:	2200      	movs	r2, #0
20000926:	3021      	adds	r0, #33	@ 0x21
20000928:	30ff      	adds	r0, #255	@ 0xff
2000092a:	54e2      	strb	r2, [r4, r3]
2000092c:	003e      	movs	r6, r7
2000092e:	f000 f9a7 	bl	20000c80 <hw_endpoint_start_next_buffer>
20000932:	e5e3      	b.n	200004fc <dcd_rp2040_irq+0x5c>
20000934:	0020      	movs	r0, r4
20000936:	2200      	movs	r2, #0
20000938:	3061      	adds	r0, #97	@ 0x61
2000093a:	30ff      	adds	r0, #255	@ 0xff
2000093c:	54e2      	strb	r2, [r4, r3]
2000093e:	003e      	movs	r6, r7
20000940:	f000 f99e 	bl	20000c80 <hw_endpoint_start_next_buffer>
20000944:	e5e0      	b.n	20000508 <dcd_rp2040_irq+0x68>
20000946:	0020      	movs	r0, r4
20000948:	2200      	movs	r2, #0
2000094a:	30a1      	adds	r0, #161	@ 0xa1
2000094c:	30ff      	adds	r0, #255	@ 0xff
2000094e:	54e2      	strb	r2, [r4, r3]
20000950:	003e      	movs	r6, r7
20000952:	f000 f995 	bl	20000c80 <hw_endpoint_start_next_buffer>
20000956:	e5dd      	b.n	20000514 <dcd_rp2040_irq+0x74>
20000958:	0020      	movs	r0, r4
2000095a:	2200      	movs	r2, #0
2000095c:	3060      	adds	r0, #96	@ 0x60
2000095e:	54e2      	strb	r2, [r4, r3]
20000960:	003e      	movs	r6, r7
20000962:	f000 f98d 	bl	20000c80 <hw_endpoint_start_next_buffer>
20000966:	e5b9      	b.n	200004dc <dcd_rp2040_irq+0x3c>
20000968:	0020      	movs	r0, r4
2000096a:	2200      	movs	r2, #0
2000096c:	30a0      	adds	r0, #160	@ 0xa0
2000096e:	54e2      	strb	r2, [r4, r3]
20000970:	003e      	movs	r6, r7
20000972:	f000 f985 	bl	20000c80 <hw_endpoint_start_next_buffer>
20000976:	e5b6      	b.n	200004e6 <dcd_rp2040_irq+0x46>
20000978:	0020      	movs	r0, r4
2000097a:	2200      	movs	r2, #0
2000097c:	30e1      	adds	r0, #225	@ 0xe1
2000097e:	30ff      	adds	r0, #255	@ 0xff
20000980:	54e2      	strb	r2, [r4, r3]
20000982:	003e      	movs	r6, r7
20000984:	f000 f97c 	bl	20000c80 <hw_endpoint_start_next_buffer>
20000988:	e5ca      	b.n	20000520 <dcd_rp2040_irq+0x80>
2000098a:	2200      	movs	r2, #0
2000098c:	54e2      	strb	r2, [r4, r3]
2000098e:	3b1c      	subs	r3, #28
20000990:	18e0      	adds	r0, r4, r3
20000992:	f000 f975 	bl	20000c80 <hw_endpoint_start_next_buffer>
20000996:	003e      	movs	r6, r7
20000998:	e5c7      	b.n	2000052a <dcd_rp2040_irq+0x8a>
2000099a:	2200      	movs	r2, #0
2000099c:	54e2      	strb	r2, [r4, r3]
2000099e:	3b1c      	subs	r3, #28
200009a0:	18e0      	adds	r0, r4, r3
200009a2:	f000 f96d 	bl	20000c80 <hw_endpoint_start_next_buffer>
200009a6:	003e      	movs	r6, r7
200009a8:	e5c4      	b.n	20000534 <dcd_rp2040_irq+0x94>
200009aa:	2200      	movs	r2, #0
200009ac:	54e2      	strb	r2, [r4, r3]
200009ae:	3b1c      	subs	r3, #28
200009b0:	18e0      	adds	r0, r4, r3
200009b2:	f000 f965 	bl	20000c80 <hw_endpoint_start_next_buffer>
200009b6:	003e      	movs	r6, r7
200009b8:	e5c1      	b.n	2000053e <dcd_rp2040_irq+0x9e>
200009ba:	2200      	movs	r2, #0
200009bc:	54e2      	strb	r2, [r4, r3]
200009be:	3b1c      	subs	r3, #28
200009c0:	18e0      	adds	r0, r4, r3
200009c2:	f000 f95d 	bl	20000c80 <hw_endpoint_start_next_buffer>
200009c6:	003e      	movs	r6, r7
200009c8:	e5be      	b.n	20000548 <dcd_rp2040_irq+0xa8>
200009ca:	2200      	movs	r2, #0
200009cc:	54e2      	strb	r2, [r4, r3]
200009ce:	3b1c      	subs	r3, #28
200009d0:	18e0      	adds	r0, r4, r3
200009d2:	f000 f955 	bl	20000c80 <hw_endpoint_start_next_buffer>
200009d6:	003e      	movs	r6, r7
200009d8:	e5bb      	b.n	20000552 <dcd_rp2040_irq+0xb2>
200009da:	2200      	movs	r2, #0
200009dc:	54e2      	strb	r2, [r4, r3]
200009de:	3b1c      	subs	r3, #28
200009e0:	18e0      	adds	r0, r4, r3
200009e2:	f000 f94d 	bl	20000c80 <hw_endpoint_start_next_buffer>
200009e6:	e6e9      	b.n	200007bc <dcd_rp2040_irq+0x31c>
200009e8:	0031      	movs	r1, r6
200009ea:	480a      	ldr	r0, [pc, #40]	@ (20000a14 <dcd_rp2040_irq+0x574>)
200009ec:	4069      	eors	r1, r5
200009ee:	f000 fa93 	bl	20000f18 <__panic_veneer>
200009f2:	46c0      	nop			@ (mov r8, r8)
200009f4:	0000033a 	.word	0x0000033a
200009f8:	000002fa 	.word	0x000002fa
200009fc:	000002ba 	.word	0x000002ba
20000a00:	0000027a 	.word	0x0000027a
20000a04:	0000023a 	.word	0x0000023a
20000a08:	000003ba 	.word	0x000003ba
20000a0c:	000003fb 	.word	0x000003fb
20000a10:	000003fa 	.word	0x000003fa
20000a14:	10006a64 	.word	0x10006a64

20000a18 <prepare_ep_buffer>:
20000a18:	b5f0      	push	{r4, r5, r6, r7, lr}
20000a1a:	46d6      	mov	lr, sl
20000a1c:	464f      	mov	r7, r9
20000a1e:	4646      	mov	r6, r8
20000a20:	b5c0      	push	{r6, r7, lr}
20000a22:	0002      	movs	r2, r0
20000a24:	8a83      	ldrh	r3, [r0, #20]
20000a26:	8b00      	ldrh	r0, [r0, #24]
20000a28:	468a      	mov	sl, r1
20000a2a:	1c04      	adds	r4, r0, #0
20000a2c:	4298      	cmp	r0, r3
20000a2e:	d900      	bls.n	20000a32 <prepare_ep_buffer+0x1a>
20000a30:	1c1c      	adds	r4, r3, #0
20000a32:	78d5      	ldrb	r5, [r2, #3]
20000a34:	2680      	movs	r6, #128	@ 0x80
20000a36:	0028      	movs	r0, r5
20000a38:	1e47      	subs	r7, r0, #1
20000a3a:	41b8      	sbcs	r0, r7
20000a3c:	b2a4      	uxth	r4, r4
20000a3e:	00f6      	lsls	r6, r6, #3
20000a40:	4326      	orrs	r6, r4
20000a42:	0340      	lsls	r0, r0, #13
20000a44:	4330      	orrs	r0, r6
20000a46:	2601      	movs	r6, #1
20000a48:	4075      	eors	r5, r6
20000a4a:	1b1b      	subs	r3, r3, r4
20000a4c:	70d5      	strb	r5, [r2, #3]
20000a4e:	7855      	ldrb	r5, [r2, #1]
20000a50:	b29b      	uxth	r3, r3
20000a52:	8293      	strh	r3, [r2, #20]
20000a54:	2d00      	cmp	r5, #0
20000a56:	d137      	bne.n	20000ac8 <prepare_ep_buffer+0xb0>
20000a58:	4651      	mov	r1, sl
20000a5a:	68d6      	ldr	r6, [r2, #12]
20000a5c:	018d      	lsls	r5, r1, #6
20000a5e:	1e61      	subs	r1, r4, #1
20000a60:	1976      	adds	r6, r6, r5
20000a62:	4688      	mov	r8, r1
20000a64:	6915      	ldr	r5, [r2, #16]
20000a66:	2c00      	cmp	r4, #0
20000a68:	d029      	beq.n	20000abe <prepare_ep_buffer+0xa6>
20000a6a:	2906      	cmp	r1, #6
20000a6c:	d93a      	bls.n	20000ae4 <prepare_ep_buffer+0xcc>
20000a6e:	0033      	movs	r3, r6
20000a70:	432b      	orrs	r3, r5
20000a72:	079b      	lsls	r3, r3, #30
20000a74:	d136      	bne.n	20000ae4 <prepare_ep_buffer+0xcc>
20000a76:	1c6b      	adds	r3, r5, #1
20000a78:	1af3      	subs	r3, r6, r3
20000a7a:	2b02      	cmp	r3, #2
20000a7c:	d932      	bls.n	20000ae4 <prepare_ep_buffer+0xcc>
20000a7e:	1f23      	subs	r3, r4, #4
20000a80:	089b      	lsrs	r3, r3, #2
20000a82:	3301      	adds	r3, #1
20000a84:	469c      	mov	ip, r3
20000a86:	2700      	movs	r7, #0
20000a88:	2300      	movs	r3, #0
20000a8a:	58e9      	ldr	r1, [r5, r3]
20000a8c:	3701      	adds	r7, #1
20000a8e:	50f1      	str	r1, [r6, r3]
20000a90:	3304      	adds	r3, #4
20000a92:	45bc      	cmp	ip, r7
20000a94:	d8f9      	bhi.n	20000a8a <prepare_ep_buffer+0x72>
20000a96:	4663      	mov	r3, ip
20000a98:	4641      	mov	r1, r8
20000a9a:	009b      	lsls	r3, r3, #2
20000a9c:	18ed      	adds	r5, r5, r3
20000a9e:	18f6      	adds	r6, r6, r3
20000aa0:	1acf      	subs	r7, r1, r3
20000aa2:	429c      	cmp	r4, r3
20000aa4:	d009      	beq.n	20000aba <prepare_ep_buffer+0xa2>
20000aa6:	782b      	ldrb	r3, [r5, #0]
20000aa8:	7033      	strb	r3, [r6, #0]
20000aaa:	2f00      	cmp	r7, #0
20000aac:	d005      	beq.n	20000aba <prepare_ep_buffer+0xa2>
20000aae:	786b      	ldrb	r3, [r5, #1]
20000ab0:	7073      	strb	r3, [r6, #1]
20000ab2:	2f01      	cmp	r7, #1
20000ab4:	d001      	beq.n	20000aba <prepare_ep_buffer+0xa2>
20000ab6:	78ab      	ldrb	r3, [r5, #2]
20000ab8:	70b3      	strb	r3, [r6, #2]
20000aba:	6915      	ldr	r5, [r2, #16]
20000abc:	8a93      	ldrh	r3, [r2, #20]
20000abe:	192d      	adds	r5, r5, r4
20000ac0:	6115      	str	r5, [r2, #16]
20000ac2:	2280      	movs	r2, #128	@ 0x80
20000ac4:	0212      	lsls	r2, r2, #8
20000ac6:	4310      	orrs	r0, r2
20000ac8:	2b00      	cmp	r3, #0
20000aca:	d102      	bne.n	20000ad2 <prepare_ep_buffer+0xba>
20000acc:	2380      	movs	r3, #128	@ 0x80
20000ace:	01db      	lsls	r3, r3, #7
20000ad0:	4318      	orrs	r0, r3
20000ad2:	4653      	mov	r3, sl
20000ad4:	2b00      	cmp	r3, #0
20000ad6:	d000      	beq.n	20000ada <prepare_ep_buffer+0xc2>
20000ad8:	0400      	lsls	r0, r0, #16
20000ada:	bce0      	pop	{r5, r6, r7}
20000adc:	46ba      	mov	sl, r7
20000ade:	46b1      	mov	r9, r6
20000ae0:	46a8      	mov	r8, r5
20000ae2:	bdf0      	pop	{r4, r5, r6, r7, pc}
20000ae4:	2300      	movs	r3, #0
20000ae6:	5cef      	ldrb	r7, [r5, r3]
20000ae8:	54f7      	strb	r7, [r6, r3]
20000aea:	3301      	adds	r3, #1
20000aec:	429c      	cmp	r4, r3
20000aee:	d1fa      	bne.n	20000ae6 <prepare_ep_buffer+0xce>
20000af0:	6915      	ldr	r5, [r2, #16]
20000af2:	8a93      	ldrh	r3, [r2, #20]
20000af4:	e7e3      	b.n	20000abe <prepare_ep_buffer+0xa6>
20000af6:	46c0      	nop			@ (mov r8, r8)

20000af8 <sync_ep_buffer>:
20000af8:	6883      	ldr	r3, [r0, #8]
20000afa:	b5f0      	push	{r4, r5, r6, r7, lr}
20000afc:	681b      	ldr	r3, [r3, #0]
20000afe:	0005      	movs	r5, r0
20000b00:	2900      	cmp	r1, #0
20000b02:	d000      	beq.n	20000b06 <sync_ep_buffer+0xe>
20000b04:	0c1b      	lsrs	r3, r3, #16
20000b06:	059b      	lsls	r3, r3, #22
20000b08:	0d98      	lsrs	r0, r3, #22
20000b0a:	786b      	ldrb	r3, [r5, #1]
20000b0c:	2b00      	cmp	r3, #0
20000b0e:	d108      	bne.n	20000b22 <sync_ep_buffer+0x2a>
20000b10:	8aeb      	ldrh	r3, [r5, #22]
20000b12:	18c3      	adds	r3, r0, r3
20000b14:	82eb      	strh	r3, [r5, #22]
20000b16:	8b2b      	ldrh	r3, [r5, #24]
20000b18:	4283      	cmp	r3, r0
20000b1a:	d901      	bls.n	20000b20 <sync_ep_buffer+0x28>
20000b1c:	2300      	movs	r3, #0
20000b1e:	82ab      	strh	r3, [r5, #20]
20000b20:	bdf0      	pop	{r4, r5, r6, r7, pc}
20000b22:	68eb      	ldr	r3, [r5, #12]
20000b24:	0189      	lsls	r1, r1, #6
20000b26:	1e46      	subs	r6, r0, #1
20000b28:	46b4      	mov	ip, r6
20000b2a:	692a      	ldr	r2, [r5, #16]
20000b2c:	185c      	adds	r4, r3, r1
20000b2e:	2800      	cmp	r0, #0
20000b30:	d027      	beq.n	20000b82 <sync_ep_buffer+0x8a>
20000b32:	2e06      	cmp	r6, #6
20000b34:	d92b      	bls.n	20000b8e <sync_ep_buffer+0x96>
20000b36:	3101      	adds	r1, #1
20000b38:	185b      	adds	r3, r3, r1
20000b3a:	1ad3      	subs	r3, r2, r3
20000b3c:	2b02      	cmp	r3, #2
20000b3e:	d926      	bls.n	20000b8e <sync_ep_buffer+0x96>
20000b40:	0013      	movs	r3, r2
20000b42:	4323      	orrs	r3, r4
20000b44:	079b      	lsls	r3, r3, #30
20000b46:	d122      	bne.n	20000b8e <sync_ep_buffer+0x96>
20000b48:	2300      	movs	r3, #0
20000b4a:	2100      	movs	r1, #0
20000b4c:	1f06      	subs	r6, r0, #4
20000b4e:	08b6      	lsrs	r6, r6, #2
20000b50:	3601      	adds	r6, #1
20000b52:	58e7      	ldr	r7, [r4, r3]
20000b54:	3101      	adds	r1, #1
20000b56:	50d7      	str	r7, [r2, r3]
20000b58:	3304      	adds	r3, #4
20000b5a:	428e      	cmp	r6, r1
20000b5c:	d8f9      	bhi.n	20000b52 <sync_ep_buffer+0x5a>
20000b5e:	4663      	mov	r3, ip
20000b60:	00b6      	lsls	r6, r6, #2
20000b62:	19a4      	adds	r4, r4, r6
20000b64:	1992      	adds	r2, r2, r6
20000b66:	1b9f      	subs	r7, r3, r6
20000b68:	42b0      	cmp	r0, r6
20000b6a:	d009      	beq.n	20000b80 <sync_ep_buffer+0x88>
20000b6c:	7823      	ldrb	r3, [r4, #0]
20000b6e:	7013      	strb	r3, [r2, #0]
20000b70:	2f00      	cmp	r7, #0
20000b72:	d005      	beq.n	20000b80 <sync_ep_buffer+0x88>
20000b74:	7863      	ldrb	r3, [r4, #1]
20000b76:	7053      	strb	r3, [r2, #1]
20000b78:	2f01      	cmp	r7, #1
20000b7a:	d001      	beq.n	20000b80 <sync_ep_buffer+0x88>
20000b7c:	78a3      	ldrb	r3, [r4, #2]
20000b7e:	7093      	strb	r3, [r2, #2]
20000b80:	692a      	ldr	r2, [r5, #16]
20000b82:	8aeb      	ldrh	r3, [r5, #22]
20000b84:	1812      	adds	r2, r2, r0
20000b86:	18c3      	adds	r3, r0, r3
20000b88:	82eb      	strh	r3, [r5, #22]
20000b8a:	612a      	str	r2, [r5, #16]
20000b8c:	e7c3      	b.n	20000b16 <sync_ep_buffer+0x1e>
20000b8e:	2300      	movs	r3, #0
20000b90:	5ce1      	ldrb	r1, [r4, r3]
20000b92:	54d1      	strb	r1, [r2, r3]
20000b94:	3301      	adds	r3, #1
20000b96:	4298      	cmp	r0, r3
20000b98:	d1fa      	bne.n	20000b90 <sync_ep_buffer+0x98>
20000b9a:	692a      	ldr	r2, [r5, #16]
20000b9c:	e7f1      	b.n	20000b82 <sync_ep_buffer+0x8a>
20000b9e:	46c0      	nop			@ (mov r8, r8)

20000ba0 <_hw_endpoint_xfer_sync>:
20000ba0:	b510      	push	{r4, lr}
20000ba2:	0004      	movs	r4, r0
20000ba4:	6883      	ldr	r3, [r0, #8]
20000ba6:	2100      	movs	r1, #0
20000ba8:	681b      	ldr	r3, [r3, #0]
20000baa:	f7ff ffa5 	bl	20000af8 <sync_ep_buffer>
20000bae:	6863      	ldr	r3, [r4, #4]
20000bb0:	681b      	ldr	r3, [r3, #0]
20000bb2:	005b      	lsls	r3, r3, #1
20000bb4:	d502      	bpl.n	20000bbc <_hw_endpoint_xfer_sync+0x1c>
20000bb6:	8b23      	ldrh	r3, [r4, #24]
20000bb8:	4283      	cmp	r3, r0
20000bba:	d000      	beq.n	20000bbe <_hw_endpoint_xfer_sync+0x1e>
20000bbc:	bd10      	pop	{r4, pc}
20000bbe:	2101      	movs	r1, #1
20000bc0:	0020      	movs	r0, r4
20000bc2:	f7ff ff99 	bl	20000af8 <sync_ep_buffer>
20000bc6:	e7f9      	b.n	20000bbc <_hw_endpoint_xfer_sync+0x1c>

20000bc8 <e15_is_bulkin_ep>:
20000bc8:	4a08      	ldr	r2, [pc, #32]	@ (20000bec <e15_is_bulkin_ep+0x24>)
20000bca:	0003      	movs	r3, r0
20000bcc:	6c12      	ldr	r2, [r2, #64]	@ 0x40
20000bce:	2000      	movs	r0, #0
20000bd0:	0792      	lsls	r2, r2, #30
20000bd2:	d403      	bmi.n	20000bdc <e15_is_bulkin_ep+0x14>
20000bd4:	789a      	ldrb	r2, [r3, #2]
20000bd6:	09d2      	lsrs	r2, r2, #7
20000bd8:	2a01      	cmp	r2, #1
20000bda:	d000      	beq.n	20000bde <e15_is_bulkin_ep+0x16>
20000bdc:	4770      	bx	lr
20000bde:	7ed8      	ldrb	r0, [r3, #27]
20000be0:	3802      	subs	r0, #2
20000be2:	4243      	negs	r3, r0
20000be4:	4158      	adcs	r0, r3
20000be6:	b2c0      	uxtb	r0, r0
20000be8:	e7f8      	b.n	20000bdc <e15_is_bulkin_ep+0x14>
20000bea:	46c0      	nop			@ (mov r8, r8)
20000bec:	50110000 	.word	0x50110000

20000bf0 <e15_is_critical_frame_period>:
20000bf0:	b510      	push	{r4, lr}
20000bf2:	f7ff ffe9 	bl	20000bc8 <e15_is_bulkin_ep>
20000bf6:	2800      	cmp	r0, #0
20000bf8:	d00c      	beq.n	20000c14 <e15_is_critical_frame_period+0x24>
20000bfa:	4907      	ldr	r1, [pc, #28]	@ (20000c18 <e15_is_critical_frame_period+0x28>)
20000bfc:	4b07      	ldr	r3, [pc, #28]	@ (20000c1c <e15_is_critical_frame_period+0x2c>)
20000bfe:	468c      	mov	ip, r1
20000c00:	4a07      	ldr	r2, [pc, #28]	@ (20000c20 <e15_is_critical_frame_period+0x30>)
20000c02:	6a9b      	ldr	r3, [r3, #40]	@ 0x28
20000c04:	6812      	ldr	r2, [r2, #0]
20000c06:	4463      	add	r3, ip
20000c08:	1a9b      	subs	r3, r3, r2
20000c0a:	2000      	movs	r0, #0
20000c0c:	22c6      	movs	r2, #198	@ 0xc6
20000c0e:	429a      	cmp	r2, r3
20000c10:	4140      	adcs	r0, r0
20000c12:	b2c0      	uxtb	r0, r0
20000c14:	bd10      	pop	{r4, pc}
20000c16:	46c0      	nop			@ (mov r8, r8)
20000c18:	fffffce0 	.word	0xfffffce0
20000c1c:	40054000 	.word	0x40054000
20000c20:	20001c54 	.word	0x20001c54

20000c24 <hw_endpoint_reset_transfer>:
20000c24:	2300      	movs	r3, #0
20000c26:	7683      	strb	r3, [r0, #26]
20000c28:	6143      	str	r3, [r0, #20]
20000c2a:	6103      	str	r3, [r0, #16]
20000c2c:	4770      	bx	lr
20000c2e:	46c0      	nop			@ (mov r8, r8)

20000c30 <_hw_endpoint_buffer_control_update32>:
20000c30:	b510      	push	{r4, lr}
20000c32:	6883      	ldr	r3, [r0, #8]
20000c34:	2900      	cmp	r1, #0
20000c36:	d001      	beq.n	20000c3c <_hw_endpoint_buffer_control_update32+0xc>
20000c38:	681c      	ldr	r4, [r3, #0]
20000c3a:	4021      	ands	r1, r4
20000c3c:	2a00      	cmp	r2, #0
20000c3e:	d012      	beq.n	20000c66 <_hw_endpoint_buffer_control_update32+0x36>
20000c40:	2480      	movs	r4, #128	@ 0x80
20000c42:	00e4      	lsls	r4, r4, #3
20000c44:	4311      	orrs	r1, r2
20000c46:	4222      	tst	r2, r4
20000c48:	d00d      	beq.n	20000c66 <_hw_endpoint_buffer_control_update32+0x36>
20000c4a:	681a      	ldr	r2, [r3, #0]
20000c4c:	4222      	tst	r2, r4
20000c4e:	d10c      	bne.n	20000c6a <_hw_endpoint_buffer_control_update32+0x3a>
20000c50:	4a08      	ldr	r2, [pc, #32]	@ (20000c74 <_hw_endpoint_buffer_control_update32+0x44>)
20000c52:	400a      	ands	r2, r1
20000c54:	601a      	str	r2, [r3, #0]
20000c56:	4a08      	ldr	r2, [pc, #32]	@ (20000c78 <_hw_endpoint_buffer_control_update32+0x48>)
20000c58:	6c12      	ldr	r2, [r2, #64]	@ 0x40
20000c5a:	0792      	lsls	r2, r2, #30
20000c5c:	d403      	bmi.n	20000c66 <_hw_endpoint_buffer_control_update32+0x36>
20000c5e:	230c      	movs	r3, #12
20000c60:	3b03      	subs	r3, #3
20000c62:	d2fd      	bcs.n	20000c60 <_hw_endpoint_buffer_control_update32+0x30>
20000c64:	6883      	ldr	r3, [r0, #8]
20000c66:	6019      	str	r1, [r3, #0]
20000c68:	bd10      	pop	{r4, pc}
20000c6a:	7881      	ldrb	r1, [r0, #2]
20000c6c:	4803      	ldr	r0, [pc, #12]	@ (20000c7c <_hw_endpoint_buffer_control_update32+0x4c>)
20000c6e:	f000 f953 	bl	20000f18 <__panic_veneer>
20000c72:	46c0      	nop			@ (mov r8, r8)
20000c74:	fffffbff 	.word	0xfffffbff
20000c78:	50110000 	.word	0x50110000
20000c7c:	10006a78 	.word	0x10006a78

20000c80 <hw_endpoint_start_next_buffer>:
20000c80:	6843      	ldr	r3, [r0, #4]
20000c82:	b570      	push	{r4, r5, r6, lr}
20000c84:	2100      	movs	r1, #0
20000c86:	2580      	movs	r5, #128	@ 0x80
20000c88:	681e      	ldr	r6, [r3, #0]
20000c8a:	0004      	movs	r4, r0
20000c8c:	f7ff fec4 	bl	20000a18 <prepare_ep_buffer>
20000c90:	4b13      	ldr	r3, [pc, #76]	@ (20000ce0 <hw_endpoint_start_next_buffer+0x60>)
20000c92:	016d      	lsls	r5, r5, #5
20000c94:	6c1b      	ldr	r3, [r3, #64]	@ 0x40
20000c96:	4305      	orrs	r5, r0
20000c98:	079b      	lsls	r3, r3, #30
20000c9a:	d50f      	bpl.n	20000cbc <hw_endpoint_start_next_buffer+0x3c>
20000c9c:	78a3      	ldrb	r3, [r4, #2]
20000c9e:	065b      	lsls	r3, r3, #25
20000ca0:	d00f      	beq.n	20000cc2 <hw_endpoint_start_next_buffer+0x42>
20000ca2:	4b10      	ldr	r3, [pc, #64]	@ (20000ce4 <hw_endpoint_start_next_buffer+0x64>)
20000ca4:	401e      	ands	r6, r3
20000ca6:	2380      	movs	r3, #128	@ 0x80
20000ca8:	059b      	lsls	r3, r3, #22
20000caa:	4333      	orrs	r3, r6
20000cac:	6862      	ldr	r2, [r4, #4]
20000cae:	2100      	movs	r1, #0
20000cb0:	6013      	str	r3, [r2, #0]
20000cb2:	0020      	movs	r0, r4
20000cb4:	002a      	movs	r2, r5
20000cb6:	f7ff ffbb 	bl	20000c30 <_hw_endpoint_buffer_control_update32>
20000cba:	bd70      	pop	{r4, r5, r6, pc}
20000cbc:	78a3      	ldrb	r3, [r4, #2]
20000cbe:	09db      	lsrs	r3, r3, #7
20000cc0:	d0ef      	beq.n	20000ca2 <hw_endpoint_start_next_buffer+0x22>
20000cc2:	8aa3      	ldrh	r3, [r4, #20]
20000cc4:	2b00      	cmp	r3, #0
20000cc6:	d0ec      	beq.n	20000ca2 <hw_endpoint_start_next_buffer+0x22>
20000cc8:	2101      	movs	r1, #1
20000cca:	0020      	movs	r0, r4
20000ccc:	f7ff fea4 	bl	20000a18 <prepare_ep_buffer>
20000cd0:	23a0      	movs	r3, #160	@ 0xa0
20000cd2:	4a05      	ldr	r2, [pc, #20]	@ (20000ce8 <hw_endpoint_start_next_buffer+0x68>)
20000cd4:	05db      	lsls	r3, r3, #23
20000cd6:	4032      	ands	r2, r6
20000cd8:	4305      	orrs	r5, r0
20000cda:	4313      	orrs	r3, r2
20000cdc:	e7e6      	b.n	20000cac <hw_endpoint_start_next_buffer+0x2c>
20000cde:	46c0      	nop			@ (mov r8, r8)
20000ce0:	50110000 	.word	0x50110000
20000ce4:	afffffff 	.word	0xafffffff
20000ce8:	dfffffff 	.word	0xdfffffff

20000cec <hw_endpoint_xfer_continue>:
20000cec:	b570      	push	{r4, r5, r6, lr}
20000cee:	7e85      	ldrb	r5, [r0, #26]
20000cf0:	0004      	movs	r4, r0
20000cf2:	2d00      	cmp	r5, #0
20000cf4:	d014      	beq.n	20000d20 <hw_endpoint_xfer_continue+0x34>
20000cf6:	f7ff ff53 	bl	20000ba0 <_hw_endpoint_xfer_sync>
20000cfa:	8aa3      	ldrh	r3, [r4, #20]
20000cfc:	2b00      	cmp	r3, #0
20000cfe:	d101      	bne.n	20000d04 <hw_endpoint_xfer_continue+0x18>
20000d00:	0028      	movs	r0, r5
20000d02:	bd70      	pop	{r4, r5, r6, pc}
20000d04:	0020      	movs	r0, r4
20000d06:	f7ff ff73 	bl	20000bf0 <e15_is_critical_frame_period>
20000d0a:	2800      	cmp	r0, #0
20000d0c:	d003      	beq.n	20000d16 <hw_endpoint_xfer_continue+0x2a>
20000d0e:	2301      	movs	r3, #1
20000d10:	2500      	movs	r5, #0
20000d12:	7723      	strb	r3, [r4, #28]
20000d14:	e7f4      	b.n	20000d00 <hw_endpoint_xfer_continue+0x14>
20000d16:	0020      	movs	r0, r4
20000d18:	f7ff ffb2 	bl	20000c80 <hw_endpoint_start_next_buffer>
20000d1c:	2500      	movs	r5, #0
20000d1e:	e7ef      	b.n	20000d00 <hw_endpoint_xfer_continue+0x14>
20000d20:	7881      	ldrb	r1, [r0, #2]
20000d22:	4801      	ldr	r0, [pc, #4]	@ (20000d28 <hw_endpoint_xfer_continue+0x3c>)
20000d24:	f000 f8f8 	bl	20000f18 <__panic_veneer>
20000d28:	10006a98 	.word	0x10006a98

20000d2c <dcd_event_handler>:
20000d2c:	b5f0      	push	{r4, r5, r6, r7, lr}
20000d2e:	46ce      	mov	lr, r9
20000d30:	4647      	mov	r7, r8
20000d32:	b580      	push	{r7, lr}
20000d34:	7843      	ldrb	r3, [r0, #1]
20000d36:	0005      	movs	r5, r0
20000d38:	000e      	movs	r6, r1
20000d3a:	b085      	sub	sp, #20
20000d3c:	2b06      	cmp	r3, #6
20000d3e:	d808      	bhi.n	20000d52 <dcd_event_handler+0x26>
20000d40:	4a6c      	ldr	r2, [pc, #432]	@ (20000ef4 <dcd_event_handler+0x1c8>)
20000d42:	009b      	lsls	r3, r3, #2
20000d44:	58d3      	ldr	r3, [r2, r3]
20000d46:	469f      	mov	pc, r3
20000d48:	4a6b      	ldr	r2, [pc, #428]	@ (20000ef8 <dcd_event_handler+0x1cc>)
20000d4a:	7813      	ldrb	r3, [r2, #0]
20000d4c:	3301      	adds	r3, #1
20000d4e:	b2db      	uxtb	r3, r3
20000d50:	7013      	strb	r3, [r2, #0]
20000d52:	4b6a      	ldr	r3, [pc, #424]	@ (20000efc <dcd_event_handler+0x1d0>)
20000d54:	681c      	ldr	r4, [r3, #0]
20000d56:	6962      	ldr	r2, [r4, #20]
20000d58:	f3ef 8110 	mrs	r1, PRIMASK
20000d5c:	b672      	cpsid	i
20000d5e:	6813      	ldr	r3, [r2, #0]
20000d60:	2b00      	cmp	r3, #0
20000d62:	d0fc      	beq.n	20000d5e <dcd_event_handler+0x32>
20000d64:	f3bf 8f5f 	dmb	sy
20000d68:	61a1      	str	r1, [r4, #24]
20000d6a:	0020      	movs	r0, r4
20000d6c:	0029      	movs	r1, r5
20000d6e:	f000 f903 	bl	20000f78 <__tu_fifo_write_veneer>
20000d72:	6962      	ldr	r2, [r4, #20]
20000d74:	69a3      	ldr	r3, [r4, #24]
20000d76:	f3bf 8f5f 	dmb	sy
20000d7a:	2100      	movs	r1, #0
20000d7c:	6011      	str	r1, [r2, #0]
20000d7e:	f383 8810 	msr	PRIMASK, r3
20000d82:	2800      	cmp	r0, #0
20000d84:	d104      	bne.n	20000d90 <dcd_event_handler+0x64>
20000d86:	b005      	add	sp, #20
20000d88:	bcc0      	pop	{r6, r7}
20000d8a:	46b9      	mov	r9, r7
20000d8c:	46b0      	mov	r8, r6
20000d8e:	bdf0      	pop	{r4, r5, r6, r7, pc}
20000d90:	0032      	movs	r2, r6
20000d92:	7869      	ldrb	r1, [r5, #1]
20000d94:	7828      	ldrb	r0, [r5, #0]
20000d96:	f000 f8e7 	bl	20000f68 <__tud_event_hook_cb_veneer>
20000d9a:	e7f4      	b.n	20000d86 <dcd_event_handler+0x5a>
20000d9c:	2101      	movs	r1, #1
20000d9e:	4b58      	ldr	r3, [pc, #352]	@ (20000f00 <dcd_event_handler+0x1d4>)
20000da0:	781a      	ldrb	r2, [r3, #0]
20000da2:	438a      	bics	r2, r1
20000da4:	701a      	strb	r2, [r3, #0]
20000da6:	781a      	ldrb	r2, [r3, #0]
20000da8:	3101      	adds	r1, #1
20000daa:	438a      	bics	r2, r1
20000dac:	701a      	strb	r2, [r3, #0]
20000dae:	2200      	movs	r2, #0
20000db0:	705a      	strb	r2, [r3, #1]
20000db2:	781a      	ldrb	r2, [r3, #0]
20000db4:	3102      	adds	r1, #2
20000db6:	438a      	bics	r2, r1
20000db8:	701a      	strb	r2, [r3, #0]
20000dba:	e7ca      	b.n	20000d52 <dcd_event_handler+0x26>
20000dbc:	4951      	ldr	r1, [pc, #324]	@ (20000f04 <dcd_event_handler+0x1d8>)
20000dbe:	4f52      	ldr	r7, [pc, #328]	@ (20000f08 <dcd_event_handler+0x1dc>)
20000dc0:	4689      	mov	r9, r1
20000dc2:	4952      	ldr	r1, [pc, #328]	@ (20000f0c <dcd_event_handler+0x1e0>)
20000dc4:	2400      	movs	r4, #0
20000dc6:	2300      	movs	r3, #0
20000dc8:	4688      	mov	r8, r1
20000dca:	783a      	ldrb	r2, [r7, #0]
20000dcc:	e012      	b.n	20000df4 <dcd_event_handler+0xc8>
20000dce:	4643      	mov	r3, r8
20000dd0:	681b      	ldr	r3, [r3, #0]
20000dd2:	0161      	lsls	r1, r4, #5
20000dd4:	185b      	adds	r3, r3, r1
20000dd6:	2b00      	cmp	r3, #0
20000dd8:	d006      	beq.n	20000de8 <dcd_event_handler+0xbc>
20000dda:	69db      	ldr	r3, [r3, #28]
20000ddc:	2b00      	cmp	r3, #0
20000dde:	d003      	beq.n	20000de8 <dcd_event_handler+0xbc>
20000de0:	6869      	ldr	r1, [r5, #4]
20000de2:	7828      	ldrb	r0, [r5, #0]
20000de4:	4798      	blx	r3
20000de6:	783a      	ldrb	r2, [r7, #0]
20000de8:	3401      	adds	r4, #1
20000dea:	b2e4      	uxtb	r4, r4
20000dec:	1c51      	adds	r1, r2, #1
20000dee:	0023      	movs	r3, r4
20000df0:	42a1      	cmp	r1, r4
20000df2:	db17      	blt.n	20000e24 <dcd_event_handler+0xf8>
20000df4:	42a2      	cmp	r2, r4
20000df6:	d8ea      	bhi.n	20000dce <dcd_event_handler+0xa2>
20000df8:	1a9b      	subs	r3, r3, r2
20000dfa:	015b      	lsls	r3, r3, #5
20000dfc:	444b      	add	r3, r9
20000dfe:	e7ec      	b.n	20000dda <dcd_event_handler+0xae>
20000e00:	4b3f      	ldr	r3, [pc, #252]	@ (20000f00 <dcd_event_handler+0x1d4>)
20000e02:	781a      	ldrb	r2, [r3, #0]
20000e04:	07d2      	lsls	r2, r2, #31
20000e06:	d5be      	bpl.n	20000d86 <dcd_event_handler+0x5a>
20000e08:	2104      	movs	r1, #4
20000e0a:	781a      	ldrb	r2, [r3, #0]
20000e0c:	430a      	orrs	r2, r1
20000e0e:	701a      	strb	r2, [r3, #0]
20000e10:	e79f      	b.n	20000d52 <dcd_event_handler+0x26>
20000e12:	4b3b      	ldr	r3, [pc, #236]	@ (20000f00 <dcd_event_handler+0x1d4>)
20000e14:	781a      	ldrb	r2, [r3, #0]
20000e16:	07d2      	lsls	r2, r2, #31
20000e18:	d5b5      	bpl.n	20000d86 <dcd_event_handler+0x5a>
20000e1a:	2104      	movs	r1, #4
20000e1c:	781a      	ldrb	r2, [r3, #0]
20000e1e:	438a      	bics	r2, r1
20000e20:	701a      	strb	r2, [r3, #0]
20000e22:	e796      	b.n	20000d52 <dcd_event_handler+0x26>
20000e24:	4f36      	ldr	r7, [pc, #216]	@ (20000f00 <dcd_event_handler+0x1d4>)
20000e26:	783b      	ldrb	r3, [r7, #0]
20000e28:	075b      	lsls	r3, r3, #29
20000e2a:	d52b      	bpl.n	20000e84 <dcd_event_handler+0x158>
20000e2c:	2204      	movs	r2, #4
20000e2e:	783b      	ldrb	r3, [r7, #0]
20000e30:	2100      	movs	r1, #0
20000e32:	4393      	bics	r3, r2
20000e34:	703b      	strb	r3, [r7, #0]
20000e36:	466b      	mov	r3, sp
20000e38:	3206      	adds	r2, #6
20000e3a:	1d98      	adds	r0, r3, #6
20000e3c:	f000 f8a4 	bl	20000f88 <____wrap_memset_veneer>
20000e40:	782b      	ldrb	r3, [r5, #0]
20000e42:	ac01      	add	r4, sp, #4
20000e44:	7023      	strb	r3, [r4, #0]
20000e46:	2305      	movs	r3, #5
20000e48:	7063      	strb	r3, [r4, #1]
20000e4a:	4b2c      	ldr	r3, [pc, #176]	@ (20000efc <dcd_event_handler+0x1d0>)
20000e4c:	681b      	ldr	r3, [r3, #0]
20000e4e:	4698      	mov	r8, r3
20000e50:	695a      	ldr	r2, [r3, #20]
20000e52:	f3ef 8110 	mrs	r1, PRIMASK
20000e56:	b672      	cpsid	i
20000e58:	6813      	ldr	r3, [r2, #0]
20000e5a:	2b00      	cmp	r3, #0
20000e5c:	d0fc      	beq.n	20000e58 <dcd_event_handler+0x12c>
20000e5e:	f3bf 8f5f 	dmb	sy
20000e62:	4643      	mov	r3, r8
20000e64:	4640      	mov	r0, r8
20000e66:	6199      	str	r1, [r3, #24]
20000e68:	0021      	movs	r1, r4
20000e6a:	f000 f885 	bl	20000f78 <__tu_fifo_write_veneer>
20000e6e:	4643      	mov	r3, r8
20000e70:	695a      	ldr	r2, [r3, #20]
20000e72:	699b      	ldr	r3, [r3, #24]
20000e74:	f3bf 8f5f 	dmb	sy
20000e78:	2100      	movs	r1, #0
20000e7a:	6011      	str	r1, [r2, #0]
20000e7c:	f383 8810 	msr	PRIMASK, r3
20000e80:	2800      	cmp	r0, #0
20000e82:	d131      	bne.n	20000ee8 <dcd_event_handler+0x1bc>
20000e84:	78fb      	ldrb	r3, [r7, #3]
20000e86:	07db      	lsls	r3, r3, #31
20000e88:	d400      	bmi.n	20000e8c <dcd_event_handler+0x160>
20000e8a:	e77c      	b.n	20000d86 <dcd_event_handler+0x5a>
20000e8c:	466b      	mov	r3, sp
20000e8e:	220a      	movs	r2, #10
20000e90:	2100      	movs	r1, #0
20000e92:	1d98      	adds	r0, r3, #6
20000e94:	f000 f878 	bl	20000f88 <____wrap_memset_veneer>
20000e98:	782b      	ldrb	r3, [r5, #0]
20000e9a:	ac01      	add	r4, sp, #4
20000e9c:	7023      	strb	r3, [r4, #0]
20000e9e:	2303      	movs	r3, #3
20000ea0:	7063      	strb	r3, [r4, #1]
20000ea2:	686b      	ldr	r3, [r5, #4]
20000ea4:	6063      	str	r3, [r4, #4]
20000ea6:	4b15      	ldr	r3, [pc, #84]	@ (20000efc <dcd_event_handler+0x1d0>)
20000ea8:	681d      	ldr	r5, [r3, #0]
20000eaa:	696a      	ldr	r2, [r5, #20]
20000eac:	f3ef 8110 	mrs	r1, PRIMASK
20000eb0:	b672      	cpsid	i
20000eb2:	6813      	ldr	r3, [r2, #0]
20000eb4:	2b00      	cmp	r3, #0
20000eb6:	d0fc      	beq.n	20000eb2 <dcd_event_handler+0x186>
20000eb8:	f3bf 8f5f 	dmb	sy
20000ebc:	61a9      	str	r1, [r5, #24]
20000ebe:	0028      	movs	r0, r5
20000ec0:	0021      	movs	r1, r4
20000ec2:	f000 f859 	bl	20000f78 <__tu_fifo_write_veneer>
20000ec6:	696a      	ldr	r2, [r5, #20]
20000ec8:	69ab      	ldr	r3, [r5, #24]
20000eca:	f3bf 8f5f 	dmb	sy
20000ece:	2100      	movs	r1, #0
20000ed0:	6011      	str	r1, [r2, #0]
20000ed2:	f383 8810 	msr	PRIMASK, r3
20000ed6:	2800      	cmp	r0, #0
20000ed8:	d100      	bne.n	20000edc <dcd_event_handler+0x1b0>
20000eda:	e754      	b.n	20000d86 <dcd_event_handler+0x5a>
20000edc:	0032      	movs	r2, r6
20000ede:	7861      	ldrb	r1, [r4, #1]
20000ee0:	7820      	ldrb	r0, [r4, #0]
20000ee2:	f000 f841 	bl	20000f68 <__tud_event_hook_cb_veneer>
20000ee6:	e74e      	b.n	20000d86 <dcd_event_handler+0x5a>
20000ee8:	0032      	movs	r2, r6
20000eea:	7861      	ldrb	r1, [r4, #1]
20000eec:	7820      	ldrb	r0, [r4, #0]
20000eee:	f000 f83b 	bl	20000f68 <__tud_event_hook_cb_veneer>
20000ef2:	e7c7      	b.n	20000e84 <dcd_event_handler+0x158>
20000ef4:	10006f08 	.word	0x10006f08
20000ef8:	200020c3 	.word	0x200020c3
20000efc:	20001a2c 	.word	0x20001a2c
20000f00:	200019d4 	.word	0x200019d4
20000f04:	10006f24 	.word	0x10006f24
20000f08:	200020c1 	.word	0x200020c1
20000f0c:	200016a8 	.word	0x200016a8

20000f10 <__aeabi_idiv0>:
20000f10:	4770      	bx	lr
20000f12:	46c0      	nop			@ (mov r8, r8)
20000f14:	0000      	movs	r0, r0
	...

20000f18 <__panic_veneer>:
20000f18:	b401      	push	{r0}
20000f1a:	4802      	ldr	r0, [pc, #8]	@ (20000f24 <__panic_veneer+0xc>)
20000f1c:	4684      	mov	ip, r0
20000f1e:	bc01      	pop	{r0}
20000f20:	4760      	bx	ip
20000f22:	bf00      	nop
20000f24:	10000485 	.word	0x10000485

20000f28 <__best_effort_wfe_or_timeout_veneer>:
20000f28:	b401      	push	{r0}
20000f2a:	4802      	ldr	r0, [pc, #8]	@ (20000f34 <__best_effort_wfe_or_timeout_veneer+0xc>)
20000f2c:	4684      	mov	ip, r0
20000f2e:	bc01      	pop	{r0}
20000f30:	4760      	bx	ip
20000f32:	bf00      	nop
20000f34:	10001161 	.word	0x10001161

20000f38 <____wrap___aeabi_lmul_veneer>:
20000f38:	b401      	push	{r0}
20000f3a:	4802      	ldr	r0, [pc, #8]	@ (20000f44 <____wrap___aeabi_lmul_veneer+0xc>)
20000f3c:	4684      	mov	ip, r0
20000f3e:	bc01      	pop	{r0}
20000f40:	4760      	bx	ip
20000f42:	bf00      	nop
20000f44:	10002519 	.word	0x10002519

20000f48 <__time_us_64_veneer>:
20000f48:	b401      	push	{r0}
20000f4a:	4802      	ldr	r0, [pc, #8]	@ (20000f54 <__time_us_64_veneer+0xc>)
20000f4c:	4684      	mov	ip, r0
20000f4e:	bc01      	pop	{r0}
20000f50:	4760      	bx	ip
20000f52:	bf00      	nop
20000f54:	100012b9 	.word	0x100012b9

20000f58 <__rp2040_chip_version_veneer>:
20000f58:	b401      	push	{r0}
20000f5a:	4802      	ldr	r0, [pc, #8]	@ (20000f64 <__rp2040_chip_version_veneer+0xc>)
20000f5c:	4684      	mov	ip, r0
20000f5e:	bc01      	pop	{r0}
20000f60:	4760      	bx	ip
20000f62:	bf00      	nop
20000f64:	10000479 	.word	0x10000479

20000f68 <__tud_event_hook_cb_veneer>:
20000f68:	b401      	push	{r0}
20000f6a:	4802      	ldr	r0, [pc, #8]	@ (20000f74 <__tud_event_hook_cb_veneer+0xc>)
20000f6c:	4684      	mov	ip, r0
20000f6e:	bc01      	pop	{r0}
20000f70:	4760      	bx	ip
20000f72:	bf00      	nop
20000f74:	10004c31 	.word	0x10004c31

20000f78 <__tu_fifo_write_veneer>:
20000f78:	b401      	push	{r0}
20000f7a:	4802      	ldr	r0, [pc, #8]	@ (20000f84 <__tu_fifo_write_veneer+0xc>)
20000f7c:	4684      	mov	ip, r0
20000f7e:	bc01      	pop	{r0}
20000f80:	4760      	bx	ip
20000f82:	bf00      	nop
20000f84:	100064c5 	.word	0x100064c5

20000f88 <____wrap_memset_veneer>:
20000f88:	b401      	push	{r0}
20000f8a:	4802      	ldr	r0, [pc, #8]	@ (20000f94 <____wrap_memset_veneer+0xc>)
20000f8c:	4684      	mov	ip, r0
20000f8e:	bc01      	pop	{r0}
20000f90:	4760      	bx	ip
20000f92:	bf00      	nop
20000f94:	100025ed 	.word	0x100025ed

20000f98 <striped_spin_lock_num>:
20000f98:	00000010                                ....

20000f9c <irq_handler_chain_slots>:
20000f9c:	00000000 	.word	0x00000000
20000fa0:	00010000 	.word	0x00010000
	...
20000fac:	00020000 	.word	0x00020000
	...
20000fb8:	00030000 	.word	0x00030000
	...
20000fc4:	00ff0000 	.word	0x00ff0000
20000fc8:	00000000 	.word	0x00000000

20000fcc <irq_handler_chain_first_slot>:
20000fcc:	b501      	push	{r0, lr}
20000fce:	6848      	ldr	r0, [r1, #4]
20000fd0:	3101      	adds	r1, #1
20000fd2:	468e      	mov	lr, r1
20000fd4:	4700      	bx	r0

20000fd6 <irq_handler_chain_remove_tail>:
20000fd6:	4670      	mov	r0, lr
20000fd8:	3809      	subs	r0, #9
20000fda:	4901      	ldr	r1, [pc, #4]	@ (20000fe0 <irq_handler_chain_remove_tail+0xa>)
20000fdc:	4788      	blx	r1
20000fde:	bd01      	pop	{r0, pc}
20000fe0:	100008d1 	.word	0x100008d1

20000fe4 <default_alarm_pool>:
	...
20000ff8:	20001320 00000000                        .. ....

20001000 <aeabi_bits_funcs>:
20001000:	00003350 	.word	0x00003350
20001004:	0000334c 	.word	0x0000334c
20001008:	00003354 	.word	0x00003354
2000100c:	00003352 	.word	0x00003352

20001010 <aeabi_bits_funcs_end>:
20001010:	0000534d 	.word	0x0000534d
20001014:	0000434d 	.word	0x0000434d
20001018:	00003453 	.word	0x00003453
2000101c:	00003443 	.word	0x00003443

20001020 <stdio_usb>:
20001020:	10004401 100043b1 10004321 10004299     .D...C..!C...B..
20001030:	00000000 00000100                       ........

20001038 <_usbd_qdef>:
20001038:	20001a30 000c0010 00000000 00000000     0.. ............
	...

20001054 <_usbd_rhport>:
20001054:	000000ff                                ....

20001058 <print_mutex>:
	...
